time_ms,mode,pitch_deg,roll_deg,target_pitch,target_roll,control_pitch,control_roll,motor_pitch_pos,motor_roll_pos
2271,4,3.7,-170.83,0,0,0,0,0,0
2310,4,3.7,-170.83,0,0,0,0,0,0
2348,4,3.7,-170.83,0,0,0,0,0,0
2386,4,3.7,-170.83,0,0,0,0,0,0
2423,4,3.7,-170.83,0,0,0,0,0,0
2461,4,3.7,-170.83,0,0,0,0,0,0
2500,4,3.7,-170.83,0,0,0,0,0,0
2541,4,3.7,-170.83,0,0,0,0,0,0
2580,4,3.7,-170.83,0,0,0,0,0,0
2618,4,3.7,-170.83,0,0,0,0,0,0
2655,4,3.71,-170.83,0,0,0,0,0,0
2692,4,3.71,-170.83,0,0,0,0,0,0
2731,4,3.71,-170.83,0,0,0,0,0,0
2769,4,3.71,-170.83,0,0,0,0,0,0
2806,4,3.71,-170.83,0,0,0,0,0,0
2843,4,3.71,-170.83,0,0,0,0,0,0
2882,4,3.71,-170.83,0,0,0,0,0,0
2920,4,3.71,-170.83,0,0,0,0,0,0
2957,4,3.71,-170.83,0,0,0,0,0,0
2994,4,3.71,-170.83,0,0,0,0,0,0
3033,4,3.71,-170.83,0,0,0,0,0,0
3071,4,3.71,-170.83,0,0,0,0,0,0
3108,1,3.71,-170.83,0,0,0,0,0,0
3145,4,3.71,-170.83,0,0,0,0,0,0
3183,4,3.71,-170.83,0,0,0,0,0,0
3222,4,3.71,-170.83,0,0,0,0,0,0
3259,4,3.71,-170.83,0,0,0,0,0,0
3296,4,3.71,-170.83,0,0,0,0,0,0
3334,4,3.71,-170.83,0,0,0,0,0,0
3372,4,3.71,-170.83,0,0,0,0,0,0
3409,4,3.71,-170.83,0,0,0,0,0,0
3446,4,3.71,-170.83,0,0,0,0,0,0
3484,4,3.71,-170.83,0,0,0,0,0,0
3523,4,3.71,-170.83,0,0,0,0,0,0
3560,4,3.71,-170.79,0,0,0,0,0,0
3597,4,3.72,-170.76,0,0,0,0,0,0
3635,4,3.71,-170.8,0,0,0,0,0,0
3673,4,3.71,-170.8,0,0,0,0,0,0
3710,4,3.72,-170.8,0,0,0,0,0,0
3747,4,3.71,-170.81,0,0,0,0,0,0
3785,4,3.71,-170.8,0,0,0,0,0,0
3824,4,3.71,-170.79,0,0,0,0,0,0
3861,4,3.71,-170.81,0,0,0,0,0,0
3898,4,3.71,-170.81,0,0,0,0,0,0
3936,4,3.71,-170.81,0,0,0,0,0,0
3974,4,3.71,-170.81,0,0,0,0,0,0
4011,4,3.71,-170.81,0,0,0,0,0,0
4048,4,3.71,-170.81,0,0,0,0,0,0
4086,4,3.71,-170.81,0,0,0,0,0,0
4125,4,3.71,-170.81,0,0,0,0,0,0
4162,4,3.71,-170.81,0,0,0,0,0,0
4199,4,3.71,-170.81,0,0,0,0,0,0
4237,4,3.71,-170.81,0,0,0,0,0,0
4275,4,3.71,-170.81,0,0,0,0,0,0
4312,4,3.71,-170.81,0,0,0,0,0,0
4349,4,3.71,-170.83,0,0,0,0,0,0
4387,4,3.71,-170.83,0,0,0,0,0,0
4426,4,3.71,-170.83,0,0,0,0,0,0
4463,4,3.71,-170.83,0,0,0,0,0,0
4500,4,3.71,-170.83,0,0,0,0,0,0
4548,4,3.71,-170.83,0,0,0,0,0,0
4587,4,3.71,-170.83,0,0,0,0,0,0
4625,4,3.71,-170.83,0,0,0,0,0,0
4662,4,3.71,-170.85,0,0,0,0,0,0
4699,4,3.7,-170.92,0,0,0,0,0,0
4738,4,3.7,-170.98,0,0,0,0,0,0
4771,4,3.69,-171.06,21.24,26.16,-0.37,-0.04,0.36,0.46
4805,4,3.69,-171.18,21.28,26.2,-0.37,-0.04,0.37,0.46
4840,4,3.04,-171.21,21.44,26.19,-0.31,-0.04,0.37,0.46
4873,4,1.68,-171.42,21.58,26.24,-0.18,-0.04,0.37,0.46
4907,4,-0.37,-171.61,21.62,26.26,0.02,-0.04,0.38,0.46
4942,4,-1.48,-171.55,21.6,26.21,0.12,-0.04,0.38,0.46
4976,4,-1.66,-171.49,21.5,26.22,0.14,-0.04,0.38,0.46
5009,4,-1.02,-171.41,21.47,26.23,0.08,-0.04,0.38,0.46
5044,4,-0.42,-171.44,21.44,26.24,0.02,-0.04,0.37,0.46
5078,4,0.07,-171.75,21.47,26.28,-0.03,-0.04,0.37,0.46
5111,4,0.07,-171.97,21.48,26.33,-0.03,-0.04,0.37,0.46
5146,4,-0.08,-172.13,21.48,26.34,-0.01,-0.03,0.37,0.46
5179,4,-0.15,-172.38,21.48,26.37,0,-0.03,0.37,0.46
5213,4,-0.13,-172.58,21.48,26.4,-0.01,-0.03,0.37,0.46
5247,4,-0.16,-172.63,21.47,26.41,0,-0.03,0.37,0.46
5281,4,-0.11,-172.75,21.48,26.44,-0.01,-0.03,0.37,0.46
5314,4,-0.13,-172.98,21.48,26.48,-0.01,-0.03,0.37,0.46
5348,4,-0.16,-173.31,21.48,26.52,0,-0.02,0.37,0.46
5383,4,-0.12,-173.52,21.48,26.55,-0.01,-0.02,0.37,0.46
5416,4,-0.14,-173.76,21.48,26.6,-0.01,-0.02,0.37,0.46
5450,4,-0.15,-174.11,21.48,26.64,0,-0.01,0.37,0.46
5485,4,-0.15,-174.34,21.48,26.68,-0.01,-0.01,0.37,0.47
5518,4,-0.15,-174.69,21.48,26.72,0,-0.01,0.37,0.47
5553,4,-0.19,-174.96,21.47,26.77,0,-0.01,0.37,0.47
5587,4,-0.16,-175.19,21.48,26.79,0,0,0.37,0.47
5621,4,-0.15,-175.44,21.48,26.81,0,0,0.37,0.47
5656,4,-0.18,-175.58,21.47,26.84,0,0,0.37,0.47
5689,4,-0.16,-175.67,21.48,26.84,0,0,0.37,0.47
5724,4,-0.15,-175.7,21.47,26.84,0,0,0.37,0.47
5758,4,-0.17,-175.74,21.48,26.85,0,0,0.37,0.47
5792,4,-0.16,-175.76,21.47,26.85,0,0,0.37,0.47
5827,4,-0.15,-175.76,21.48,26.85,0,0,0.37,0.47
5860,4,-0.17,-175.8,21.47,26.85,0,0,0.37,0.47
5895,4,-0.19,-175.81,21.47,26.86,0,0,0.37,0.47
5929,4,-0.16,-175.8,21.48,26.86,0,0,0.37,0.47
5962,4,-0.17,-175.82,21.48,26.86,0,0,0.37,0.47
5997,4,-0.17,-175.81,21.47,26.86,0,0,0.37,0.47
6031,4,-0.14,-175.9,21.48,26.87,-0.01,0.01,0.37,0.47
6064,4,-0.15,-175.95,21.48,26.88,0,0.01,0.37,0.47
6099,4,-0.16,-175.94,21.48,26.88,0,0.01,0.37,0.47
6132,4,-0.14,-176,21.48,26.89,-0.01,0.01,0.37,0.47
6166,4,-0.15,-176.03,21.48,26.89,-0.01,0.01,0.37,0.47
6200,4,-0.16,-176.05,21.47,26.89,0,0.01,0.37,0.47
6246,4,-0.13,-176.06,21.48,26.89,-0.01,0.01,0.37,0.47
6280,4,-0.15,-176.08,21.48,26.89,0,0.01,0.37,0.47
6313,4,-0.15,-176.07,21.48,26.89,-0.01,0.01,0.37,0.47
6348,4,-0.12,-176.07,21.48,26.9,-0.01,0.01,0.37,0.47
6382,4,-0.11,-176.11,21.49,26.89,-0.01,0.01,0.37,0.47
6415,4,-0.12,-176.11,21.48,26.9,-0.01,0.01,0.37,0.47
6450,4,-0.11,-176.11,21.48,26.9,-0.01,0.01,0.37,0.47
6483,4,-0.11,-176.14,21.48,26.91,-0.01,0.01,0.37,0.47
6517,4,-0.12,-176.15,21.48,26.91,-0.01,0.01,0.37,0.47
6551,4,-0.12,-176.16,21.48,26.91,-0.01,0.01,0.37,0.47
6584,4,-0.11,-176.16,21.49,26.9,-0.01,0.01,0.37,0.47
6618,4,-0.11,-176.16,21.48,26.91,-0.01,0.01,0.37,0.47
6651,4,-0.11,-176.16,21.48,26.91,-0.01,0.01,0.37,0.47
6685,4,-0.1,-176.17,21.49,26.91,-0.01,0.01,0.37,0.47
6718,4,-0.11,-176.18,21.48,26.91,-0.01,0.01,0.37,0.47
6752,4,-0.1,-176.18,21.48,26.91,-0.01,0.01,0.37,0.47
6786,4,-0.09,-176.2,21.49,26.91,-0.01,0.01,0.37,0.47
6820,4,-0.09,-176.2,21.48,26.91,-0.01,0.01,0.37,0.47
6854,4,-0.09,-176.2,21.49,26.91,-0.01,0.01,0.37,0.47
6889,4,-0.09,-176.2,21.49,26.92,-0.01,0.01,0.37,0.47
6922,4,-0.09,-176.2,21.49,26.91,-0.01,0.01,0.37,0.47
6956,4,-0.09,-176.2,21.48,26.92,-0.01,0.01,0.37,0.47
6990,4,-0.09,-176.21,21.48,26.91,-0.01,0.01,0.37,0.47
7024,4,-0.09,-176.21,21.48,26.91,-0.01,0.01,0.37,0.47
7059,4,-0.09,-176.21,21.49,26.92,-0.01,0.01,0.37,0.47
7093,4,-0.09,-176.21,21.48,26.92,-0.01,0.01,0.37,0.47
7163,4,-0.09,-176.21,21.48,26.92,-0.01,0.01,0.37,0.47
7196,4,-0.08,-176.21,21.48,26.92,-0.01,0.01,0.37,0.47
7231,4,-0.08,-176.21,21.49,26.92,-0.01,0.01,0.37,0.47
7265,4,-0.08,-176.21,21.49,26.92,-0.01,0.01,0.37,0.47
7309,4,-0.08,-176.21,21.48,26.92,-0.01,0.01,0.37,0.47
7343,4,-0.08,-176.21,21.48,26.93,-0.01,0.01,0.37,0.47
7377,4,-0.08,-176.21,21.49,26.92,-0.01,0.01,0.37,0.47
7453,4,-0.08,-176.25,21.49,26.92,-0.01,0.01,0.37,0.47
7487,4,-0.08,-176.25,21.48,26.93,-0.01,0.01,0.37,0.47
7520,4,-0.08,-176.25,21.48,26.92,-0.01,0.01,0.37,0.47
7554,4,-0.08,-176.25,21.49,26.93,-0.01,0.01,0.37,0.47
7600,4,-0.08,-176.25,21.48,26.93,-0.01,0.01,0.37,0.47
7643,4,-0.08,-176.25,21.49,26.93,-0.01,0.01,0.37,0.47
7677,4,-0.08,-176.25,21.48,26.93,-0.01,0.01,0.37,0.47
7744,4,-0.08,-176.25,21.48,26.93,-0.01,0.01,0.37,0.47
7778,4,-0.08,-176.25,21.49,26.93,-0.01,0.01,0.37,0.47
7813,4,-0.08,-176.25,21.48,26.94,-0.01,0.01,0.37,0.47
7846,4,-0.08,-176.25,21.48,26.93,-0.01,0.01,0.37,0.47
7890,4,-0.08,-176.25,21.48,26.94,-0.01,0.01,0.37,0.47
7925,4,-0.08,-176.26,21.49,26.94,-0.01,0.01,0.37,0.47
7958,4,-0.08,-176.26,21.48,26.94,-0.01,0.01,0.37,0.47
8035,4,-0.08,-176.26,21.48,26.94,-0.01,0.01,0.37,0.47
8068,4,-0.08,-176.27,21.48,26.94,-0.01,0.01,0.37,0.47
8103,4,-0.08,-176.27,21.48,26.94,-0.01,0.01,0.37,0.47
8137,4,-0.08,-176.27,21.48,26.95,-0.01,0.01,0.37,0.47
8181,4,-0.08,-176.27,21.48,26.95,-0.01,0.01,0.37,0.47
8215,4,-0.09,-176.28,21.48,26.95,-0.01,0.01,0.37,0.47
8249,4,-0.08,-176.31,21.48,26.95,-0.01,0.01,0.37,0.47
8326,4,-0.08,-176.37,21.48,26.96,-0.01,0.01,0.37,0.47
8359,4,-0.08,-176.37,21.48,26.96,-0.01,0.01,0.37,0.47
8394,4,-0.08,-176.37,21.48,26.96,-0.01,0.01,0.37,0.47
8470,4,-0.08,-176.41,21.49,26.97,-0.01,0.01,0.37,0.47
8505,4,-0.08,-176.42,21.49,26.97,-0.01,0.01,0.37,0.47
8538,4,-0.08,-176.43,21.49,26.97,-0.01,0.01,0.37,0.47
8572,4,-0.08,-176.43,21.48,26.98,-0.01,0.01,0.37,0.47
8617,4,-0.08,-176.43,21.48,26.98,-0.01,0.01,0.37,0.47
8650,4,-0.08,-176.44,21.48,26.98,-0.01,0.01,0.37,0.47
8684,4,-0.08,-176.47,21.48,26.99,-0.01,0.01,0.37,0.47
8718,4,-0.08,-176.53,21.48,27,-0.01,0.01,0.37,0.47
8760,4,-0.08,-176.61,21.48,27.01,-0.01,0.02,0.37,0.47
8795,4,-0.08,-176.67,21.48,27.02,-0.01,0.02,0.37,0.47
8829,4,-0.09,-176.77,21.49,27.03,-0.01,0.02,0.37,0.47
8864,4,-0.08,-176.84,21.48,27.04,-0.01,0.02,0.37,0.47
8907,4,-0.08,-176.93,21.49,27.06,-0.01,0.02,0.37,0.47
8941,4,-0.08,-177.02,21.48,27.07,-0.01,0.02,0.37,0.47
8974,4,-0.08,-177.08,21.48,27.08,-0.01,0.02,0.37,0.47
9008,4,-0.08,-177.14,21.48,27.09,-0.01,0.02,0.37,0.47
9051,4,-0.08,-177.24,21.48,27.1,-0.01,0.02,0.37,0.47
9085,4,-0.08,-177.31,21.48,27.11,-0.01,0.03,0.37,0.47
9119,4,-0.08,-177.38,21.49,27.13,-0.01,0.03,0.37,0.47
9153,4,-0.08,-177.51,21.49,27.15,-0.01,0.03,0.37,0.47
9198,4,-0.09,-177.67,21.48,27.18,-0.01,0.03,0.37,0.47
9232,4,-0.08,-177.87,21.49,27.2,-0.01,0.03,0.37,0.48
9266,4,-0.08,-178.02,21.48,27.22,-0.01,0.04,0.37,0.48
9342,4,-0.08,-178.38,21.48,27.25,-0.01,0.04,0.37,0.48
9376,4,-0.08,-178.37,21.48,27.25,-0.01,0.04,0.37,0.48
9410,4,-0.08,-178.38,21.48,27.26,-0.01,0.05,0.37,0.48
9444,4,-0.08,-178.47,21.49,27.27,-0.01,0.05,0.37,0.48
9487,4,-0.08,-178.6,21.48,27.28,-0.01,0.05,0.37,0.48
9521,4,-0.09,-178.62,21.48,27.28,-0.01,0.05,0.37,0.48
9556,4,-0.08,-178.6,21.48,27.28,-0.01,0.05,0.37,0.48
9590,4,-0.08,-178.62,21.49,27.28,-0.01,0.06,0.37,0.48
9633,4,-0.08,-178.69,21.49,27.29,-0.01,0.06,0.37,0.48
9668,4,-0.08,-178.69,21.48,27.28,-0.01,0.06,0.37,0.48
9702,4,-0.08,-178.66,21.48,27.27,-0.01,0.06,0.37,0.48
9736,4,-0.08,-178.66,21.49,27.27,-0.01,0.06,0.37,0.48
9779,4,-0.08,-178.66,21.49,27.27,-0.01,0.06,0.37,0.48
9813,4,-0.08,-178.65,21.49,27.26,-0.01,0.06,0.37,0.48
9848,4,-0.08,-178.65,21.48,27.26,-0.01,0.06,0.37,0.48
9881,4,-0.08,-178.65,21.48,27.26,-0.01,0.07,0.37,0.48
9924,4,-0.08,-178.65,21.48,27.25,-0.01,0.07,0.37,0.48
9959,4,-0.08,-178.65,21.48,27.25,-0.01,0.07,0.37,0.48
9992,4,-0.08,-178.65,21.48,27.25,-0.01,0.07,0.37,0.48
10026,4,-0.08,-178.65,21.49,27.25,-0.01,0.07,0.37,0.48
10070,4,-0.08,-178.65,21.49,27.24,-0.01,0.07,0.37,0.48
10104,4,-0.08,-178.65,21.48,27.24,-0.01,0.07,0.37,0.48
10139,4,-0.08,-178.64,21.48,27.23,-0.01,0.07,0.37,0.48
10215,4,-0.09,-178.63,21.48,27.23,-0.01,0.07,0.37,0.48
10249,4,-0.09,-178.63,21.49,27.22,-0.01,0.08,0.37,0.48
10283,4,-0.08,-178.61,21.49,27.22,-0.01,0.08,0.37,0.48
10317,4,-0.08,-178.58,21.48,27.21,-0.01,0.08,0.37,0.48
10361,4,-0.08,-178.53,21.48,27.2,-0.01,0.08,0.37,0.48
10395,4,-0.09,-178.48,21.49,27.19,-0.01,0.08,0.37,0.48
10428,4,-0.08,-178.43,21.49,27.19,-0.01,0.08,0.37,0.48
10462,4,-0.08,-178.38,21.49,27.18,-0.01,0.08,0.37,0.48
10505,4,-0.09,-178.33,21.48,27.18,-0.01,0.08,0.37,0.48
10540,4,-0.09,-178.33,21.49,27.17,-0.01,0.08,0.37,0.48
10574,4,-0.09,-178.33,21.48,27.17,-0.01,0.08,0.37,0.48
10608,4,-0.09,-178.33,21.48,27.16,-0.01,0.08,0.37,0.48
10652,4,-0.08,-178.32,21.48,27.16,-0.01,0.08,0.37,0.48
10686,4,-0.08,-178.27,21.48,27.15,-0.01,0.08,0.37,0.48
10720,4,-0.08,-178.23,21.48,27.15,-0.01,0.08,0.37,0.48
10796,4,-0.08,-178.16,21.49,27.14,-0.01,0.08,0.37,0.48
10829,4,-0.08,-178.16,21.49,27.14,-0.01,0.08,0.37,0.48
10864,4,-0.08,-178.16,21.49,27.13,-0.01,0.08,0.37,0.47
10897,4,-0.08,-178.15,21.49,27.13,-0.01,0.08,0.37,0.47
10942,4,-0.08,-178.1,21.48,27.12,-0.01,0.08,0.37,0.47
10975,4,-0.08,-178.08,21.48,27.12,-0.01,0.08,0.37,0.47
11010,4,-0.08,-178.08,21.49,27.12,-0.01,0.08,0.37,0.47
11044,4,-0.08,-178.08,21.49,27.12,-0.01,0.08,0.37,0.47
11087,4,-0.08,-178.05,21.48,27.11,-0.01,0.08,0.37,0.47
11122,4,-0.08,-178.04,21.48,27.11,-0.01,0.08,0.37,0.47
11155,4,-0.08,-178.04,21.48,27.11,-0.01,0.08,0.37,0.47
11189,4,-0.08,-178.02,21.49,27.1,-0.01,0.08,0.37,0.47
11233,4,-0.08,-178.02,21.49,27.1,-0.01,0.08,0.37,0.47
11267,4,-0.08,-178.02,21.48,27.1,-0.01,0.08,0.37,0.47
11302,4,-0.08,-178.02,21.48,27.1,-0.01,0.08,0.37,0.47
11377,4,-0.09,-177.99,21.48,27.09,-0.01,0.08,0.37,0.47
11412,4,-0.08,-177.98,21.49,27.08,-0.01,0.08,0.37,0.47
11446,4,-0.08,-177.95,21.48,27.08,-0.01,0.08,0.37,0.47
11480,4,-0.08,-177.89,21.48,27.07,-0.01,0.08,0.37,0.47
11524,4,-0.08,-177.85,21.49,27.07,-0.01,0.08,0.37,0.47
11558,4,-0.08,-177.81,21.49,27.06,-0.01,0.08,0.37,0.47
11593,4,-0.09,-177.8,21.49,27.06,-0.01,0.08,0.37,0.47
11668,4,-0.08,-177.75,21.49,27.05,-0.01,0.08,0.37,0.47
11703,4,-0.08,-177.75,21.48,27.05,-0.01,0.08,0.37,0.47
11737,4,-0.08,-177.75,21.48,27.05,-0.01,0.08,0.37,0.47
11771,4,-0.08,-177.75,21.49,27.04,-0.01,0.08,0.37,0.47
11815,4,-0.08,-177.74,21.48,27.04,-0.01,0.08,0.37,0.47
11849,4,-0.08,-177.71,21.48,27.04,-0.01,0.08,0.37,0.47
11882,4,-0.08,-177.7,21.49,27.03,-0.01,0.08,0.37,0.47
11917,4,-0.08,-177.68,21.49,27.03,-0.01,0.08,0.37,0.47
11960,4,-0.09,-177.65,21.49,27.03,-0.01,0.08,0.37,0.47
11995,4,-0.08,-177.63,21.48,27.02,-0.01,0.08,0.37,0.47
12028,4,-0.08,-177.59,21.48,27.02,-0.01,0.08,0.37,0.47
12063,4,-0.08,-177.56,21.49,27.02,-0.01,0.08,0.37,0.47
12106,4,-0.08,-177.54,21.48,27.01,-0.01,0.08,0.37,0.47
12139,4,-0.08,-177.54,21.49,27.01,-0.01,0.08,0.37,0.47
12174,4,-0.08,-177.54,21.49,27.01,-0.01,0.08,0.37,0.47
12250,4,-0.08,-177.5,21.48,27,-0.01,0.08,0.37,0.47
12284,4,-0.08,-177.49,21.48,27,-0.01,0.08,0.37,0.47
12318,4,-0.08,-177.49,21.48,27,-0.01,0.08,0.37,0.47
12352,4,-0.08,-177.49,21.48,27,-0.01,0.08,0.37,0.47
12396,4,-0.08,-177.49,21.49,27,-0.01,0.08,0.37,0.47
12430,4,-0.08,-177.49,21.49,27,-0.01,0.08,0.37,0.47
12465,4,-0.08,-177.47,21.48,26.99,-0.01,0.08,0.37,0.47
12499,4,-0.08,-177.46,21.48,26.99,-0.01,0.08,0.37,0.47
12541,4,-0.08,-177.45,21.48,26.98,-0.01,0.08,0.37,0.47
12576,4,-0.08,-177.43,21.49,26.98,-0.01,0.08,0.37,0.47
12610,4,-0.08,-177.4,21.48,26.98,-0.01,0.08,0.37,0.47
12686,4,-0.08,-177.39,21.49,26.98,-0.01,0.08,0.37,0.47
12720,4,-0.08,-177.39,21.48,26.97,-0.01,0.08,0.37,0.47
12754,4,-0.08,-177.38,21.48,26.97,-0.01,0.08,0.37,0.47
12788,4,-0.08,-177.34,21.49,26.97,-0.01,0.08,0.37,0.47
12832,4,-0.08,-177.32,21.49,26.97,-0.01,0.07,0.37,0.47
12867,4,-0.08,-177.32,21.49,26.97,-0.01,0.08,0.37,0.47
12901,4,-0.08,-177.32,21.48,26.97,-0.01,0.08,0.37,0.47
12934,4,-0.08,-177.31,21.48,26.97,-0.01,0.08,0.37,0.47
12978,4,-0.08,-177.3,21.49,26.96,-0.01,0.08,0.37,0.47
13012,4,-0.08,-177.3,21.48,26.96,-0.01,0.08,0.37,0.47
13047,4,-0.08,-177.3,21.49,26.96,-0.01,0.08,0.37,0.47
13122,4,-0.08,-177.29,21.49,26.96,-0.01,0.08,0.37,0.47
13157,4,-0.08,-177.29,21.49,26.96,-0.01,0.08,0.37,0.47
13191,4,-0.08,-177.29,21.48,26.96,-0.01,0.08,0.37,0.47
13225,4,-0.08,-177.29,21.49,26.95,-0.01,0.08,0.37,0.47
13269,4,-0.08,-177.28,21.49,26.95,-0.01,0.08,0.37,0.47
13303,4,-0.08,-177.23,21.49,26.95,-0.01,0.07,0.37,0.47
13336,4,-0.08,-177.21,21.49,26.94,-0.01,0.07,0.37,0.47
13371,4,-0.08,-177.19,21.48,26.94,-0.01,0.07,0.37,0.47
13413,4,-0.08,-177.16,21.49,26.94,-0.01,0.07,0.37,0.47
13448,4,-0.08,-177.16,21.49,26.94,-0.01,0.07,0.37,0.47
13482,4,-0.08,-177.16,21.49,26.94,-0.01,0.07,0.37,0.47
13559,4,-0.08,-177.17,21.49,26.94,-0.01,0.07,0.37,0.47
13593,4,-0.08,-177.17,21.49,26.93,-0.01,0.07,0.37,0.47
13627,4,-0.08,-177.16,21.49,26.93,-0.01,0.07,0.37,0.47
13661,4,-0.08,-177.16,21.48,26.93,-0.01,0.07,0.37,0.47
13703,4,-0.08,-177.16,21.48,26.92,-0.01,0.07,0.37,0.47
13737,4,-0.08,-177.16,21.49,26.92,-0.01,0.07,0.37,0.47
13772,4,-0.08,-177.16,21.49,26.92,-0.01,0.07,0.37,0.47
13805,4,-0.08,-177.13,21.49,26.92,-0.01,0.07,0.37,0.47
13850,4,-0.08,-177.13,21.48,26.92,-0.01,0.07,0.37,0.47
13884,4,-0.08,-177.12,21.48,26.92,-0.01,0.07,0.37,0.47
13918,4,-0.08,-177.12,21.49,26.91,-0.01,0.07,0.37,0.47
13952,4,-0.08,-177.12,21.48,26.9,-0.01,0.07,0.37,0.47
13994,4,-0.08,-177.09,21.49,26.9,-0.01,0.07,0.37,0.47
14028,4,-0.08,-177.06,21.48,26.9,-0.01,0.07,0.37,0.47
14063,4,-0.08,-177.02,21.48,26.9,-0.01,0.07,0.37,0.47
14139,4,-0.08,-177.01,21.49,26.9,-0.01,0.07,0.37,0.47
14174,4,-0.08,-177.01,21.48,26.89,-0.01,0.07,0.37,0.47
14207,4,-0.08,-177.01,21.48,26.9,-0.01,0.07,0.37,0.47
14241,4,-0.08,-177.01,21.48,26.9,-0.01,0.07,0.37,0.47
14285,4,-0.08,-177.01,21.48,26.89,-0.01,0.07,0.37,0.47
14320,4,-0.08,-177.01,21.49,26.89,-0.01,0.07,0.37,0.47
14354,4,-0.08,-177.01,21.49,26.9,-0.01,0.07,0.37,0.47
14431,4,-0.08,-177.01,21.48,26.9,-0.01,0.07,0.37,0.47
14465,4,-0.08,-177.01,21.49,26.89,-0.01,0.07,0.37,0.47
14499,4,-0.08,-177.01,21.48,26.89,-0.01,0.07,0.37,0.47
14534,4,-0.07,-176.99,21.48,26.89,-0.01,0.07,0.37,0.47
14576,4,-0.07,-176.95,21.48,26.9,-0.01,0.07,0.37,0.47
14610,4,-0.08,-176.98,21.48,26.9,-0.01,0.07,0.37,0.47
14644,4,-0.08,-177.01,21.49,26.91,-0.01,0.07,0.37,0.47
14722,4,-0.07,-177.06,21.49,26.92,-0.01,0.07,0.37,0.47
14756,4,-0.07,-177.06,21.49,26.92,-0.01,0.07,0.37,0.47
14789,4,-0.07,-177.1,21.49,26.93,-0.01,0.08,0.37,0.47
14866,4,-0.08,-177.22,21.49,26.94,-0.01,0.08,0.37,0.47
14900,4,-0.08,-177.24,21.48,26.92,-0.01,0.08,0.37,0.47
14945,4,-0.07,-177.23,21.48,26.9,-0.01,0.08,0.37,0.47
15012,4,-0.07,-177.04,21.49,26.89,-0.01,0.07,0.37,0.47
15046,4,-0.08,-176.97,21.49,26.89,-0.01,0.07,0.37,0.47
15080,4,-0.07,-176.95,21.49,26.89,-0.01,0.07,0.37,0.47
15157,4,-0.08,-176.96,21.48,26.88,-0.01,0.07,0.37,0.47
15191,4,-0.08,-176.94,21.48,26.88,-0.01,0.07,0.37,0.47
15225,4,-0.08,-176.94,21.48,26.88,-0.01,0.07,0.37,0.47
15259,4,-0.08,-176.94,21.48,26.88,-0.01,0.07,0.37,0.47
15302,4,-0.07,-176.91,21.49,26.88,-0.01,0.07,0.37,0.47
15338,4,-0.08,-176.9,21.49,26.88,-0.01,0.07,0.37,0.47
15371,4,-0.08,-176.9,21.48,26.88,-0.01,0.07,0.37,0.47
15448,4,-0.08,-176.9,21.49,26.88,-0.01,0.07,0.37,0.47
15481,4,-0.07,-176.89,21.49,26.87,-0.01,0.07,0.37,0.47
15516,4,-0.07,-176.89,21.48,26.88,-0.01,0.07,0.37,0.47
15592,4,-0.07,-176.89,21.49,26.88,-0.01,0.07,0.37,0.47
15627,4,-0.07,-176.89,21.49,26.88,-0.01,0.07,0.37,0.47
15661,4,-0.07,-176.89,21.49,26.87,-0.01,0.07,0.37,0.47
15695,4,-0.07,-176.89,21.49,26.87,-0.01,0.07,0.37,0.47
15739,4,-0.07,-176.87,21.48,26.87,-0.01,0.07,0.37,0.47
15772,4,-0.07,-176.87,21.49,26.87,-0.01,0.07,0.37,0.47
15807,4,-0.07,-176.87,21.49,26.88,-0.01,0.07,0.37,0.47
15882,4,-0.07,-176.87,21.49,26.87,-0.01,0.07,0.37,0.47
15917,4,-0.07,-176.87,21.49,26.88,-0.01,0.07,0.37,0.47
15951,4,-0.07,-176.87,21.48,26.88,-0.01,0.07,0.37,0.47
15985,4,-0.07,-176.87,21.49,26.87,-0.01,0.07,0.37,0.47
16029,4,-0.07,-176.87,21.49,26.87,-0.01,0.07,0.37,0.47
16063,4,-0.07,-176.87,21.48,26.87,-0.01,0.07,0.37,0.47
16096,4,-0.07,-176.87,21.48,26.87,-0.01,0.07,0.37,0.47
16130,4,-0.07,-176.87,21.48,26.87,-0.01,0.07,0.37,0.47
16173,4,-0.07,-176.87,21.48,26.87,-0.01,0.07,0.37,0.47
16207,4,-0.07,-176.87,21.49,26.87,-0.01,0.07,0.37,0.47
16241,4,-0.07,-176.87,21.49,26.87,-0.01,0.07,0.37,0.47
16276,4,-0.07,-176.87,21.49,26.87,-0.01,0.07,0.37,0.47
16320,4,-0.07,-176.87,21.48,26.87,-0.01,0.07,0.37,0.47
16353,4,-0.07,-176.87,21.49,26.87,-0.01,0.07,0.37,0.47
16388,4,-0.07,-176.87,21.49,26.87,-0.01,0.07,0.37,0.47
16463,4,-0.07,-176.87,21.48,26.87,-0.01,0.07,0.37,0.47
16497,4,-0.07,-176.87,21.48,26.86,-0.01,0.07,0.37,0.47
16531,4,-0.07,-176.87,21.49,26.87,-0.01,0.07,0.37,0.47
16565,4,-0.07,-176.87,21.49,26.87,-0.01,0.07,0.37,0.47
16610,4,-0.07,-176.87,21.48,26.86,-0.01,0.07,0.37,0.47
16644,4,-0.07,-176.87,21.49,26.86,-0.01,0.07,0.37,0.47
16679,4,-0.08,-176.86,21.48,26.86,-0.01,0.07,0.37,0.47
16754,4,-0.08,-176.83,21.49,26.86,-0.01,0.07,0.37,0.47
16789,4,-0.07,-176.84,21.49,26.86,-0.01,0.07,0.37,0.47
16823,4,-0.08,-176.84,21.49,26.86,-0.01,0.07,0.37,0.47
16857,4,-0.08,-176.84,21.48,26.86,-0.01,0.07,0.37,0.47
16901,4,-0.08,-176.84,21.48,26.85,-0.01,0.07,0.37,0.47
16934,4,-0.08,-176.84,21.49,26.85,-0.01,0.07,0.37,0.47
16969,4,-0.07,-176.84,21.49,26.85,-0.01,0.07,0.37,0.47
17003,4,-0.07,-176.84,21.49,26.85,-0.01,0.07,0.37,0.47
17045,4,-0.07,-176.84,21.49,26.85,-0.01,0.07,0.37,0.47
17080,4,-0.07,-176.84,21.49,26.85,-0.01,0.07,0.37,0.47
17114,4,-0.07,-176.84,21.48,26.84,-0.01,0.07,0.37,0.47
17147,4,-0.07,-176.81,21.48,26.85,-0.01,0.07,0.37,0.47
17192,4,-0.07,-176.8,21.49,26.85,-0.01,0.07,0.37,0.47
17225,4,-0.08,-176.81,21.49,26.85,-0.01,0.07,0.37,0.47
17260,4,-0.08,-176.81,21.49,26.85,-0.01,0.07,0.37,0.47
17294,4,-0.08,-176.81,21.49,26.84,-0.01,0.07,0.37,0.47
17336,4,-0.08,-176.81,21.48,26.84,-0.01,0.07,0.37,0.47
17371,4,-0.08,-176.8,21.49,26.84,-0.01,0.07,0.37,0.47
17405,4,-0.08,-176.8,21.49,26.84,-0.01,0.07,0.37,0.47
17482,4,-0.08,-176.8,21.48,26.84,-0.01,0.07,0.37,0.47
17516,4,-0.08,-176.8,21.49,26.83,-0.01,0.07,0.37,0.47
17550,4,-0.08,-176.8,21.49,26.83,-0.01,0.07,0.37,0.47
17584,4,-0.08,-176.8,21.49,26.83,-0.01,0.07,0.37,0.47
17627,4,-0.08,-176.8,21.49,26.83,-0.01,0.07,0.37,0.47
17662,4,-0.08,-176.8,21.48,26.83,-0.01,0.07,0.37,0.47
17696,4,-0.08,-176.8,21.48,26.83,-0.01,0.07,0.37,0.47
17773,4,-0.08,-176.8,21.49,26.82,-0.01,0.07,0.37,0.47
17806,4,-0.08,-176.8,21.48,26.82,-0.01,0.07,0.37,0.47
17840,4,-0.07,-176.8,21.49,26.82,-0.01,0.07,0.37,0.47
17875,4,-0.07,-176.8,21.49,26.82,-0.01,0.07,0.37,0.47
17917,4,-0.07,-176.8,21.49,26.82,-0.01,0.07,0.37,0.47
17951,4,-0.07,-176.8,21.48,26.82,-0.01,0.07,0.37,0.47
17986,4,-0.07,-176.8,21.48,26.82,-0.01,0.07,0.37,0.47
18019,4,-0.07,-176.8,21.48,26.81,-0.01,0.07,0.37,0.47
18064,4,-0.07,-176.8,21.49,26.81,-0.01,0.07,0.37,0.47
18098,4,-0.07,-176.8,21.49,26.81,-0.01,0.07,0.37,0.47
18132,4,-0.08,-176.78,21.49,26.81,-0.01,0.07,0.37,0.47
18208,4,-0.08,-176.77,21.48,26.8,-0.01,0.07,0.37,0.47
18242,4,-0.07,-176.78,21.49,26.8,-0.01,0.07,0.37,0.47
18277,4,-0.07,-176.78,21.49,26.8,-0.01,0.07,0.37,0.47
18310,4,-0.07,-176.78,21.49,26.79,-0.01,0.07,0.37,0.47
18354,4,-0.07,-176.78,21.49,26.79,-0.01,0.07,0.37,0.47
18388,4,-0.07,-176.78,21.49,26.79,-0.01,0.07,0.37,0.47
18421,4,-0.07,-176.78,21.49,26.79,-0.01,0.07,0.37,0.47
18455,4,-0.07,-176.78,21.49,26.79,-0.01,0.07,0.37,0.47
18499,4,-0.07,-176.78,21.48,26.78,-0.01,0.07,0.37,0.47
18533,4,-0.07,-176.78,21.49,26.78,-0.01,0.07,0.37,0.47
18568,4,-0.08,-176.77,21.49,26.78,-0.01,0.07,0.37,0.47
18644,4,-0.07,-176.72,21.49,26.78,-0.01,0.07,0.37,0.47
18679,4,-0.07,-176.72,21.48,26.77,-0.01,0.07,0.37,0.47
18712,4,-0.08,-176.73,21.48,26.78,-0.01,0.07,0.37,0.47
18747,4,-0.08,-176.74,21.48,26.78,-0.01,0.07,0.37,0.47
18789,4,-0.08,-176.74,21.48,26.77,-0.01,0.07,0.37,0.47
18822,4,-0.08,-176.74,21.49,26.77,-0.01,0.07,0.37,0.47
18856,4,-0.08,-176.74,21.49,26.77,-0.01,0.07,0.37,0.47
18890,4,-0.08,-176.74,21.48,26.77,-0.01,0.07,0.37,0.47
18936,4,-0.08,-176.74,21.49,26.77,-0.01,0.07,0.37,0.47
18970,4,-0.08,-176.74,21.49,26.77,-0.01,0.07,0.37,0.47
19003,4,-0.08,-176.74,21.48,26.77,-0.01,0.07,0.37,0.47
19038,4,-0.08,-176.74,21.49,26.77,-0.01,0.07,0.37,0.47
19080,4,-0.08,-176.74,21.49,26.77,-0.01,0.07,0.37,0.47
19114,4,-0.08,-176.74,21.49,26.76,-0.01,0.07,0.37,0.47
19149,4,-0.08,-176.74,21.48,26.76,-0.01,0.07,0.37,0.47
19227,4,-0.08,-176.71,21.49,26.76,-0.01,0.07,0.37,0.47
19261,4,-0.08,-176.71,21.49,26.76,-0.01,0.07,0.37,0.47
19294,4,-0.08,-176.71,21.48,26.76,-0.01,0.07,0.37,0.47
19329,4,-0.08,-176.71,21.49,26.76,-0.01,0.07,0.37,0.47
19371,4,-0.08,-176.71,21.48,26.76,-0.01,0.07,0.37,0.47
19405,4,-0.08,-176.71,21.49,26.75,-0.01,0.07,0.37,0.47
19439,4,-0.07,-176.7,21.49,26.75,-0.01,0.07,0.37,0.47
19473,4,-0.07,-176.7,21.48,26.75,-0.01,0.07,0.37,0.47
19517,4,-0.07,-176.7,21.49,26.75,-0.01,0.07,0.37,0.47
19552,4,-0.07,-176.7,21.49,26.75,-0.01,0.07,0.37,0.47
19586,4,-0.07,-176.7,21.49,26.75,-0.01,0.07,0.37,0.47
19662,4,-0.07,-176.7,21.49,26.75,-0.01,0.07,0.37,0.47
19696,4,-0.07,-176.7,21.49,26.75,-0.01,0.07,0.37,0.47
19731,4,-0.07,-176.7,21.49,26.75,-0.01,0.07,0.37,0.47
19806,4,-0.07,-176.7,21.49,26.74,-0.01,0.07,0.37,0.47
19841,4,-0.07,-176.7,21.49,26.74,-0.01,0.07,0.37,0.47
19875,4,-0.07,-176.7,21.49,26.74,-0.01,0.07,0.37,0.47
19908,4,-0.07,-176.7,21.49,26.74,-0.01,0.07,0.37,0.47
19953,4,-0.07,-176.7,21.49,26.74,-0.01,0.07,0.37,0.47
19986,4,-0.07,-176.7,21.49,26.74,-0.01,0.07,0.37,0.47
20021,4,-0.07,-176.7,21.49,26.74,-0.01,0.07,0.37,0.47
20097,4,-0.07,-176.7,21.49,26.73,-0.01,0.07,0.37,0.47
20132,4,-0.07,-176.7,21.49,26.73,-0.01,0.07,0.37,0.47
20166,4,-0.07,-176.7,21.49,26.73,-0.01,0.07,0.37,0.47
20201,4,-0.07,-176.7,21.48,26.73,-0.01,0.07,0.37,0.47
20243,4,-0.07,-176.7,21.49,26.73,-0.01,0.07,0.37,0.47
20277,4,-0.07,-176.7,21.49,26.73,-0.01,0.07,0.37,0.47
20311,4,-0.07,-176.7,21.49,26.73,-0.01,0.07,0.37,0.47
20345,4,-0.08,-176.71,21.49,26.73,-0.01,0.07,0.37,0.47
20389,4,-0.08,-176.71,21.49,26.73,-0.01,0.07,0.37,0.47
20424,4,-0.08,-176.71,21.49,26.72,-0.01,0.07,0.37,0.47
20457,4,-0.08,-176.71,21.48,26.73,-0.01,0.07,0.37,0.47
20534,4,-0.07,-176.72,21.49,26.72,-0.01,0.07,0.37,0.47
20568,4,-0.07,-176.72,21.49,26.72,-0.01,0.07,0.37,0.47
20603,4,-0.07,-176.72,21.49,26.71,-0.01,0.07,0.37,0.47
20636,4,-0.07,-176.72,21.49,26.71,-0.01,0.07,0.37,0.47
20680,4,-0.08,-176.71,21.49,26.72,-0.01,0.07,0.37,0.47
20715,4,-0.08,-176.71,21.49,26.72,-0.01,0.07,0.37,0.47
20748,4,-0.07,-176.74,21.49,26.72,-0.01,0.07,0.37,0.47
20825,4,-0.08,-176.74,21.49,26.7,-0.01,0.07,0.37,0.47
20859,4,-0.07,-176.75,21.48,26.7,-0.01,0.07,0.37,0.47
20893,4,-0.07,-176.72,21.48,26.69,-0.01,0.07,0.37,0.47
20927,4,-0.07,-176.63,21.49,26.69,-0.01,0.07,0.37,0.47
20970,4,-0.07,-176.56,21.49,26.71,-0.01,0.06,0.37,0.47
21004,4,-0.07,-176.55,21.49,26.72,-0.01,0.06,0.37,0.47
21038,4,-0.07,-176.63,21.48,26.74,-0.01,0.07,0.37,0.47
21072,4,-0.07,-176.75,21.49,26.73,-0.01,0.08,0.37,0.47
21116,4,-0.07,-176.81,21.49,26.72,-0.01,0.08,0.37,0.47
21149,4,-0.07,-176.76,21.49,26.71,-0.01,0.08,0.37,0.47
21184,4,-0.07,-176.63,21.48,26.7,-0.01,0.07,0.37,0.47
21259,4,-0.07,-176.48,21.49,26.71,-0.01,0.06,0.37,0.47
21294,4,-0.06,-176.48,21.49,26.71,-0.01,0.06,0.37,0.47
21327,4,-0.06,-176.51,21.49,26.72,-0.01,0.06,0.37,0.47
21361,4,-0.06,-176.57,21.49,26.72,-0.01,0.07,0.37,0.47
21406,4,-0.06,-176.54,21.49,26.72,-0.01,0.06,0.37,0.47
21440,4,-0.06,-176.48,21.49,26.73,-0.01,0.06,0.37,0.47
21475,4,-0.06,-176.46,21.49,26.74,-0.01,0.06,0.37,0.47
21550,4,-0.06,-176.64,21.49,26.73,-0.01,0.07,0.37,0.47
21585,4,-0.06,-176.57,21.49,26.73,-0.01,0.07,0.37,0.47
21618,4,-0.06,-176.44,21.49,26.73,-0.01,0.06,0.37,0.47
21652,4,-0.05,-176.43,21.49,26.74,-0.01,0.06,0.37,0.47
21697,4,-0.05,-176.48,21.49,26.74,-0.01,0.06,0.37,0.47
21730,4,-0.05,-176.54,21.49,26.74,-0.01,0.06,0.37,0.47
21764,4,-0.05,-176.5,21.48,26.73,-0.01,0.06,0.37,0.47
21798,4,-0.06,-176.45,21.49,26.73,-0.01,0.06,0.37,0.47
21840,4,-0.05,-176.43,21.49,26.74,-0.01,0.06,0.37,0.47
21875,4,-0.06,-176.41,21.49,26.75,-0.01,0.06,0.37,0.47
21909,4,-0.05,-176.44,21.49,26.76,-0.01,0.06,0.37,0.47
21943,4,-0.05,-176.56,21.49,26.76,-0.01,0.07,0.37,0.47
21988,4,-0.05,-176.62,21.49,26.75,-0.01,0.07,0.37,0.47
22021,4,-0.05,-176.54,21.49,26.75,-0.01,0.06,0.37,0.47
22056,4,-0.06,-176.45,21.49,26.74,-0.01,0.06,0.37,0.47
22131,4,-0.06,-176.45,21.49,26.75,-0.01,0.06,0.37,0.47
22165,4,-0.05,-176.44,21.49,26.76,-0.01,0.06,0.37,0.47
22200,4,-0.06,-176.45,21.49,26.77,-0.01,0.06,0.37,0.47
22277,4,-0.05,-176.64,21.49,26.76,-0.01,0.07,0.37,0.47
22311,4,-0.05,-176.6,21.49,26.75,-0.01,0.07,0.37,0.47
22346,4,-0.05,-176.51,21.49,26.75,-0.01,0.06,0.37,0.47
22380,4,-0.06,-176.49,21.48,26.75,-0.01,0.06,0.37,0.47
22423,4,-0.05,-176.59,21.49,26.75,-0.01,0.07,0.37,0.47
22457,4,-0.05,-176.58,21.49,26.75,-0.01,0.07,0.37,0.47
22491,4,-0.05,-176.54,21.49,26.75,-0.01,0.06,0.37,0.47
22525,4,-0.05,-176.54,21.49,26.74,-0.01,0.06,0.37,0.47
22567,4,-0.05,-176.54,21.49,26.74,-0.01,0.06,0.37,0.47
22601,4,-0.05,-176.54,21.49,26.74,-0.01,0.06,0.37,0.47
22635,4,-0.06,-176.53,21.49,26.74,-0.01,0.06,0.37,0.47
22670,4,-0.05,-176.52,21.49,26.74,-0.01,0.06,0.37,0.47
22713,4,-0.06,-176.56,21.49,26.74,-0.01,0.07,0.37,0.47
22748,4,-0.06,-176.56,21.49,26.72,-0.01,0.07,0.37,0.47
22782,4,-0.05,-176.54,21.49,26.72,-0.01,0.07,0.37,0.47
22815,4,-0.05,-176.5,21.49,26.72,-0.01,0.06,0.37,0.47
22859,4,-0.06,-176.49,21.49,26.72,-0.01,0.06,0.37,0.47
22893,4,-0.05,-176.53,21.49,26.73,-0.01,0.06,0.37,0.47
22928,4,-0.05,-176.57,21.49,26.73,-0.01,0.07,0.37,0.47
22962,4,-0.05,-176.57,21.49,26.72,-0.01,0.07,0.37,0.47
23004,4,-0.06,-176.56,21.48,26.72,-0.01,0.07,0.37,0.47
23039,4,-0.06,-176.56,21.49,26.72,-0.01,0.07,0.37,0.47
23073,4,-0.05,-176.6,21.49,26.72,-0.01,0.07,0.37,0.47
23150,4,-0.05,-176.57,21.49,26.71,-0.01,0.07,0.37,0.47
23184,4,-0.05,-176.57,21.49,26.71,-0.01,0.07,0.37,0.47
23217,4,-0.05,-176.57,21.49,26.72,-0.01,0.07,0.37,0.47
23252,4,-0.05,-176.57,21.49,26.72,-0.01,0.07,0.37,0.47
23295,4,-0.05,-176.57,21.49,26.72,-0.01,0.07,0.37,0.47
23329,4,-0.05,-176.59,21.49,26.72,-0.01,0.07,0.37,0.47
23364,4,-0.05,-176.61,21.49,26.71,-0.01,0.07,0.37,0.47
23398,4,-0.06,-176.6,21.49,26.71,-0.01,0.07,0.37,0.47
23441,4,-0.05,-176.58,21.49,26.71,-0.01,0.07,0.37,0.47
23475,4,-0.05,-176.58,21.49,26.71,-0.01,0.07,0.37,0.47
23510,4,-0.05,-176.58,21.48,26.71,-0.01,0.07,0.37,0.47
23585,4,-0.05,-176.58,21.49,26.71,-0.01,0.07,0.37,0.47
23619,4,-0.05,-176.58,21.49,26.71,-0.01,0.07,0.37,0.47
23654,4,-0.06,-176.53,21.48,26.71,-0.01,0.07,0.37,0.47
23687,4,-0.05,-176.5,21.49,26.71,-0.01,0.06,0.37,0.47
23733,4,-0.07,-176.47,21.49,26.71,-0.01,0.06,0.37,0.47
23766,4,-0.1,-176.37,21.49,26.71,-0.01,0.06,0.37,0.47
23801,4,-0.09,-176.33,21.49,26.71,-0.01,0.05,0.37,0.47
23876,4,-0.09,-176.52,21.49,26.71,-0.01,0.07,0.37,0.47
23911,4,-0.06,-176.52,21.49,26.71,-0.01,0.07,0.37,0.47
23945,4,-0.07,-176.52,21.49,26.71,-0.01,0.07,0.37,0.47
23979,4,-0.04,-176.54,21.49,26.71,-0.02,0.07,0.37,0.47
24022,4,-0.01,-176.59,21.5,26.72,-0.02,0.07,0.37,0.47
24056,4,-0.04,-176.52,21.49,26.71,-0.02,0.07,0.37,0.47
24089,4,-0.07,-176.41,21.49,26.72,-0.01,0.06,0.37,0.47
24123,4,-0.13,-176.44,21.49,26.73,-0.01,0.06,0.37,0.47
24167,4,-0.52,-176.6,21.45,26.73,0.03,0.07,0.37,0.47
24202,4,-0.77,-176.64,21.42,26.72,0.05,0.07,0.37,0.47
24236,4,-1.07,-176.6,21.4,26.72,0.08,0.07,0.37,0.47
24269,4,-1.39,-176.57,21.35,26.72,0.12,0.07,0.37,0.47
24314,4,-1.68,-176.57,21.3,26.72,0.14,0.07,0.37,0.47
24347,4,-1.87,-176.57,21.24,26.71,0.16,0.07,0.37,0.47
24381,4,-1.91,-176.54,21.17,26.71,0.17,0.07,0.37,0.47
24416,4,-1.85,-176.48,21.09,26.71,0.16,0.06,0.37,0.47
24457,4,-1.6,-176.41,21,26.72,0.14,0.06,0.37,0.47
24491,4,-1.42,-176.42,20.94,26.73,0.12,0.06,0.37,0.47
24525,4,-1.3,-176.49,20.88,26.73,0.11,0.06,0.37,0.47
24558,4,-1.25,-176.51,20.84,26.73,0.1,0.07,0.37,0.47
24604,4,-1.22,-176.48,20.8,26.73,0.1,0.06,0.36,0.47
24637,4,-1.27,-176.45,20.77,26.74,0.1,0.06,0.36,0.47
24671,4,-1.36,-176.51,20.74,26.74,0.11,0.07,0.36,0.47
24748,4,-1.42,-176.44,20.67,26.74,0.12,0.06,0.36,0.47
24781,4,-1.47,-176.41,20.65,26.77,0.12,0.06,0.36,0.47
24816,4,-1.5,-176.39,20.6,26.76,0.13,0.06,0.36,0.47
24892,4,-1.17,-176.02,20.5,26.71,0.09,0.04,0.36,0.47
24926,4,-1.16,-176.41,20.49,26.76,0.09,0.06,0.36,0.47
24959,4,-1.25,-177.11,20.47,26.78,0.1,0.1,0.36,0.47
24994,4,-1.27,-177.16,20.45,26.75,0.1,0.11,0.36,0.47
25037,4,-1.15,-176.52,20.41,26.68,0.09,0.07,0.36,0.47
25070,4,-0.93,-175.62,20.35,26.59,0.07,0.01,0.36,0.46
25105,4,-0.77,-175.34,20.31,26.66,0.06,-0.01,0.36,0.47
25139,4,-0.83,-175.68,20.31,26.79,0.06,0.02,0.36,0.47
25182,4,-1.1,-176.3,20.25,26.73,0.09,0.05,0.35,0.47
25217,4,-1.25,-176.43,20.22,26.74,0.1,0.06,0.35,0.47
25250,4,-1.54,-176.84,20.19,26.81,0.13,0.09,0.35,0.47
25284,4,-1.67,-176.83,20.11,26.73,0.14,0.09,0.35,0.47
25328,4,-1.5,-176.16,20.02,26.63,0.13,0.05,0.35,0.47
25361,4,-1.22,-176.1,20,26.76,0.1,0.04,0.35,0.47
25396,4,-1.1,-176.31,19.94,26.75,0.09,0.05,0.35,0.47
25430,4,-0.89,-176.09,19.88,26.66,0.07,0.04,0.35,0.47
25474,4,-0.67,-176.23,19.88,26.78,0.05,0.05,0.35,0.47
25508,4,-0.85,-176.47,19.86,26.79,0.06,0.06,0.35,0.47
25542,4,-0.92,-176.03,19.82,26.73,0.07,0.04,0.35,0.47
25575,4,-0.99,-175.66,19.81,26.74,0.08,0.01,0.35,0.47
25620,4,-1.19,-175.54,19.79,26.79,0.1,0.01,0.35,0.47
25654,4,-1.26,-175.5,19.78,26.8,0.1,0,0.35,0.47
25687,4,-1.27,-175.39,19.76,26.8,0.1,0,0.35,0.47
25721,4,-1.23,-175.28,19.73,26.78,0.1,-0.01,0.35,0.47
25765,4,-0.99,-175.54,19.74,26.84,0.08,0.01,0.35,0.47
25800,4,-0.84,-175.93,19.75,26.88,0.06,0.03,0.35,0.47
25846,4,-0.48,-176.19,19.77,26.78,0.03,0.05,0.35,0.47
25911,4,0.04,-176.76,19.82,26.8,-0.02,0.08,0.35,0.47
25944,4,0.69,-177.06,19.89,26.77,-0.09,0.1,0.35,0.47
25978,4,1.15,-177.17,19.95,26.75,-0.13,0.11,0.35,0.47
26012,4,1.64,-177.06,20.03,26.73,-0.18,0.1,0.35,0.47
26054,4,2.26,-176.32,20.16,26.66,-0.24,0.06,0.35,0.47
26088,4,2.4,-176.06,20.3,26.68,-0.26,0.04,0.35,0.47
26122,4,2.17,-176.08,20.46,26.7,-0.23,0.04,0.35,0.47
26157,4,1.43,-176.35,20.57,26.7,-0.16,0.06,0.36,0.47
26200,4,0.53,-176.78,20.68,26.72,-0.07,0.08,0.36,0.47
26242,4,-0.07,-176.78,20.72,26.68,-0.01,0.08,0.36,0.47
26276,4,-0.16,-176.48,20.73,26.68,0,0.07,0.36,0.47
26344,4,0.34,-176.35,20.78,26.7,-0.05,0.06,0.36,0.47
26377,4,0.55,-176.17,20.8,26.71,-0.07,0.05,0.36,0.47
26412,4,0.79,-176.03,20.84,26.74,-0.1,0.04,0.36,0.47
26446,4,1.11,-175.9,20.88,26.75,-0.13,0.03,0.36,0.47
26490,4,1.35,-175.78,20.95,26.76,-0.15,0.02,0.36,0.47
26524,4,1.43,-175.71,21.02,26.77,-0.16,0.02,0.36,0.47
26558,4,1.4,-175.71,21.11,26.79,-0.16,0.02,0.37,0.47
26592,4,1.28,-175.75,21.2,26.86,-0.15,0.02,0.37,0.47
26634,4,0.89,-175.44,21.3,26.89,-0.11,0,0.37,0.47
26669,4,0.68,-175.08,21.36,26.87,-0.09,-0.02,0.37,0.47
26703,4,0.49,-174.81,21.42,26.91,-0.07,-0.04,0.37,0.47
26737,4,0.39,-174.77,21.45,26.95,-0.06,-0.04,0.37,0.47
26780,4,0.47,-174.67,21.46,27.01,-0.07,-0.05,0.37,0.47
26814,4,0.35,-174.57,21.48,26.99,-0.05,-0.06,0.37,0.47
26848,4,0.13,-174.65,21.48,27,-0.03,-0.05,0.37,0.47
26882,4,0,-175.27,21.47,27.09,-0.02,-0.01,0.37,0.47
26925,4,-0.07,-176.28,21.49,27.2,-0.01,0.05,0.37,0.48
26959,4,-0.06,-176.14,21.48,27.08,-0.01,0.04,0.37,0.47
26993,4,-0.07,-175.94,21.48,27.06,-0.01,0.03,0.37,0.47
27027,4,-0.15,-176.16,21.49,27.16,0,0.05,0.37,0.47
27072,4,-0.13,-175.99,21.49,27.13,-0.01,0.03,0.37,0.47
27106,4,-0.08,-175.58,21.49,27.08,-0.01,0.01,0.37,0.47
27139,4,-0.12,-175.57,21.5,27.14,-0.01,0.01,0.38,0.47
27174,4,-0.21,-175.8,21.5,27.24,0,0.02,0.38,0.48
27216,4,-0.11,-175.52,21.51,27.15,-0.01,0,0.38,0.47
27250,4,-0.07,-175.48,21.52,27.19,-0.01,0,0.38,0.47
27284,4,0.03,-175.77,21.54,27.27,-0.02,0.02,0.38,0.48
27317,4,0.33,-175.87,21.58,27.2,-0.05,0.03,0.38,0.48
27362,4,0.7,-175.95,21.64,27.24,-0.09,0.03,0.38,0.48
27396,4,1.06,-176.28,21.7,27.29,-0.13,0.05,0.38,0.48
27429,4,1.51,-176.44,21.8,27.24,-0.17,0.06,0.38,0.48
27506,4,1.69,-176.51,22,27.27,-0.19,0.07,0.38,0.48
27540,4,1.86,-175.71,22.1,27.23,-0.21,0.02,0.38,0.48
27574,4,1.8,-175.07,22.23,27.3,-0.2,-0.02,0.38,0.48
27651,4,0.5,-174.06,22.43,27.34,-0.07,-0.09,0.39,0.48
27684,4,0.27,-174.25,22.47,27.48,-0.05,-0.08,0.39,0.48
27718,4,0.35,-174.85,22.52,27.56,-0.06,-0.04,0.39,0.48
27752,4,0.5,-175.29,22.56,27.59,-0.07,-0.01,0.39,0.48
27796,4,0.71,-175.8,22.62,27.68,-0.09,0.02,0.39,0.48
27830,4,0.91,-175.95,22.68,27.69,-0.11,0.03,0.39,0.48
27865,4,0.97,-175.65,22.75,27.69,-0.12,0.01,0.39,0.48
27898,4,0.84,-175.29,22.8,27.73,-0.1,-0.01,0.4,0.48
27941,4,0.5,-175.02,22.87,27.8,-0.07,-0.03,0.4,0.48
27976,4,0.2,-174.86,22.89,27.86,-0.04,-0.04,0.4,0.49
28009,4,-0.07,-174.62,22.9,27.95,-0.01,-0.05,0.4,0.49
28043,4,-0.13,-174.47,22.89,28.01,-0.01,-0.06,0.4,0.49
28086,4,-0.12,-174.4,22.88,28.09,-0.01,-0.07,0.4,0.49
28120,4,-0.23,-174.62,22.88,28.22,0,-0.05,0.4,0.49
28154,4,-0.29,-174.72,22.87,28.26,0.01,-0.05,0.4,0.49
28188,4,-0.35,-174.54,22.86,28.22,0.02,-0.06,0.4,0.49
28232,4,-0.52,-174.41,22.85,28.3,0.03,-0.07,0.4,0.49
28267,4,-0.61,-174.64,22.84,28.36,0.04,-0.05,0.4,0.49
28300,4,-0.73,-174.71,22.82,28.34,0.05,-0.05,0.4,0.49
28378,4,-0.73,-174.93,22.77,28.28,0.05,-0.03,0.4,0.49
28412,4,-1,-176.26,22.75,28.35,0.08,0.05,0.4,0.5
28446,4,-1.3,-177.37,22.71,28.28,0.11,0.12,0.4,0.5
28522,4,-1.52,-178.3,22.6,28.07,0.13,0.18,0.4,0.49
28557,4,-1.73,-179.39,22.56,28.05,0.16,0.26,0.4,0.49
28590,4,-2.01,179.85,22.48,27.85,0.18,0.31,0.4,0.49
28625,4,-2.02,-179.53,22.39,27.58,0.18,0.27,0.39,0.49
28668,4,-1.72,-177.94,22.27,27.29,0.15,0.17,0.39,0.48
28701,4,-1.27,-176.84,22.21,27.23,0.11,0.09,0.39,0.48
28735,4,-1,-176.68,22.15,27.22,0.08,0.08,0.39,0.48
28770,4,-0.83,-176.65,22.1,27.14,0.06,0.08,0.39,0.48
28811,4,-0.7,-177.06,22.06,27.07,0.05,0.11,0.39,0.47
28845,4,-0.89,-177.87,22.06,27.17,0.07,0.16,0.39,0.48
28880,4,-1.12,-178.28,22.01,26.97,0.09,0.19,0.39,0.47
28913,4,-1.13,-177.47,21.98,26.84,0.09,0.14,0.39,0.47
28959,4,-1.26,-177.11,21.95,26.83,0.11,0.11,0.39,0.47
28992,4,-1.34,-176.19,21.9,26.71,0.12,0.05,0.38,0.47
29027,4,-1.29,-175.44,21.84,26.65,0.11,0,0.38,0.47
29102,4,-1.22,-175.83,21.76,26.67,0.1,0.03,0.38,0.47
29136,4,-1.25,-175.81,21.73,26.64,0.11,0.03,0.38,0.47
29171,4,-1.32,-176.03,21.71,26.69,0.11,0.04,0.38,0.47
29204,4,-1.35,-176.56,21.69,26.65,0.12,0.08,0.38,0.47
29248,4,-1.2,-177.25,21.7,26.71,0.1,0.12,0.38,0.47
29282,4,-0.84,-177.26,21.69,26.56,0.07,0.12,0.38,0.47
29316,4,-0.31,-176.55,21.66,26.4,0.01,0.08,0.38,0.46
29350,4,0.2,-176.07,21.68,26.55,-0.04,0.04,0.38,0.46
29393,4,0.25,-176.38,21.67,26.58,-0.05,0.06,0.38,0.47
29428,4,0.12,-175.78,21.66,26.46,-0.03,0.02,0.38,0.46
29462,4,-0.24,-175.35,21.64,26.55,0,-0.01,0.38,0.46
29495,4,-0.88,-175.52,21.6,26.68,0.07,0.01,0.38,0.47
29539,4,-1.17,-175.49,21.58,26.68,0.1,0,0.38,0.47
29573,4,-1.21,-175.01,21.55,26.64,0.1,-0.03,0.38,0.46
29607,4,-0.88,-174.95,21.5,26.64,0.07,-0.03,0.38,0.46
29640,4,-0.47,-175.26,21.49,26.72,0.03,-0.01,0.38,0.47
29683,4,-0.19,-176.09,21.51,26.73,0,0.04,0.38,0.47
29718,4,-0.17,-176.58,21.51,26.7,0,0.08,0.38,0.47
29753,4,-0.12,-177.03,21.53,26.68,-0.01,0.11,0.38,0.47
29830,4,-0.29,-176.57,21.52,26.56,0.01,0.08,0.38,0.46
29863,4,-0.22,-176.01,21.53,26.45,0,0.04,0.38,0.46
29897,4,-0.33,-176.03,21.52,26.54,0.01,0.04,0.38,0.46
29974,4,-0.26,-176.34,21.53,26.52,0.01,0.06,0.38,0.46
30008,4,-0.29,-176.8,21.53,26.52,0.01,0.09,0.38,0.46
30041,4,-0.38,-177.04,21.53,26.54,0.02,0.11,0.38,0.47
30075,4,-0.4,-176.71,21.52,26.5,0.02,0.09,0.38,0.46
30119,4,-0.29,-175.93,21.52,26.4,0.01,0.03,0.38,0.46
30152,4,-0.4,-175.81,21.52,26.45,0.02,0.03,0.38,0.46
30186,4,-0.37,-176.09,21.52,26.48,0.02,0.05,0.38,0.46
30221,4,-0.3,-176.28,21.53,26.45,0.01,0.06,0.38,0.46
30264,4,-0.42,-176.5,21.52,26.44,0.02,0.07,0.38,0.46
30298,4,-0.37,-176.87,21.52,26.41,0.02,0.1,0.38,0.46
30333,4,-0.35,-177,21.52,26.33,0.02,0.11,0.38,0.46
30409,4,-0.38,-177.33,21.52,26.25,0.02,0.13,0.38,0.46
30443,4,-0.38,-177.33,21.52,26.12,0.02,0.13,0.38,0.46
30476,4,-0.45,-177.55,21.52,26.07,0.03,0.15,0.38,0.46
30511,4,-0.4,-177.5,21.52,26,0.02,0.14,0.38,0.46
30554,4,-0.36,-176.81,21.52,25.78,0.02,0.1,0.38,0.45
30587,4,-0.38,-176.47,21.52,25.73,0.02,0.07,0.38,0.45
30622,4,-0.41,-176.76,21.53,25.73,0.02,0.09,0.38,0.45
30656,4,-0.33,-177.1,21.52,25.64,0.01,0.12,0.38,0.45
30699,4,-0.41,-177.59,21.52,25.6,0.02,0.15,0.38,0.45
30734,4,-0.41,-177.99,21.52,25.57,0.02,0.18,0.38,0.45
30768,4,-0.35,-177.76,21.52,25.45,0.02,0.16,0.38,0.45
30801,4,-0.37,-177.32,21.52,25.36,0.02,0.13,0.38,0.44
30844,4,-0.37,-176.71,21.52,25.31,0.02,0.09,0.38,0.44
30878,4,-0.32,-176.1,21.53,25.26,0.01,0.05,0.38,0.44
30912,4,-0.25,-175.87,21.54,25.25,0,0.03,0.38,0.44
30946,4,-0.13,-175.98,21.55,25.28,-0.01,0.04,0.38,0.44
30989,4,0.2,-176.66,21.59,25.25,-0.04,0.09,0.38,0.44
31024,4,0.33,-177.11,21.62,25.21,-0.05,0.12,0.38,0.44
31057,4,0.63,-177.64,21.66,25.17,-0.09,0.16,0.38,0.44
31091,4,0.92,-177.87,21.72,25.09,-0.11,0.17,0.38,0.44
31135,4,1.15,-177.84,21.82,25,-0.14,0.17,0.38,0.44
31168,4,1.28,-177.83,21.9,24.96,-0.15,0.17,0.38,0.44
31202,4,1.3,-177.65,22,24.86,-0.15,0.16,0.38,0.44
31237,4,1.16,-177.37,22.08,24.78,-0.14,0.14,0.38,0.43
31278,4,0.74,-177.03,22.16,24.74,-0.1,0.12,0.39,0.43
31313,4,0.37,-176.87,22.22,24.72,-0.06,0.1,0.39,0.43
31347,4,0.05,-176.76,22.26,24.7,-0.03,0.1,0.39,0.43
31381,4,-0.18,-176.7,22.26,24.69,0,0.09,0.39,0.43
31426,4,-0.2,-176.83,22.26,24.68,0,0.1,0.39,0.43
31459,4,-0.05,-176.76,22.27,24.66,-0.02,0.1,0.39,0.43
31493,4,-0.16,-176.73,22.26,24.65,0,0.09,0.39,0.43
31528,4,-0.28,-176.71,22.25,24.61,0.01,0.09,0.39,0.43
31569,4,-0.68,-176.88,22.21,24.59,0.05,0.11,0.39,0.43
31603,4,-0.97,-177.1,22.18,24.57,0.08,0.12,0.39,0.43
31638,4,-1.23,-177.21,22.14,24.53,0.11,0.13,0.39,0.43
31671,4,-1.6,-177.26,22.1,24.49,0.14,0.13,0.39,0.43
31717,4,-1.8,-177.43,22.05,24.47,0.17,0.15,0.39,0.43
31750,4,-1.82,-177.56,22.01,24.44,0.17,0.16,0.39,0.43
31785,4,-1.62,-177.37,21.95,24.36,0.15,0.14,0.39,0.43
31860,4,-0.57,-177.07,21.92,24.29,0.04,0.12,0.38,0.43
31893,4,-0.42,-177.5,21.93,24.3,0.02,0.15,0.38,0.43
31928,4,-0.41,-177.77,21.93,24.2,0.02,0.17,0.38,0.43
31962,4,-0.48,-177.85,21.92,24.13,0.03,0.18,0.38,0.42
32006,4,-0.45,-178.03,21.92,24.14,0.03,0.19,0.38,0.42
32040,4,-0.55,-177.61,21.91,24.07,0.04,0.16,0.38,0.42
32074,4,-0.75,-176.44,21.89,24.06,0.06,0.07,0.38,0.42
32108,4,-0.99,-175.46,21.85,24.07,0.08,0,0.38,0.42
32150,4,-1.49,-174.31,21.76,24.15,0.13,-0.08,0.38,0.42
32185,4,-1.84,-174.21,21.7,24.27,0.17,-0.09,0.38,0.42
32220,4,-2.2,-174.5,21.61,24.38,0.21,-0.07,0.38,0.42
32295,4,-2.18,-176.36,21.42,24.48,0.2,0.07,0.38,0.43
32330,4,-2.04,-176.92,21.36,24.5,0.19,0.11,0.38,0.43
32364,4,-1.7,-176.84,21.24,24.44,0.16,0.11,0.37,0.43
32397,4,-1.16,-176.62,21.14,24.41,0.1,0.09,0.37,0.43
32441,4,-0.44,-176.53,21.08,24.46,0.03,0.08,0.37,0.43
32475,4,-0.13,-176.24,21.05,24.43,-0.01,0.06,0.37,0.43
32508,4,-0.19,-175.94,21.03,24.47,0,0.04,0.37,0.43
32542,4,-0.76,-175.78,20.98,24.51,0.06,0.03,0.37,0.43
32585,4,-1.39,-175.65,20.91,24.55,0.12,0.02,0.37,0.43
32619,4,-1.74,-175.54,20.87,24.58,0.16,0.01,0.37,0.43
32653,4,-2.1,-175.34,20.8,24.63,0.2,-0.01,0.37,0.43
32688,4,-2.09,-175.26,20.7,24.66,0.2,-0.01,0.36,0.43
32732,4,-1.69,-175.25,20.58,24.75,0.16,-0.01,0.36,0.43
32765,4,-0.96,-175.25,20.54,24.81,0.08,-0.01,0.36,0.43
32799,4,-0.42,-175.02,20.5,24.84,0.02,-0.03,0.36,0.43
32832,4,0.07,-174.6,20.5,24.88,-0.03,-0.06,0.36,0.43
32876,4,0.12,-174.55,20.51,25.01,-0.03,-0.07,0.36,0.44
32909,4,-0.17,-174.61,20.51,25.09,0,-0.06,0.36,0.44
32943,4,-0.39,-174.58,20.48,25.17,0.02,-0.06,0.36,0.44
32977,4,-0.5,-174.76,20.47,25.24,0.03,-0.05,0.36,0.44
33022,4,-0.78,-175.12,20.44,25.37,0.06,-0.02,0.36,0.44
33056,4,-0.94,-175.43,20.42,25.42,0.08,0,0.36,0.44
33091,4,-1.01,-175.45,20.42,25.44,0.08,0,0.36,0.44
33167,4,-0.55,-174.75,20.45,25.49,0.04,-0.05,0.36,0.44
33200,4,-0.18,-174.68,20.49,25.55,0,-0.06,0.36,0.44
33245,4,0.58,-174.56,20.57,25.57,-0.08,-0.07,0.36,0.45
33311,4,1.33,-174.93,20.67,25.67,-0.16,-0.04,0.36,0.45
33345,4,1.83,-174.78,20.74,25.69,-0.21,-0.05,0.36,0.45
33380,4,1.92,-174.57,20.83,25.75,-0.22,-0.07,0.36,0.45
33414,4,1.66,-174.38,20.95,25.82,-0.2,-0.08,0.36,0.45
33456,4,0.71,-174.24,21.05,25.91,-0.1,-0.09,0.37,0.45
33491,4,0.14,-174.14,21.13,25.96,-0.04,-0.1,0.37,0.45
33525,4,-0.35,-174.21,21.16,26.03,0.02,-0.09,0.37,0.45
33558,4,-0.43,-174.54,21.17,26.13,0.02,-0.07,0.37,0.45
33601,4,-0.09,-174.87,21.19,26.17,-0.01,-0.04,0.37,0.46
33635,4,0.14,-174.91,21.21,26.18,-0.04,-0.04,0.37,0.46
33669,4,0.29,-174.91,21.23,26.18,-0.05,-0.04,0.37,0.46
33702,4,0.46,-174.88,21.27,26.18,-0.07,-0.04,0.37,0.46
33746,4,0.6,-174.86,21.32,26.25,-0.08,-0.04,0.37,0.46
33780,4,0.68,-174.7,21.34,26.18,-0.09,-0.06,0.37,0.46
33814,4,0.76,-174.71,21.37,26.2,-0.1,-0.06,0.37,0.46
33847,4,0.64,-175.56,21.43,26.31,-0.09,0.01,0.37,0.46
33893,4,0.43,-176.09,21.47,26.33,-0.07,0.05,0.37,0.46
33926,4,0.34,-175.77,21.48,26.21,-0.06,0.03,0.37,0.46
33960,4,0.23,-175.61,21.49,26.2,-0.05,0.01,0.37,0.46
33994,4,0.16,-175.69,21.49,26.24,-0.04,0.02,0.37,0.46
34037,4,0.16,-175.45,21.51,26.27,-0.04,0,0.37,0.46
34072,4,0.05,-175.04,21.52,26.23,-0.03,-0.03,0.38,0.46
34106,4,-0.02,-174.77,21.51,26.19,-0.02,-0.05,0.38,0.46
34139,4,-0.06,-175.2,21.51,26.23,-0.02,-0.02,0.38,0.46
34184,4,-0.18,-175.98,21.52,26.35,0,0.04,0.38,0.46
34218,4,-0.17,-175.85,21.52,26.34,0,0.03,0.38,0.46
34251,4,-0.17,-175.58,21.51,26.19,0,0.01,0.38,0.46
34286,4,-0.17,-175.49,21.52,26.23,0,0,0.38,0.46
34328,4,-0.28,-176.1,21.52,26.37,0.01,0.05,0.38,0.46
34361,4,-0.25,-175.59,21.52,26.27,0.01,0.01,0.38,0.46
34396,4,-0.24,-175.4,21.51,26.2,0,0,0.38,0.46
34430,4,-0.29,-175.48,21.53,26.34,0.01,0,0.38,0.46
34475,4,-0.18,-175.39,21.54,26.33,0,0,0.38,0.46
34508,4,-0.04,-174.96,21.55,26.24,-0.02,-0.04,0.38,0.46
34543,4,0.16,-175.14,21.59,26.38,-0.04,-0.02,0.38,0.46
34619,4,0.99,-175.59,21.68,26.29,-0.13,0.01,0.38,0.46
34652,4,1.31,-176.07,21.74,26.42,-0.16,0.05,0.38,0.46
34687,4,1.49,-176.41,21.85,26.4,-0.18,0.07,0.38,0.46
34720,4,1.37,-176.12,21.95,26.31,-0.17,0.05,0.38,0.46
34763,4,0.83,-176.01,22.08,26.38,-0.11,0.04,0.38,0.46
34798,4,0.4,-175.83,22.17,26.35,-0.06,0.03,0.39,0.46
34832,4,-0.07,-175.26,22.22,26.31,-0.01,-0.01,0.39,0.46
34865,4,-0.29,-175.1,22.26,26.41,0.01,-0.03,0.39,0.46
34908,4,-0.22,-175.11,22.28,26.46,0,-0.03,0.39,0.46
34942,4,0.23,-174.92,22.32,26.45,-0.05,-0.04,0.39,0.46
34977,4,0.43,-174.93,22.35,26.56,-0.07,-0.04,0.39,0.46
35010,4,0.62,-175.04,22.39,26.6,-0.09,-0.03,0.39,0.46
35053,4,0.69,-175.03,22.43,26.62,-0.09,-0.03,0.39,0.46
35088,4,0.65,-175.14,22.48,26.71,-0.09,-0.02,0.39,0.47
35121,4,0.51,-175.25,22.52,26.74,-0.08,-0.01,0.39,0.47
35155,4,0.29,-175.18,22.56,26.73,-0.05,-0.02,0.39,0.47
35200,4,0.03,-175.08,22.61,26.8,-0.02,-0.03,0.39,0.47
35246,4,-0.09,-174.74,22.63,26.79,-0.01,-0.05,0.39,0.47
35280,4,0.08,-174.62,22.65,26.83,-0.03,-0.06,0.39,0.47
35344,4,0.47,-175.04,22.69,26.86,-0.07,-0.03,0.39,0.47
35379,4,0.65,-175.1,22.73,26.86,-0.09,-0.03,0.4,0.47
35412,4,0.72,-175.15,22.78,26.88,-0.1,-0.02,0.4,0.47
35447,4,0.63,-175.12,22.83,26.86,-0.09,-0.02,0.4,0.47
35490,4,0.37,-175.04,22.87,26.86,-0.06,-0.03,0.4,0.47
35524,4,0.01,-175.28,22.88,26.92,-0.02,-0.01,0.4,0.47
35557,4,-0.21,-175.42,22.87,26.86,0,0,0.4,0.47
35591,4,-0.32,-175.54,22.84,26.82,0.01,0.01,0.4,0.47
35634,4,-0.61,-176.11,22.82,26.85,0.04,0.05,0.4,0.47
35668,4,-0.79,-176.4,22.79,26.8,0.06,0.07,0.4,0.47
35701,4,-1.13,-176.51,22.76,26.77,0.1,0.08,0.4,0.47
35736,4,-1.36,-176.46,22.7,26.72,0.12,0.08,0.4,0.47
35781,4,-1.67,-176.6,22.63,26.7,0.16,0.09,0.4,0.47
35815,4,-1.89,-176.75,22.56,26.69,0.18,0.1,0.4,0.47
35849,4,-1.96,-176.69,22.47,26.64,0.19,0.1,0.4,0.47
35926,4,-1.43,-176.24,22.32,26.65,0.13,0.06,0.39,0.47
35960,4,-1.51,-176.61,22.29,26.68,0.14,0.09,0.39,0.47
35993,4,-1.76,-176.74,22.2,26.55,0.17,0.1,0.39,0.47
36028,4,-1.81,-176.63,22.13,26.53,0.17,0.09,0.39,0.46
36070,4,-1.8,-176.75,22.04,26.57,0.17,0.1,0.39,0.47
36104,4,-1.63,-176.23,21.95,26.45,0.15,0.06,0.39,0.46
36139,4,-1.37,-175.68,21.88,26.43,0.13,0.02,0.38,0.46
36173,4,-1.15,-175.51,21.83,26.51,0.1,0.01,0.38,0.46
36215,4,-0.98,-175.45,21.77,26.47,0.08,0,0.38,0.46
36250,4,-0.95,-175.51,21.75,26.51,0.08,0.01,0.38,0.46
36283,4,-1.06,-175.92,21.72,26.57,0.09,0.04,0.38,0.46
36317,4,-1.22,-176.07,21.69,26.53,0.11,0.05,0.38,0.46
36361,4,-1.36,-176.06,21.64,26.53,0.12,0.05,0.38,0.46
36394,4,-1.42,-176.1,21.59,26.54,0.13,0.05,0.38,0.46
36429,4,-1.39,-175.99,21.55,26.44,0.13,0.04,0.38,0.46
36463,4,-1.24,-175.8,21.55,26.44,0.11,0.03,0.38,0.46
36505,4,-0.89,-175.86,21.53,26.44,0.07,0.03,0.38,0.46
36540,4,-0.55,-175.91,21.5,26.39,0.04,0.04,0.38,0.46
36574,4,-0.17,-176.2,21.52,26.39,0,0.06,0.38,0.46
36607,4,-0.1,-176.59,21.54,26.4,-0.01,0.09,0.38,0.46
36652,4,-0.22,-176.88,21.53,26.31,0,0.11,0.38,0.46
36685,4,-0.17,-176.77,21.53,26.26,0,0.1,0.38,0.46
36719,4,-0.19,-176.72,21.54,26.23,0,0.1,0.38,0.46
36754,4,-0.24,-176.59,21.53,26.22,0,0.09,0.38,0.46
36796,4,-0.13,-176.28,21.54,26.2,-0.01,0.07,0.38,0.46
36831,4,-0.14,-175.87,21.55,26.12,-0.01,0.03,0.38,0.46
36865,4,-0.25,-175.4,21.54,26.08,0,0,0.38,0.46
36899,4,-0.23,-175.13,21.54,26.14,0,-0.02,0.38,0.46
36943,4,-0.36,-175.2,21.53,26.15,0.02,-0.02,0.38,0.46
36976,4,-0.65,-175.25,21.5,26.13,0.05,-0.01,0.38,0.46
37010,4,-0.96,-175.47,21.46,26.15,0.08,0,0.38,0.46
37044,4,-1.31,-175.67,21.41,26.19,0.12,0.02,0.38,0.46
37087,4,-1.77,-175.58,21.32,26.14,0.17,0.01,0.38,0.46
37120,4,-1.96,-175.35,21.22,26.12,0.19,-0.01,0.37,0.46
37155,4,-2.03,-175.29,21.12,26.15,0.2,-0.01,0.37,0.46
37189,4,-1.92,-175.35,21.02,26.15,0.19,-0.01,0.37,0.46
37233,4,-1.56,-175.25,20.91,26.14,0.15,-0.01,0.37,0.46
37266,4,-1.22,-175.31,20.84,26.16,0.11,-0.01,0.37,0.46
37301,4,-1.03,-175.45,20.78,26.16,0.09,0,0.36,0.46
37376,4,-0.96,-175.32,20.72,26.15,0.08,-0.01,0.36,0.46
37410,4,-1.3,-175.43,20.68,26.16,0.12,0,0.36,0.46
37445,4,-1.53,-175.5,20.63,26.15,0.14,0,0.36,0.46
37478,4,-1.72,-175.4,20.56,26.13,0.17,0,0.36,0.46
37521,4,-1.66,-175.26,20.47,26.15,0.16,-0.01,0.36,0.46
37556,4,-1.58,-175.3,20.41,26.18,0.15,-0.01,0.36,0.46
37589,4,-1.4,-175.28,20.35,26.18,0.13,-0.01,0.36,0.46
37622,4,-1.14,-175.21,20.28,26.18,0.1,-0.02,0.36,0.46
37667,4,-0.85,-175.21,20.23,26.2,0.07,-0.02,0.35,0.46
37701,4,-0.74,-175.27,20.22,26.27,0.06,-0.01,0.35,0.46
37736,4,-0.85,-175.09,20.2,26.26,0.07,-0.03,0.35,0.46
37812,4,-1.17,-174.81,20.14,26.3,0.11,-0.05,0.35,0.46
37847,4,-1.4,-175.26,20.11,26.43,0.13,-0.01,0.35,0.46
37880,4,-1.21,-175.51,20.06,26.44,0.11,0.01,0.35,0.46
37914,4,-0.86,-175.44,20.01,26.36,0.07,0,0.35,0.46
37958,4,-0.41,-175.65,20.03,26.39,0.02,0.02,0.35,0.46
37992,4,-0.28,-176.04,20.05,26.45,0.01,0.05,0.35,0.46
38026,4,-0.09,-175.97,20.07,26.4,-0.01,0.04,0.35,0.46
38059,4,0.34,-175.53,20.13,26.37,-0.06,0.01,0.35,0.46
38104,4,0.62,-175.19,20.19,26.31,-0.09,-0.02,0.35,0.46
38138,4,0.92,-175.26,20.26,26.34,-0.12,-0.01,0.35,0.46
38172,4,1.43,-175.69,20.38,26.41,-0.18,0.02,0.35,0.46
38206,4,1.74,-175.79,20.49,26.34,-0.21,0.03,0.35,0.46
38249,4,1.9,-175.76,20.64,26.22,-0.23,0.02,0.36,0.46
38283,4,1.71,-176.4,20.79,26.32,-0.21,0.07,0.36,0.46
38316,4,1.33,-176.75,20.91,26.22,-0.17,0.1,0.36,0.46
38350,4,0.7,-176.72,20.97,26.1,-0.1,0.1,0.36,0.46
38394,4,0.19,-176.85,21.11,26.17,-0.04,0.11,0.37,0.46
38428,4,0.04,-176.12,21.14,26.02,-0.03,0.05,0.37,0.46
38461,4,0.32,-174.52,21.16,25.9,-0.06,-0.07,0.37,0.45
38496,4,0.53,-173.92,21.22,26.04,-0.08,-0.12,0.37,0.45
38539,4,0.69,-174.37,21.27,26.15,-0.1,-0.08,0.37,0.45
38573,4,0.96,-174.9,21.32,26.1,-0.13,-0.04,0.37,0.45
38607,4,0.86,-175.52,21.39,26.18,-0.12,0.01,0.37,0.46
38683,4,0.23,-176.45,21.48,26.14,-0.05,0.08,0.37,0.46
38716,4,0.13,-175.74,21.48,25.97,-0.04,0.02,0.37,0.45
38750,4,0.26,-175.11,21.5,25.98,-0.05,-0.03,0.37,0.45
38784,4,0.52,-175,21.52,26.06,-0.08,-0.03,0.37,0.45
38827,4,0.58,-174.98,21.55,26.09,-0.09,-0.04,0.37,0.45
38861,4,0.43,-174.61,21.57,26.02,-0.07,-0.06,0.38,0.45
38896,4,0.11,-174.75,21.57,26.07,-0.03,-0.05,0.38,0.45
38929,4,-0.14,-175.51,21.57,26.17,-0.01,0.01,0.38,0.46
38973,4,-0.24,-176.1,21.57,26.15,0,0.05,0.38,0.46
39008,4,-0.26,-175.81,21.57,26.09,0.01,0.03,0.38,0.46
39042,4,-0.25,-175.24,21.57,26.03,0.01,-0.02,0.38,0.45
39075,4,-0.25,-175.07,21.57,26.05,0.01,-0.03,0.38,0.45
39118,4,-0.34,-175.38,21.57,26.18,0.01,-0.01,0.38,0.46
39152,4,-0.29,-175.29,21.58,26.19,0.01,-0.01,0.38,0.46
39186,4,-0.24,-175.14,21.57,26.11,0,-0.02,0.38,0.46
39220,4,-0.19,-175.16,21.59,26.21,0,-0.02,0.38,0.46
39264,4,-0.01,-175.49,21.63,26.32,-0.02,0,0.38,0.46
39299,4,0.34,-174.94,21.66,26.16,-0.06,-0.04,0.38,0.46
39332,4,0.67,-174.59,21.7,26.2,-0.1,-0.07,0.38,0.46
39366,4,0.85,-174.91,21.79,26.38,-0.12,-0.04,0.38,0.46
39410,4,1.06,-174.81,21.88,26.27,-0.14,-0.05,0.38,0.46
39444,4,0.9,-175.18,21.94,26.32,-0.12,-0.02,0.38,0.46
39477,4,0.69,-175.94,22.05,26.45,-0.1,0.04,0.38,0.46
39512,4,0.58,-176.23,22.12,26.38,-0.09,0.06,0.38,0.46
39555,4,0.21,-176.11,22.21,26.36,-0.04,0.05,0.39,0.46
39589,4,0.11,-176.09,22.28,26.42,-0.03,0.05,0.39,0.46
39623,4,0.24,-175.83,22.31,26.36,-0.05,0.03,0.39,0.46
39657,4,0.52,-175.2,22.36,26.35,-0.08,-0.02,0.39,0.46
39701,4,0.91,-174.89,22.44,26.46,-0.12,-0.04,0.39,0.46
39734,4,1.24,-174.51,22.52,26.45,-0.16,-0.07,0.39,0.46
39768,4,1.29,-174.36,22.62,26.53,-0.16,-0.08,0.39,0.46
39803,4,1.12,-174.6,22.74,26.66,-0.15,-0.07,0.39,0.46
39844,4,0.38,-175.05,22.84,26.68,-0.06,-0.03,0.4,0.47
39878,4,-0.19,-175.34,22.89,26.73,0,-0.01,0.4,0.47
39913,4,-0.57,-175.56,22.92,26.8,0.04,0.01,0.4,0.47
39946,4,-0.58,-175.44,22.91,26.76,0.04,0,0.4,0.47
39990,4,-0.08,-175.04,22.95,26.78,-0.01,-0.03,0.4,0.47
40024,4,0.2,-175.1,22.99,26.87,-0.04,-0.03,0.4,0.47
40058,4,0.53,-175.18,23.02,26.86,-0.08,-0.02,0.4,0.47
40093,4,0.82,-175.05,23.07,26.85,-0.11,-0.03,0.4,0.47
40135,4,0.91,-175.13,23.15,26.92,-0.12,-0.02,0.4,0.47
40168,4,0.85,-175.33,23.21,26.95,-0.12,-0.01,0.4,0.47
40203,4,0.71,-175.2,23.28,26.92,-0.1,-0.02,0.4,0.47
40236,4,0.44,-174.88,23.32,26.93,-0.07,-0.04,0.41,0.47
40280,4,0.17,-174.88,23.36,26.98,-0.04,-0.04,0.41,0.47
40315,4,0.04,-174.97,23.36,27.03,-0.03,-0.04,0.41,0.47
40348,4,0.12,-174.96,23.38,27.05,-0.04,-0.04,0.41,0.47
40382,4,0.32,-174.84,23.4,27.04,-0.06,-0.05,0.41,0.47
40426,4,0.49,-174.69,23.42,27.06,-0.08,-0.06,0.41,0.47
40460,4,0.5,-174.9,23.44,27.13,-0.08,-0.04,0.41,0.47
40495,4,0.49,-175,23.45,27.13,-0.08,-0.03,0.41,0.47
40571,4,0.05,-175.57,23.43,27.13,-0.03,0.01,0.41,0.47
40605,4,-0.22,-176.54,23.42,27.2,0,0.09,0.41,0.48
40639,4,-0.46,-177.14,23.39,27.1,0.03,0.13,0.41,0.48
40672,4,-0.56,-177.02,23.36,26.93,0.04,0.12,0.41,0.47
40717,4,-0.81,-176.84,23.33,26.87,0.07,0.11,0.41,0.47
40751,4,-0.99,-176.76,23.31,26.83,0.09,0.1,0.41,0.47
40785,4,-1.08,-176.48,23.27,26.7,0.1,0.08,0.41,0.47
40818,4,-0.98,-176.1,23.24,26.54,0.09,0.05,0.41,0.46
40863,4,-0.9,-176.46,23.22,26.55,0.08,0.08,0.41,0.46
40897,4,-0.93,-176.91,23.2,26.45,0.08,0.12,0.41,0.46
40930,4,-0.93,-177.39,23.17,26.31,0.08,0.15,0.41,0.46
41007,4,-1.02,-178.62,23.11,26.31,0.09,0.25,0.4,0.46
41040,4,-1.48,-179.49,23.07,26.25,0.14,0.32,0.41,0.46
41074,4,-1.71,-177.96,22.96,25.95,0.17,0.2,0.4,0.46
41108,4,-1.64,-175.69,22.87,25.82,0.16,0.02,0.4,0.45
41151,4,-1.37,-173.08,22.76,25.88,0.13,-0.19,0.4,0.45
41185,4,-1.18,-172.53,22.66,25.9,0.11,-0.24,0.4,0.45
41218,4,-0.92,-173.54,22.58,25.96,0.08,-0.15,0.4,0.45
41253,4,-0.96,-175.21,22.51,26.22,0.09,-0.02,0.39,0.46
41297,4,-1.39,-177.17,22.45,26.2,0.13,0.14,0.39,0.46
41331,4,-1.93,-177.8,22.37,26.09,0.19,0.19,0.39,0.46
41365,4,-2.27,-177.46,22.31,26.01,0.23,0.16,0.39,0.46
41399,4,-2.34,-176.2,22.22,25.94,0.24,0.06,0.39,0.45
41442,4,-1.85,-174.46,22.12,25.84,0.18,-0.08,0.39,0.45
41476,4,-1.27,-173.74,22.04,25.91,0.12,-0.14,0.39,0.45
41509,4,-0.46,-174.27,22.02,25.99,0.03,-0.1,0.38,0.45
41544,4,0.01,-175.19,22,26.09,-0.02,-0.02,0.38,0.45
41587,4,0.11,-176.15,22.02,26.09,-0.04,0.06,0.38,0.46
41620,4,-0.17,-176.45,22,26.03,0,0.08,0.38,0.46
41655,4,-0.38,-176.27,21.97,25.97,0.02,0.07,0.38,0.45
41689,4,-0.61,-175.87,21.96,25.95,0.05,0.04,0.38,0.45
41733,4,-0.95,-174.97,21.91,25.93,0.08,-0.04,0.38,0.45
41767,4,-1.17,-174.55,21.88,25.92,0.11,-0.07,0.38,0.45
41801,4,-1.45,-174.79,21.84,25.98,0.14,-0.05,0.38,0.45
41834,4,-1.65,-175.39,21.8,26.06,0.16,0,0.38,0.45
41877,4,-1.75,-175.94,21.72,26.02,0.17,0.04,0.38,0.45
41911,4,-1.55,-175.86,21.66,25.95,0.15,0.03,0.38,0.45
41946,4,-1.26,-175.72,21.6,25.97,0.12,0.02,0.38,0.45
41980,4,-0.95,-175.58,21.58,25.94,0.08,0.01,0.38,0.45
42023,4,-0.55,-175.05,21.59,25.92,0.04,-0.03,0.38,0.45
42058,4,-0.43,-174.95,21.59,25.94,0.03,-0.04,0.38,0.45
42092,4,-0.4,-175.18,21.59,25.94,0.02,-0.02,0.38,0.45
42125,4,-0.42,-175.49,21.6,25.97,0.02,0,0.38,0.45
42169,4,-0.41,-175.6,21.6,25.88,0.02,0.01,0.38,0.45
42203,4,-0.36,-175.5,21.6,25.82,0.02,0.01,0.38,0.45
42236,4,-0.4,-175.81,21.6,25.77,0.02,0.03,0.38,0.45
42271,4,-0.45,-176.42,21.59,25.8,0.03,0.08,0.38,0.45
42313,4,-0.46,-177.09,21.58,25.67,0.03,0.14,0.38,0.45
42348,4,-0.54,-177.26,21.56,25.59,0.04,0.15,0.38,0.45
42381,4,-0.79,-177.29,21.54,25.56,0.07,0.15,0.38,0.45
42415,4,-1.2,-176.85,21.48,25.49,0.11,0.12,0.38,0.45
42459,4,-1.42,-175.78,21.42,25.39,0.14,0.03,0.38,0.44
42492,4,-1.58,-174.95,21.36,25.42,0.16,-0.04,0.38,0.44
42526,4,-1.63,-174.72,21.3,25.45,0.16,-0.06,0.37,0.44
42561,4,-1.57,-174.72,21.24,25.47,0.15,-0.06,0.37,0.44
42602,4,-1.27,-175.4,21.2,25.48,0.12,0,0.37,0.44
42636,4,-1.08,-176.01,21.17,25.46,0.1,0.05,0.37,0.45
42671,4,-0.89,-176.44,21.14,25.41,0.08,0.08,0.37,0.44
42704,4,-0.73,-176.42,21.12,25.34,0.06,0.08,0.37,0.44
42750,4,-0.75,-176.13,21.11,25.29,0.06,0.06,0.37,0.44
42783,4,-1,-175.94,21.08,25.29,0.09,0.04,0.37,0.44
42817,4,-1.3,-176.05,21.04,25.3,0.12,0.05,0.37,0.44
42893,4,-2.01,-176.6,20.9,25.27,0.2,0.1,0.37,0.44
42927,4,-2.32,-176.78,20.84,25.26,0.24,0.11,0.37,0.44
42962,4,-2.46,-176.6,20.71,25.18,0.26,0.1,0.37,0.44
42995,4,-2.03,-176.06,20.57,25.13,0.21,0.05,0.36,0.44
43038,4,-1.19,-175.85,20.46,25.13,0.11,0.03,0.36,0.44
43073,4,-0.52,-175.92,20.41,25.17,0.04,0.04,0.36,0.44
43107,4,-0.01,-176.14,20.42,25.15,-0.02,0.06,0.36,0.44
43140,4,0.06,-176.27,20.41,25.1,-0.03,0.07,0.36,0.44
43184,4,-0.28,-176.59,20.4,25.09,0.01,0.1,0.36,0.44
43218,4,-0.61,-177.03,20.37,25.11,0.05,0.13,0.36,0.44
43253,4,-0.67,-177.02,20.35,25.05,0.05,0.13,0.36,0.44
43286,4,-0.56,-176.28,20.33,24.94,0.04,0.07,0.36,0.44
43329,4,-0.58,-175.69,20.33,24.94,0.04,0.02,0.36,0.44
43364,4,-0.62,-175.54,20.33,25.04,0.05,0.01,0.36,0.44
43397,4,-0.49,-175.39,20.33,25.04,0.03,0,0.36,0.44
43431,4,-0.23,-175.24,20.35,25.04,0,-0.02,0.36,0.44
43475,4,0,-175.47,20.38,25.12,-0.02,0,0.36,0.44
43509,4,0.34,-175.95,20.43,25.2,-0.06,0.04,0.36,0.44
43542,4,0.71,-175.96,20.48,25.2,-0.1,0.04,0.36,0.44
43576,4,1.22,-175.44,20.55,25.16,-0.16,0,0.36,0.44
43619,4,1.54,-175.01,20.66,25.2,-0.2,-0.04,0.36,0.44
43654,4,1.54,-175.07,20.78,25.32,-0.2,-0.03,0.36,0.44
43688,4,1.32,-175.14,20.89,25.33,-0.17,-0.03,0.36,0.44
43765,4,0.31,-175.23,21.05,25.47,-0.06,-0.02,0.37,0.44
43798,4,0.16,-175.77,21.07,25.52,-0.04,0.03,0.37,0.45
43832,4,0.42,-175.58,21.1,25.41,-0.07,0.01,0.37,0.44
43866,4,0.74,-175.15,21.16,25.47,-0.11,-0.02,0.37,0.44
43909,4,0.98,-175.03,21.23,25.56,-0.13,-0.03,0.37,0.45
43942,4,1.04,-174.57,21.28,25.49,-0.14,-0.07,0.37,0.44
43977,4,1.12,-174.03,21.37,25.57,-0.15,-0.12,0.37,0.44
44011,4,0.82,-174.46,21.45,25.73,-0.12,-0.08,0.37,0.45
44055,4,0.32,-174.93,21.52,25.72,-0.06,-0.04,0.37,0.45
44089,4,-0.05,-175.02,21.53,25.69,-0.02,-0.03,0.38,0.45
44124,4,-0.22,-175.31,21.54,25.77,0,-0.01,0.38,0.45
44157,4,-0.11,-175.5,21.56,25.79,-0.01,0.01,0.38,0.45
44200,4,0.2,-175.07,21.59,25.78,-0.05,-0.03,0.38,0.45
44245,4,0.28,-174.62,21.6,25.82,-0.05,-0.07,0.38,0.45
44279,4,0.14,-174.62,21.6,25.86,-0.04,-0.07,0.38,0.45
44345,4,-0.07,-174.61,21.61,25.98,-0.01,-0.07,0.38,0.45
44378,4,-0.09,-175.08,21.61,26,-0.01,-0.03,0.38,0.45
44413,4,-0.12,-175.3,21.6,25.89,-0.01,-0.01,0.38,0.45
44446,4,-0.24,-175.83,21.6,25.94,0,0.03,0.38,0.45
44491,4,-0.21,-176.56,21.61,26.01,0,0.09,0.38,0.46
44525,4,-0.17,-175.57,21.61,25.88,0,0.01,0.38,0.45
44559,4,-0.21,-174.49,21.6,25.73,0,-0.08,0.38,0.45
44592,4,-0.17,-174.32,21.61,25.84,0,-0.09,0.38,0.45
44635,4,-0.22,-174.99,21.62,26.01,0,-0.04,0.38,0.45
44669,4,-0.22,-175,21.62,25.94,0,-0.04,0.38,0.45
44703,4,-0.18,-175.06,21.61,25.88,0,-0.03,0.38,0.45
44736,4,-0.23,-175.77,21.63,26,0,0.03,0.38,0.45
44781,4,-0.43,-176.57,21.62,26.01,0.03,0.09,0.38,0.46
44816,4,-0.33,-175.75,21.61,25.76,0.01,0.03,0.38,0.45
44850,4,-0.27,-174.89,21.62,25.78,0.01,-0.05,0.38,0.45
44883,4,-0.45,-174.98,21.64,25.96,0.03,-0.04,0.38,0.45
44927,4,-0.39,-174.64,21.61,25.83,0.02,-0.07,0.38,0.45
44961,4,-0.22,-174.5,21.62,25.85,0,-0.08,0.38,0.45
44994,4,-0.36,-175.52,21.62,26.04,0.02,0.01,0.38,0.45
45029,4,-0.37,-176.22,21.61,25.98,0.02,0.07,0.38,0.45
45071,4,-0.2,-175.82,21.62,25.86,0,0.03,0.38,0.45
45106,4,-0.31,-175.87,21.62,25.96,0.01,0.04,0.38,0.45
45140,4,-0.31,-175.85,21.61,25.89,0.01,0.03,0.38,0.45
45173,4,-0.21,-175.09,21.62,25.8,0,-0.03,0.38,0.45
45218,4,-0.29,-174.95,21.62,25.91,0.01,-0.04,0.38,0.45
45252,4,-0.26,-175.12,21.62,25.9,0.01,-0.03,0.38,0.45
45285,4,-0.22,-175.05,21.62,25.87,0,-0.03,0.38,0.45
45320,4,-0.28,-175.26,21.62,25.94,0.01,-0.01,0.38,0.45
45362,4,-0.3,-175.78,21.62,25.94,0.01,0.03,0.38,0.45
45395,4,-0.28,-175.65,21.61,25.86,0.01,0.02,0.38,0.45
45430,4,-0.32,-175.4,21.61,25.87,0.01,0,0.38,0.45
45463,4,-0.3,-175.19,21.61,25.88,0.01,-0.02,0.38,0.45
45509,4,-0.31,-174.93,21.61,25.86,0.01,-0.04,0.38,0.45
45542,4,-0.43,-175.07,21.6,25.9,0.03,-0.03,0.38,0.45
45577,4,-0.59,-175.43,21.58,25.93,0.04,0,0.38,0.45
45652,4,-1.2,-175.6,21.51,25.9,0.11,0.01,0.38,0.45
45686,4,-1.54,-175.6,21.45,25.89,0.15,0.01,0.38,0.45
45721,4,-1.75,-175.47,21.37,25.86,0.18,0,0.38,0.45
45754,4,-1.81,-175.24,21.28,25.86,0.18,-0.02,0.37,0.45
45798,4,-1.62,-175.14,21.16,25.87,0.16,-0.02,0.37,0.45
45832,4,-1.39,-175.11,21.08,25.87,0.14,-0.03,0.37,0.45
45866,4,-1.17,-175.03,21.01,25.9,0.11,-0.03,0.37,0.45
45899,4,-1.05,-175.19,20.96,25.92,0.1,-0.02,0.37,0.45
45943,4,-1.05,-175.35,20.91,25.9,0.1,-0.01,0.37,0.45
45977,4,-1.15,-175.37,20.88,25.9,0.11,-0.01,0.37,0.45
46012,4,-1.32,-175.38,20.84,25.9,0.13,-0.01,0.37,0.45
46087,4,-1.68,-174.19,20.74,25.98,0.17,-0.11,0.36,0.45
46122,4,-1.74,-174.23,20.68,26.04,0.18,-0.1,0.36,0.45
46156,4,-1.74,-174.19,20.59,26.13,0.18,-0.11,0.36,0.45
46189,4,-1.47,-174.73,20.52,26.17,0.15,-0.06,0.36,0.46
46233,4,-0.95,-175.6,20.47,26.28,0.09,0.01,0.36,0.46
46267,4,-0.53,-176.1,20.43,26.2,0.04,0.06,0.36,0.46
46300,4,-0.27,-176.03,20.43,26.11,0.01,0.05,0.36,0.46
46377,4,-0.58,-175.48,20.41,26.03,0.04,0,0.36,0.45
46412,4,-0.6,-174.94,20.42,26.08,0.05,-0.04,0.36,0.45
46446,4,-0.76,-174.6,20.38,26.15,0.06,-0.07,0.36,0.46
46480,4,-0.7,-174.31,20.33,26.07,0.06,-0.1,0.36,0.45
46524,4,-0.63,-174.82,20.32,26.23,0.05,-0.05,0.36,0.46
46557,4,-0.87,-176.29,20.29,26.34,0.08,0.07,0.36,0.46
46591,4,-0.81,-176.82,20.24,26.26,0.07,0.12,0.35,0.46
46625,4,-0.64,-176.66,20.22,26.08,0.05,0.1,0.35,0.46
46668,4,-0.61,-176.18,20.23,26.11,0.05,0.06,0.35,0.46
46701,4,-0.65,-175.77,20.22,26.09,0.05,0.03,0.35,0.46
46735,4,-0.43,-175.01,20.23,26.01,0.03,-0.04,0.35,0.45
46770,4,-0.25,-174.14,20.25,26.01,0.01,-0.11,0.35,0.45
46815,4,-0.1,-174.47,20.28,26.18,-0.01,-0.08,0.35,0.46
46848,4,0.31,-175.37,20.33,26.2,-0.06,-0.01,0.35,0.46
46883,4,0.79,-175.74,20.39,26.18,-0.11,0.03,0.35,0.46
46917,4,1.28,-175.89,20.47,26.1,-0.17,0.04,0.35,0.46
46959,4,1.68,-175.88,20.6,26.14,-0.22,0.04,0.36,0.46
46993,4,1.78,-175.71,20.71,26.08,-0.23,0.02,0.36,0.46
47026,4,1.61,-175.1,20.82,26.05,-0.21,-0.03,0.36,0.45
47061,4,1.2,-174.85,20.94,26.09,-0.16,-0.05,0.36,0.45
47104,4,0.41,-175.02,21.04,26.14,-0.07,-0.04,0.37,0.46
47137,4,-0.31,-175.09,21.05,26.11,0.01,-0.03,0.37,0.46
47172,4,-0.6,-175.18,21.05,26.14,0.05,-0.02,0.37,0.46
47206,4,-0.65,-175.37,21.05,26.16,0.05,-0.01,0.37,0.46
47249,4,-0.1,-175.21,21.08,26.12,-0.01,-0.02,0.37,0.46
47284,4,0.24,-174.99,21.13,26.14,-0.05,-0.04,0.37,0.46
47317,4,0.43,-174.95,21.16,26.17,-0.07,-0.04,0.37,0.46
47351,4,0.62,-174.95,21.2,26.2,-0.1,-0.04,0.37,0.46
47393,4,0.9,-174.9,21.27,26.22,-0.13,-0.05,0.37,0.46
47427,4,1.01,-174.69,21.33,26.2,-0.14,-0.06,0.37,0.46
47461,4,1.04,-174.37,21.4,26.23,-0.14,-0.09,0.37,0.46
47495,4,0.86,-174.44,21.48,26.29,-0.12,-0.08,0.37,0.46
47538,4,0.26,-174.84,21.53,26.33,-0.05,-0.05,0.37,0.46
47573,4,-0.12,-175,21.53,26.27,-0.01,-0.04,0.38,0.46
47607,4,-0.34,-175.26,21.52,26.3,0.02,-0.01,0.38,0.46
47641,4,-0.37,-175.89,21.52,26.39,0.02,0.04,0.38,0.46
47686,4,-0.13,-175.85,21.53,26.34,-0.01,0.04,0.38,0.46
47719,4,0.06,-175.56,21.56,26.3,-0.03,0.01,0.38,0.46
47753,4,0.05,-175.44,21.55,26.33,-0.03,0,0.38,0.46
47787,4,0.03,-175.24,21.56,26.39,-0.03,-0.02,0.38,0.46
47830,4,0,-174.56,21.57,26.33,-0.02,-0.07,0.38,0.46
47864,4,-0.06,-174.63,21.56,26.38,-0.02,-0.07,0.38,0.46
47898,4,-0.05,-175.12,21.57,26.45,-0.02,-0.03,0.38,0.46
47932,4,-0.08,-175.62,21.57,26.47,-0.01,0.01,0.38,0.46
47977,4,-0.08,-175.79,21.57,26.42,-0.01,0.03,0.38,0.46
48010,4,-0.14,-176.01,21.57,26.44,-0.01,0.05,0.38,0.46
48044,4,-0.14,-176.05,21.57,26.45,-0.01,0.05,0.38,0.46
48079,4,-0.1,-175.85,21.59,26.43,-0.01,0.03,0.38,0.46
48120,4,-0.14,-175.32,21.6,26.43,-0.01,-0.01,0.38,0.46
48154,4,0.02,-174.99,21.62,26.44,-0.03,-0.04,0.38,0.46
48189,4,0.3,-174.73,21.66,26.43,-0.06,-0.06,0.38,0.46
48222,4,0.67,-174.77,21.72,26.45,-0.1,-0.06,0.38,0.46
48268,4,1.1,-175.33,21.84,26.49,-0.15,-0.01,0.38,0.46
48301,4,1.4,-176.05,21.94,26.49,-0.19,0.05,0.38,0.46
48336,4,1.44,-176.47,22.06,26.48,-0.19,0.09,0.38,0.46
48411,4,0.57,-176.24,22.26,26.44,-0.09,0.07,0.39,0.46
48445,4,0.57,-175.8,22.33,26.4,-0.09,0.03,0.39,0.46
48479,4,0.64,-175.43,22.4,26.44,-0.1,0,0.39,0.46
48513,4,0.71,-175,22.48,26.46,-0.11,-0.04,0.39,0.46
48556,4,0.69,-174.65,22.57,26.49,-0.1,-0.07,0.39,0.46
48591,4,0.62,-174.74,22.65,26.56,-0.1,-0.06,0.39,0.46
48624,4,0.47,-175.12,22.72,26.59,-0.08,-0.03,0.4,0.46
48658,4,0.3,-175.33,22.79,26.58,-0.06,-0.01,0.4,0.46
48701,4,0.11,-175.57,22.85,26.6,-0.04,0.01,0.4,0.46
48734,4,0.07,-175.67,22.88,26.6,-0.03,0.02,0.4,0.46
48769,4,0.2,-175.62,22.9,26.61,-0.05,0.02,0.4,0.46
48845,4,0.73,-175.24,22.98,26.65,-0.11,-0.02,0.4,0.46
48880,4,0.95,-175.03,23.03,26.68,-0.13,-0.03,0.4,0.46
48914,4,1,-174.64,23.11,26.7,-0.14,-0.07,0.4,0.46
48947,4,0.78,-174.51,23.18,26.73,-0.11,-0.08,0.4,0.47
48992,4,0.32,-174.82,23.25,26.8,-0.06,-0.05,0.4,0.47
49026,4,-0.08,-175.27,23.27,26.83,-0.01,-0.01,0.41,0.47
49060,4,-0.21,-175.51,23.29,26.83,0,0.01,0.41,0.47
49093,4,-0.05,-175.55,23.3,26.81,-0.02,0.01,0.41,0.47
49136,4,0.26,-175.39,23.34,26.78,-0.05,0,0.41,0.47
49171,4,0.46,-175.39,23.36,26.84,-0.08,0,0.41,0.47
49205,4,0.62,-175.36,23.4,26.81,-0.1,-0.01,0.41,0.47
49240,4,0.69,-175.16,23.42,26.77,-0.1,-0.02,0.41,0.47
49283,4,0.6,-175.31,23.47,26.83,-0.09,-0.01,0.41,0.47
49316,4,0.35,-175.73,23.47,26.83,-0.06,0.02,0.41,0.47
49350,4,0.11,-175.81,23.47,26.79,-0.04,0.03,0.41,0.47
49384,4,-0.16,-175.66,23.43,26.73,0,0.02,0.41,0.47
49427,4,-0.42,-175.73,23.41,26.76,0.03,0.02,0.41,0.47
49461,4,-0.66,-175.84,23.38,26.75,0.05,0.03,0.41,0.47
49494,4,-1.08,-175.81,23.32,26.72,0.1,0.03,0.41,0.47
49529,4,-1.32,-175.72,23.25,26.67,0.13,0.02,0.41,0.47
49574,4,-1.55,-175.83,23.17,26.71,0.16,0.03,0.41,0.47
49607,4,-1.7,-176.1,23.1,26.7,0.18,0.06,0.41,0.47
49642,4,-1.67,-176.15,23.01,26.67,0.17,0.06,0.4,0.47
49718,4,-0.82,-176.26,22.91,26.65,0.07,0.07,0.4,0.47
49751,4,-0.71,-176.57,22.91,26.66,0.06,0.1,0.4,0.47
49785,4,-0.75,-176.56,22.89,26.53,0.06,0.1,0.4,0.46
49819,4,-0.75,-176.35,22.88,26.45,0.06,0.08,0.4,0.46
49862,4,-0.86,-176.34,22.88,26.47,0.08,0.08,0.4,0.46
49896,4,-0.86,-175.95,22.86,26.35,0.08,0.04,0.4,0.46
49931,4,-0.79,-175.69,22.84,26.31,0.07,0.02,0.4,0.46
49965,4,-0.78,-175.79,22.84,26.35,0.07,0.03,0.4,0.46
50007,4,-0.92,-176.08,22.81,26.28,0.08,0.05,0.4,0.46
50042,4,-0.96,-176.2,22.79,26.24,0.09,0.07,0.4,0.46
50076,4,-1.1,-176.47,22.76,26.25,0.11,0.09,0.4,0.46
50109,4,-1.22,-176.46,22.72,26.18,0.12,0.09,0.4,0.46
50152,4,-1.29,-176.19,22.65,26.12,0.13,0.06,0.4,0.46
50186,4,-1.38,-175.99,22.61,26.12,0.14,0.05,0.4,0.46
50220,4,-1.52,-175.67,22.53,26.06,0.16,0.02,0.4,0.46
50254,4,-1.53,-175.41,22.47,26.04,0.16,0,0.39,0.45
50297,4,-1.5,-175.4,22.4,26.09,0.15,0,0.39,0.46
50331,4,-1.44,-175.37,22.35,26.05,0.15,-0.01,0.39,0.45
50365,4,-1.31,-175.32,22.29,26.05,0.13,-0.01,0.39,0.45
50398,4,-1.14,-175.6,22.26,26.1,0.11,0.01,0.39,0.46
50444,4,-0.98,-175.76,22.23,26.04,0.09,0.03,0.39,0.45
50478,4,-0.83,-175.59,22.22,26,0.07,0.01,0.39,0.45
50511,4,-0.79,-175.54,22.21,26,0.07,0.01,0.39,0.45
50546,4,-0.86,-175.53,22.2,26.01,0.08,0.01,0.39,0.45
50588,4,-1.09,-175.69,22.17,26.03,0.1,0.02,0.39,0.45
50622,4,-1.15,-175.54,22.14,25.98,0.11,0.01,0.39,0.45
50655,4,-1.19,-175.24,22.12,25.94,0.12,-0.02,0.39,0.45
50689,4,-1.26,-175.15,22.09,26.01,0.13,-0.03,0.39,0.45
50735,4,-1.23,-175.31,22.04,26,0.12,-0.01,0.39,0.45
50768,4,-1.11,-175.27,22.02,25.97,0.11,-0.01,0.39,0.45
50802,4,-1,-175.3,21.99,26,0.09,-0.01,0.39,0.45
50837,4,-0.95,-175.4,21.98,26.01,0.09,0,0.39,0.45
50878,4,-0.96,-175.4,21.95,25.97,0.09,0,0.38,0.45
50912,4,-1.01,-175.35,21.94,25.99,0.1,-0.01,0.38,0.45
50947,4,-1.13,-175.32,21.92,25.96,0.11,-0.01,0.38,0.45
50980,4,-1.26,-175.31,21.9,25.99,0.13,-0.01,0.38,0.45
51024,4,-1.31,-175.45,21.86,25.99,0.13,0,0.38,0.45
51058,4,-1.25,-175.33,21.83,25.94,0.12,-0.01,0.38,0.45
51092,4,-1.1,-175.31,21.8,25.97,0.11,-0.01,0.38,0.45
51127,4,-0.96,-175.53,21.78,26.01,0.09,0.01,0.38,0.45
51168,4,-0.84,-175.48,21.76,25.94,0.08,0,0.38,0.45
51202,4,-0.78,-175.3,21.74,25.94,0.07,-0.01,0.38,0.45
51237,4,-0.84,-175.31,21.74,25.96,0.08,-0.01,0.38,0.45
51313,4,-1.03,-175.23,21.7,25.97,0.1,-0.02,0.38,0.45
51348,4,-1.11,-175.15,21.68,25.94,0.11,-0.02,0.38,0.45
51381,4,-1.17,-175.47,21.68,25.97,0.12,0,0.38,0.45
51415,4,-1.17,-175.82,21.67,26.01,0.12,0.03,0.38,0.45
51459,4,-0.94,-175.75,21.64,25.94,0.09,0.03,0.38,0.45
51492,4,-0.58,-175.35,21.64,25.92,0.04,-0.01,0.38,0.45
51527,4,-0.45,-175.2,21.66,25.93,0.03,-0.02,0.38,0.45
51561,4,-0.49,-175.25,21.65,25.96,0.03,-0.02,0.38,0.45
51603,4,-0.39,-175.26,21.66,25.94,0.02,-0.02,0.38,0.45
51638,4,-0.46,-175.26,21.64,25.94,0.03,-0.02,0.38,0.45
51672,4,-0.43,-175.51,21.65,25.96,0.03,0.01,0.38,0.45
51705,4,-0.4,-175.6,21.66,25.96,0.02,0.01,0.38,0.45
51751,4,-0.42,-175.41,21.65,25.92,0.03,0,0.38,0.45
51784,4,-0.39,-175.28,21.65,25.93,0.02,-0.01,0.38,0.45
51818,4,-0.4,-175.34,21.65,25.94,0.02,-0.01,0.38,0.45
51894,4,-0.39,-175.35,21.66,25.94,0.02,-0.01,0.38,0.45
51929,4,-0.41,-175.32,21.65,25.92,0.03,-0.01,0.38,0.45
51963,4,-0.44,-175.46,21.65,25.94,0.03,0,0.38,0.45
51997,4,-0.4,-175.58,21.66,25.95,0.02,0.01,0.38,0.45
52040,4,-0.39,-175.43,21.65,25.9,0.02,0,0.38,0.45
52074,4,-0.42,-175.28,21.65,25.92,0.03,-0.01,0.38,0.45
52107,4,-0.42,-175.37,21.65,25.93,0.03,-0.01,0.38,0.45
52142,4,-0.44,-175.29,21.65,25.94,0.03,-0.01,0.38,0.45
52185,4,-0.42,-175.24,21.65,25.94,0.03,-0.02,0.38,0.45
52219,4,-0.44,-175.32,21.65,25.95,0.03,-0.01,0.38,0.45
52253,4,-0.41,-175.4,21.66,25.94,0.02,0,0.38,0.45
52286,4,-0.42,-175.41,21.66,25.94,0.03,0,0.38,0.45
52331,4,-0.5,-174.94,21.64,25.96,0.04,-0.04,0.38,0.45
52365,4,-0.49,-174.83,21.65,25.98,0.03,-0.05,0.38,0.45
52400,4,-0.5,-175,21.64,26.02,0.04,-0.04,0.38,0.45
52475,4,-0.5,-175.42,21.64,26.01,0.04,0,0.38,0.45
52509,4,-0.52,-175.38,21.64,26,0.04,0,0.38,0.45
52543,4,-0.54,-175.11,21.64,26,0.04,-0.03,0.38,0.45
52577,4,-0.54,-174.93,21.64,26.01,0.04,-0.04,0.38,0.45
52620,4,-0.55,-174.8,21.63,26.06,0.04,-0.05,0.38,0.45
52654,4,-0.58,-174.88,21.63,26.09,0.05,-0.05,0.38,0.45
52688,4,-0.61,-174.67,21.63,26.14,0.05,-0.07,0.38,0.46
52721,4,-0.66,-174.55,21.63,26.18,0.05,-0.08,0.38,0.46
52766,4,-0.72,-174.57,21.62,26.24,0.06,-0.08,0.38,0.46
52801,4,-0.75,-174.82,21.61,26.28,0.07,-0.05,0.38,0.46
52834,4,-0.75,-175.14,21.62,26.3,0.07,-0.03,0.38,0.46
52868,4,-0.78,-175.28,21.61,26.31,0.07,-0.01,0.38,0.46
52911,4,-0.78,-175.18,21.61,26.32,0.07,-0.02,0.38,0.46
52945,4,-0.79,-175.17,21.61,26.33,0.07,-0.02,0.38,0.46
52979,4,-0.78,-175.06,21.61,26.33,0.07,-0.03,0.38,0.46
53013,4,-0.77,-175.07,21.61,26.34,0.07,-0.03,0.38,0.46
53056,4,-0.8,-175.26,21.61,26.35,0.07,-0.02,0.38,0.46
53091,4,-0.79,-175.31,21.6,26.34,0.07,-0.01,0.38,0.46
53125,4,-0.78,-175.33,21.6,26.34,0.07,-0.01,0.38,0.46
53158,4,-0.81,-175.39,21.6,26.32,0.07,0,0.38,0.46
53203,4,-0.79,-175.26,21.6,26.29,0.07,-0.02,0.38,0.46
53237,4,-0.74,-175.29,21.61,26.28,0.06,-0.01,0.38,0.46
53270,4,-0.74,-175.51,21.6,26.26,0.06,0.01,0.38,0.46
53305,4,-0.78,-175.8,21.6,26.2,0.07,0.03,0.38,0.46
53346,4,-0.73,-176.13,21.6,26.12,0.06,0.06,0.38,0.46
53381,4,-0.73,-176.44,21.6,26.06,0.06,0.09,0.38,0.46
53415,4,-0.76,-176.74,21.6,25.96,0.07,0.11,0.38,0.46
53448,4,-0.75,-177,21.59,25.87,0.07,0.13,0.38,0.45
53492,4,-0.75,-177.23,21.59,25.75,0.07,0.15,0.38,0.45
53526,4,-0.74,-177.28,21.59,25.66,0.06,0.16,0.38,0.45
53560,4,-0.77,-177.35,21.59,25.55,0.07,0.16,0.38,0.45
53637,4,-0.74,-176.81,21.58,25.39,0.06,0.12,0.38,0.45
53670,4,-0.74,-176.88,21.58,25.34,0.06,0.12,0.38,0.44
53705,4,-0.76,-177.15,21.57,25.28,0.07,0.15,0.38,0.44
53781,4,-1.03,-177.27,21.53,25.16,0.1,0.16,0.38,0.44
53815,4,-1.2,-177.16,21.5,25.1,0.12,0.15,0.38,0.44
53848,4,-1.44,-177.09,21.45,25.05,0.15,0.14,0.38,0.44
53883,4,-1.54,-176.94,21.4,25.01,0.16,0.13,0.38,0.44
53927,4,-1.5,-176.72,21.31,24.96,0.15,0.11,0.37,0.44
53961,4,-1.26,-176.59,21.26,24.96,0.13,0.1,0.37,0.44
53996,4,-1.04,-176.54,21.2,24.94,0.1,0.1,0.37,0.44
54072,4,-0.72,-176.37,21.15,24.9,0.06,0.08,0.37,0.44
54106,4,-0.99,-176.33,21.13,24.89,0.09,0.08,0.37,0.44
54140,4,-1.21,-176.41,21.08,24.89,0.12,0.08,0.37,0.44
54174,4,-1.31,-176.51,21.04,24.86,0.13,0.09,0.37,0.44
54218,4,-1.38,-176.61,20.95,24.77,0.14,0.1,0.37,0.43
54251,4,-1.3,-177.02,20.93,24.83,0.13,0.14,0.37,0.44
54286,4,-1.38,-177.12,20.86,24.76,0.14,0.15,0.37,0.43
54319,4,-1.19,-176.28,20.77,24.58,0.12,0.07,0.36,0.43
54362,4,-0.82,-175.73,20.73,24.67,0.07,0.03,0.36,0.43
54397,4,-0.81,-175.85,20.72,24.74,0.07,0.04,0.36,0.43
54430,4,-0.92,-175.66,20.67,24.66,0.09,0.02,0.36,0.43
54464,4,-0.95,-175.55,20.64,24.66,0.09,0.01,0.36,0.43
54509,4,-1.18,-176.21,20.6,24.74,0.12,0.07,0.36,0.43
54543,4,-1.22,-176.71,20.58,24.68,0.12,0.11,0.36,0.43
54576,4,-1.19,-176.58,20.54,24.63,0.12,0.1,0.36,0.43
54610,4,-1,-176.21,20.5,24.59,0.1,0.07,0.36,0.43
54653,4,-0.7,-175.94,20.46,24.56,0.06,0.04,0.36,0.43
54688,4,-0.58,-176.16,20.46,24.64,0.05,0.06,0.36,0.43
54721,4,-0.67,-176.54,20.44,24.63,0.06,0.1,0.36,0.43
54756,4,-0.8,-176.44,20.41,24.55,0.07,0.09,0.36,0.43
54799,4,-0.97,-176.38,20.37,24.5,0.09,0.08,0.36,0.43
54833,4,-1.22,-176.76,20.35,24.57,0.12,0.12,0.36,0.43
54866,4,-1.15,-176.61,20.31,24.55,0.11,0.1,0.36,0.43
54900,4,-0.92,-176.06,20.26,24.45,0.09,0.05,0.36,0.43
54947,4,-0.36,-175.84,20.27,24.49,0.02,0.04,0.35,0.43
54981,4,-0.2,-176.2,20.3,24.6,0,0.07,0.35,0.43
55014,4,0.01,-176.26,20.32,24.59,-0.03,0.07,0.35,0.43
55089,4,0.43,-176.06,20.38,24.64,-0.08,0.05,0.35,0.43
55122,4,0.76,-176.46,20.45,24.73,-0.11,0.09,0.35,0.43
55157,4,1.07,-176.07,20.51,24.7,-0.15,0.06,0.36,0.43
55191,4,1.31,-175.27,20.58,24.67,-0.18,-0.02,0.36,0.43
55233,4,1.41,-174.68,20.7,24.86,-0.19,-0.07,0.36,0.43
55267,4,1.27,-174.4,20.79,24.92,-0.18,-0.09,0.36,0.43
55301,4,1,-174.09,20.88,24.98,-0.15,-0.12,0.36,0.43
55335,4,0.49,-174.33,20.95,25.16,-0.08,-0.1,0.36,0.44
55378,4,-0.11,-174.84,21,25.29,-0.01,-0.05,0.37,0.44
55412,4,-0.27,-175.05,21,25.33,0.01,-0.03,0.37,0.44
55447,4,-0.12,-175.22,21.02,25.43,-0.01,-0.02,0.37,0.44
55480,4,0.19,-175.22,21.05,25.45,-0.05,-0.02,0.37,0.44
55524,4,0.62,-174.65,21.11,25.46,-0.1,-0.07,0.37,0.44
55559,4,0.66,-174.55,21.14,25.55,-0.1,-0.08,0.37,0.44
55593,4,0.63,-174.62,21.18,25.6,-0.1,-0.07,0.37,0.45
55626,4,0.57,-174.62,21.21,25.64,-0.09,-0.07,0.37,0.45
55669,4,0.37,-174.81,21.24,25.73,-0.07,-0.06,0.37,0.45
55703,4,0.21,-174.94,21.24,25.78,-0.05,-0.04,0.37,0.45
55737,4,0.14,-174.8,21.24,25.8,-0.04,-0.06,0.37,0.45
55770,4,0.12,-174.68,21.23,25.84,-0.04,-0.07,0.37,0.45
55814,4,0.14,-174.51,21.26,25.91,-0.04,-0.08,0.37,0.45
55848,4,0.06,-174.37,21.26,25.97,-0.03,-0.1,0.37,0.45
55882,4,0.04,-174.13,21.27,25.97,-0.03,-0.12,0.37,0.45
55915,4,0.1,-174.37,21.29,26.04,-0.04,-0.1,0.37,0.45
55960,4,0.08,-175.34,21.32,26.2,-0.03,-0.01,0.37,0.46
55994,4,0.14,-175.52,21.33,26.12,-0.04,0.01,0.37,0.46
56028,4,0.31,-175.29,21.35,26.05,-0.06,-0.01,0.37,0.45
56104,4,-0.01,-175.87,21.4,26.14,-0.02,0.04,0.37,0.46
56138,4,0.05,-174.53,21.4,25.98,-0.03,-0.08,0.37,0.45
56171,4,0.05,-173.68,21.42,26.04,-0.03,-0.16,0.37,0.45
56205,4,-0.19,-174.36,21.44,26.23,0,-0.1,0.37,0.46
56248,4,-0.26,-175.07,21.45,26.25,0.01,-0.03,0.37,0.46
56282,4,-0.11,-175.15,21.45,26.19,-0.01,-0.03,0.37,0.46
56315,4,0.01,-175.66,21.48,26.23,-0.03,0.02,0.37,0.46
56350,4,-0.09,-176.22,21.51,26.26,-0.01,0.07,0.38,0.46
56395,4,-0.03,-176.03,21.51,26.21,-0.02,0.05,0.38,0.46
56428,4,0.16,-175.43,21.54,26.12,-0.04,0,0.38,0.46
56463,4,0.1,-175.04,21.56,26.14,-0.04,-0.04,0.38,0.46
56539,4,0.03,-175.13,21.57,26.11,-0.03,-0.03,0.38,0.46
56572,4,0.07,-174.59,21.59,26.05,-0.03,-0.08,0.38,0.45
56606,4,-0.17,-174.82,21.59,26.23,0,-0.06,0.38,0.46
56640,4,-0.29,-175.33,21.6,26.29,0.01,-0.01,0.38,0.46
56684,4,-0.17,-175.4,21.59,26.18,0,0,0.38,0.46
56718,4,-0.25,-175.88,21.6,26.27,0.01,0.04,0.38,0.46
56753,4,-0.36,-176.42,21.6,26.27,0.02,0.09,0.38,0.46
56787,4,-0.27,-176.01,21.6,26.16,0.01,0.05,0.38,0.46
56829,4,-0.29,-175.4,21.6,26.15,0.01,0,0.38,0.46
56864,4,-0.3,-175.12,21.6,26.18,0.01,-0.03,0.38,0.46
56898,4,-0.2,-174.74,21.61,26.14,0,-0.06,0.38,0.46
56931,4,-0.22,-174.79,21.62,26.21,0,-0.06,0.38,0.46
56975,4,-0.3,-175.51,21.61,26.27,0.01,0.01,0.38,0.46
57008,4,-0.23,-175.88,21.61,26.21,0,0.04,0.38,0.46
57043,4,-0.25,-175.86,21.62,26.19,0.01,0.04,0.38,0.46
57077,4,-0.27,-175.72,21.61,26.17,0.01,0.02,0.38,0.46
57120,4,-0.21,-175.11,21.62,26.13,0,-0.03,0.38,0.46
57155,4,-0.18,-174.84,21.63,26.17,0,-0.05,0.38,0.46
57188,4,0.06,-175.07,21.66,26.21,-0.03,-0.03,0.38,0.46
57222,4,0.36,-175.36,21.7,26.2,-0.07,-0.01,0.38,0.46
57266,4,0.83,-175.65,21.77,26.2,-0.12,0.02,0.38,0.46
57299,4,1.32,-175.7,21.88,26.18,-0.18,0.02,0.38,0.46
57333,4,1.55,-175.41,22.01,26.13,-0.21,0,0.38,0.46
57368,4,1.53,-175.03,22.17,26.13,-0.21,-0.04,0.38,0.46
57409,4,0.88,-174.85,22.34,26.17,-0.13,-0.05,0.39,0.46
57444,4,0.28,-174.99,22.46,26.18,-0.06,-0.04,0.39,0.46
57478,4,-0.23,-175.23,22.56,26.21,0,-0.02,0.39,0.46
57511,4,-0.57,-175.54,22.6,26.2,0.05,0.01,0.4,0.46
57555,4,-0.26,-175.49,22.65,26.18,0.01,0,0.4,0.46
57589,4,0.59,-174.97,22.74,26.2,-0.1,-0.04,0.4,0.46
57622,4,1.04,-174.66,22.83,26.23,-0.15,-0.07,0.4,0.46
57657,4,1.27,-174.48,22.94,26.28,-0.18,-0.09,0.4,0.46
57700,4,1.04,-174.82,23.08,26.35,-0.15,-0.06,0.4,0.46
