time_ms,mode,pitch_deg,roll_deg,target_pitch,target_roll,control_pitch,control_roll,motor_pitch_pos,motor_roll_pos
2275,1,1.91,-172.03,0.00,0.00,0.00,0.00,0.00,0.00
2313,1,1.91,-172.03,0.00,0.00,0.00,0.00,0.00,0.00
2352,1,1.91,-172.03,0.00,0.00,0.00,0.00,0.00,0.00
2390,1,1.91,-172.03,0.00,0.00,0.00,0.00,0.00,0.00
2427,1,1.91,-172.03,0.00,0.00,0.00,0.00,0.00,0.00
2465,1,1.91,-172.03,0.00,0.00,0.00,0.00,0.00,0.00
2503,1,1.91,-172.03,0.00,0.00,0.00,0.00,0.00,0.00
2541,1,1.91,-172.03,0.00,0.00,0.00,0.00,0.00,0.00
2579,1,1.91,-172.03,0.00,0.00,0.00,0.00,0.00,0.00
2616,1,1.91,-172.03,0.00,0.00,0.00,0.00,0.00,0.00
2655,1,1.91,-172.03,0.00,0.00,0.00,0.00,0.00,0.00
2693,1,1.91,-172.03,0.00,0.00,0.00,0.00,0.00,0.00
2731,1,1.91,-172.03,0.00,0.00,0.00,0.00,0.00,0.00
2769,1,1.91,-172.03,0.00,0.00,0.00,0.00,0.00,0.00
2806,1,1.91,-172.03,0.00,0.00,0.00,0.00,0.00,0.00
2844,1,1.91,-172.03,0.00,0.00,0.00,0.00,0.00,0.00
2883,1,1.91,-172.03,0.00,0.00,0.00,0.00,0.00,0.00
2920,1,1.91,-172.03,0.00,0.00,0.00,0.00,0.00,0.00
2958,1,1.91,-172.03,0.00,0.00,0.00,0.00,0.00,0.00
2996,1,1.91,-172.03,0.00,0.00,0.00,0.00,0.00,0.00
3034,1,1.91,-172.03,0.00,0.00,0.00,0.00,0.00,0.00
3072,1,1.91,-172.03,0.00,0.00,0.00,0.00,0.00,0.00
3109,1,1.91,-172.03,0.00,0.00,0.00,0.00,0.00,0.00
3147,1,1.91,-172.03,0.00,0.00,0.00,0.00,0.00,0.00
3185,1,1.91,-172.03,0.00,0.00,0.00,0.00,0.00,0.00
3224,1,1.91,-172.03,0.00,0.00,0.00,0.00,0.00,0.00
3261,1,1.91,-172.01,0.00,0.00,0.00,0.00,0.00,0.00
3298,1,1.91,-172.03,0.00,0.00,0.00,0.00,0.00,0.00
3336,1,1.91,-172.03,0.00,0.00,0.00,0.00,0.00,0.00
3375,1,1.91,-172.02,0.00,0.00,0.00,0.00,0.00,0.00
3412,1,1.91,-172.02,0.00,0.00,0.00,0.00,0.00,0.00
3449,1,1.91,-172.02,0.00,0.00,0.00,0.00,0.00,0.00
3487,1,1.91,-172.01,0.00,0.00,0.00,0.00,0.00,0.00
3525,1,1.91,-172.01,0.00,0.00,0.00,0.00,0.00,0.00
3563,1,1.91,-172.01,0.00,0.00,0.00,0.00,0.00,0.00
3600,1,1.91,-172.01,0.00,0.00,0.00,0.00,0.00,0.00
3648,1,1.91,-172.01,0.00,0.00,0.00,0.00,0.00,0.00
3686,1,1.91,-172.01,0.00,0.00,0.00,0.00,0.00,0.00
3725,1,1.91,-172.01,0.00,0.00,0.00,0.00,0.00,0.00
3762,1,1.91,-172.01,0.00,0.00,0.00,0.00,0.00,0.00
3799,1,1.91,-172.01,0.00,0.00,0.00,0.00,0.00,0.00
3838,1,1.91,-172.01,0.00,0.00,0.00,0.00,0.00,0.00
3876,1,1.91,-172.01,0.00,0.00,0.00,0.00,0.00,0.00
3913,1,1.91,-172.01,0.00,0.00,0.00,0.00,0.00,0.00
3950,1,1.91,-172.01,0.00,0.00,0.00,0.00,0.00,0.00
3989,1,1.91,-172.01,0.00,0.00,0.00,0.00,0.00,0.00
4027,1,1.91,-172.01,0.00,0.00,0.00,0.00,0.00,0.00
4064,1,1.91,-172.01,0.00,0.00,0.00,0.00,0.00,0.00
4101,1,1.91,-172.01,0.00,0.00,0.00,0.00,0.00,0.00
4139,1,1.91,-172.01,0.00,0.00,0.00,0.00,0.00,0.00
4178,1,1.91,-172.02,0.00,0.00,0.00,0.00,0.00,0.00
4215,1,1.91,-172.03,0.00,0.00,0.00,0.00,0.00,0.00
4252,1,1.91,-172.01,0.00,0.00,0.00,0.00,0.00,0.00
4290,1,1.91,-172.01,0.00,0.00,0.00,0.00,0.00,0.00
4327,1,1.91,-172.08,0.00,0.00,0.00,0.00,0.00,0.00
4364,1,1.91,-172.19,0.00,0.00,0.00,0.00,0.00,0.00
4401,1,1.91,-172.37,0.00,0.00,0.00,0.00,0.00,0.00
4440,1,1.91,-172.53,0.00,0.00,0.00,0.00,0.00,0.00
4478,1,1.91,-172.66,0.00,0.00,0.00,0.00,0.00,0.00
4515,1,1.91,-172.57,0.00,0.00,0.00,0.00,0.00,0.00
4585,1,1.89,-172.73,21.46,27.33,-0.30,-0.27,0.37,0.47
4618,1,1.88,-172.89,21.50,27.43,-0.30,-0.25,0.37,0.47
4653,1,1.40,-173.56,21.56,27.53,-0.21,-0.17,0.37,0.48
4687,1,0.40,-174.90,21.56,27.63,-0.05,-0.03,0.38,0.48
4721,1,-0.75,-176.61,21.50,27.65,0.11,0.13,0.38,0.48
4756,1,-0.98,-176.95,21.47,27.55,0.08,0.12,0.38,0.48
4789,1,-0.49,-176.77,21.52,27.53,-0.02,0.09,0.38,0.48
4823,1,-0.28,-176.74,21.54,27.61,-0.03,0.09,0.38,0.48
4858,1,-0.39,-176.60,21.51,27.58,0.00,0.08,0.38,0.48
4891,1,-0.35,-176.26,21.52,27.54,-0.01,0.04,0.38,0.48
4925,1,-0.38,-176.23,21.52,27.57,-0.01,0.05,0.38,0.48
4959,1,-0.39,-176.21,21.51,27.57,-0.00,0.05,0.38,0.48
4993,1,-0.31,-176.07,21.53,27.56,-0.02,0.03,0.38,0.48
5027,1,-0.37,-176.13,21.51,27.58,-0.00,0.04,0.38,0.48
5060,1,-0.35,-176.25,21.52,27.58,-0.01,0.05,0.38,0.48
5095,1,-0.37,-176.25,21.52,27.57,-0.01,0.05,0.38,0.48
5129,1,-0.39,-176.31,21.51,27.58,-0.00,0.06,0.38,0.48
5163,1,-0.39,-176.43,21.52,27.58,-0.01,0.07,0.38,0.48
5198,1,-0.38,-176.35,21.51,27.56,-0.01,0.06,0.38,0.48
5231,1,-0.38,-176.17,21.51,27.57,-0.01,0.04,0.38,0.48
5265,1,-0.39,-176.21,21.51,27.58,-0.00,0.05,0.38,0.48
5299,1,-0.38,-176.27,21.51,27.58,-0.01,0.05,0.38,0.48
5333,1,-0.38,-176.34,21.52,27.57,-0.01,0.06,0.38,0.48
5367,1,-0.38,-176.34,21.52,27.57,-0.01,0.06,0.38,0.48
5400,1,-0.38,-176.25,21.51,27.57,-0.01,0.05,0.38,0.48
5446,1,-0.38,-176.18,21.52,27.58,-0.00,0.04,0.38,0.48
5481,1,-0.39,-176.29,21.51,27.58,-0.00,0.06,0.38,0.48
5514,1,-0.39,-176.34,21.51,27.57,-0.00,0.06,0.38,0.48
5549,1,-0.39,-176.30,21.51,27.57,-0.00,0.05,0.38,0.48
5582,1,-0.40,-176.26,21.51,27.58,-0.00,0.05,0.38,0.48
5616,1,-0.40,-176.27,21.51,27.58,-0.00,0.05,0.38,0.48
5651,1,-0.39,-176.31,21.52,27.57,-0.00,0.06,0.38,0.48
5684,1,-0.40,-176.32,21.51,27.57,-0.00,0.06,0.38,0.48
5718,1,-0.39,-176.27,21.51,27.57,-0.00,0.05,0.38,0.48
5751,1,-0.40,-176.23,21.51,27.57,-0.00,0.05,0.38,0.48
5785,1,-0.40,-176.25,21.51,27.57,-0.00,0.05,0.38,0.48
5820,1,-0.40,-176.30,21.51,27.57,-0.00,0.06,0.38,0.48
5853,1,-0.40,-176.28,21.51,27.57,-0.00,0.05,0.38,0.48
5888,1,-0.40,-176.25,21.51,27.57,-0.00,0.05,0.38,0.48
5922,1,-0.40,-176.28,21.51,27.57,-0.00,0.06,0.38,0.48
5956,1,-0.40,-176.29,21.51,27.56,-0.00,0.06,0.38,0.48
5991,1,-0.40,-176.28,21.51,27.56,-0.00,0.05,0.38,0.48
6024,1,-0.40,-176.22,21.51,27.57,-0.00,0.05,0.38,0.48
6059,1,-0.40,-176.20,21.51,27.57,-0.00,0.05,0.38,0.48
6093,1,-0.40,-176.25,21.51,27.57,-0.00,0.05,0.38,0.48
6127,1,-0.40,-176.29,21.51,27.57,-0.00,0.06,0.38,0.48
6162,1,-0.40,-176.28,21.51,27.56,-0.00,0.05,0.38,0.48
6195,1,-0.40,-176.25,21.51,27.56,-0.00,0.05,0.38,0.48
6230,1,-0.40,-176.24,21.51,27.56,-0.00,0.05,0.38,0.48
6264,1,-0.40,-176.25,21.51,27.57,-0.00,0.05,0.38,0.48
6298,1,-0.40,-176.25,21.52,27.57,-0.00,0.05,0.38,0.48
6333,1,-0.40,-176.25,21.51,27.57,-0.00,0.05,0.38,0.48
6366,1,-0.40,-176.25,21.51,27.57,-0.00,0.05,0.38,0.48
6401,1,-0.40,-176.26,21.51,27.57,-0.00,0.05,0.38,0.48
6434,1,-0.41,-176.25,21.51,27.57,-0.00,0.05,0.38,0.48
6468,1,-0.40,-176.25,21.51,27.56,-0.00,0.05,0.38,0.48
6503,1,-0.41,-176.25,21.51,27.56,-0.00,0.05,0.38,0.48
6536,1,-0.41,-176.25,21.51,27.56,-0.00,0.05,0.38,0.48
6570,1,-0.41,-176.25,21.51,27.57,-0.00,0.05,0.38,0.48
6604,1,-0.41,-176.25,21.51,27.56,-0.00,0.05,0.38,0.48
6638,1,-0.40,-176.27,21.51,27.57,-0.00,0.06,0.38,0.48
6672,1,-0.41,-176.27,21.51,27.56,-0.00,0.06,0.38,0.48
6706,1,-0.40,-176.27,21.51,27.56,-0.00,0.06,0.38,0.48
6741,1,-0.40,-176.27,21.51,27.56,-0.00,0.06,0.38,0.48
6775,1,-0.40,-176.27,21.51,27.56,-0.00,0.06,0.38,0.48
6808,1,-0.40,-176.27,21.51,27.56,-0.00,0.06,0.38,0.48
6843,1,-0.41,-176.26,21.51,27.56,0.00,0.06,0.38,0.48
6877,1,-0.40,-176.27,21.51,27.56,-0.00,0.06,0.38,0.48
6911,1,-0.40,-176.27,21.51,27.56,-0.00,0.06,0.38,0.48
6955,1,-0.40,-176.27,21.51,27.56,-0.00,0.06,0.38,0.48
6988,1,-0.41,-176.25,21.51,27.56,0.00,0.05,0.38,0.48
7022,1,-0.41,-176.25,21.51,27.56,-0.00,0.05,0.38,0.48
7056,1,-0.41,-176.25,21.51,27.56,-0.00,0.05,0.38,0.48
7098,1,-0.41,-176.25,21.51,27.56,-0.00,0.05,0.38,0.48
7133,1,-0.41,-176.25,21.51,27.56,0.00,0.06,0.38,0.48
7167,1,-0.41,-176.25,21.51,27.55,0.00,0.06,0.38,0.48
7201,1,-0.41,-176.25,21.51,27.55,0.00,0.06,0.38,0.48
7245,1,-0.41,-176.25,21.51,27.55,0.00,0.06,0.38,0.48
7279,1,-0.41,-176.25,21.51,27.55,0.00,0.06,0.38,0.48
7314,1,-0.41,-176.25,21.51,27.55,0.00,0.06,0.38,0.48
7389,1,-0.41,-176.25,21.51,27.55,0.00,0.06,0.38,0.48
7423,1,-0.41,-176.25,21.51,27.55,0.00,0.06,0.38,0.48
7457,1,-0.41,-176.25,21.51,27.55,0.00,0.06,0.38,0.48
7490,1,-0.41,-176.25,21.51,27.55,0.00,0.06,0.38,0.48
7536,1,-0.41,-176.25,21.51,27.54,0.00,0.06,0.38,0.48
7569,1,-0.41,-176.25,21.51,27.54,0.00,0.06,0.38,0.48
7604,1,-0.41,-176.25,21.50,27.54,0.00,0.06,0.38,0.48
7638,1,-0.41,-176.25,21.51,27.55,0.00,0.06,0.38,0.48
7681,1,-0.41,-176.25,21.51,27.55,0.00,0.06,0.38,0.48
7715,1,-0.41,-176.25,21.51,27.55,0.00,0.06,0.38,0.48
7749,1,-0.41,-176.25,21.51,27.55,0.00,0.06,0.38,0.48
7784,1,-0.41,-176.25,21.51,27.54,0.00,0.06,0.38,0.48
7826,1,-0.41,-176.25,21.51,27.54,0.00,0.06,0.38,0.48
7860,1,-0.41,-176.25,21.51,27.55,0.00,0.06,0.38,0.48
7894,1,-0.41,-176.25,21.51,27.54,0.00,0.06,0.38,0.48
7929,1,-0.41,-176.25,21.50,27.54,0.00,0.06,0.38,0.48
7971,1,-0.41,-176.25,21.51,27.54,0.00,0.06,0.38,0.48
8006,1,-0.41,-176.25,21.51,27.54,0.00,0.06,0.38,0.48
8039,1,-0.41,-176.25,21.51,27.54,0.00,0.06,0.38,0.48
8073,1,-0.41,-176.25,21.51,27.54,0.00,0.06,0.38,0.48
8117,1,-0.41,-176.25,21.51,27.54,0.00,0.06,0.38,0.48
8151,1,-0.41,-176.25,21.51,27.54,0.00,0.06,0.38,0.48
8186,1,-0.41,-176.25,21.51,27.54,0.00,0.06,0.38,0.48
8261,1,-0.41,-176.25,21.51,27.54,0.00,0.06,0.38,0.48
8296,1,-0.41,-176.25,21.51,27.54,0.00,0.06,0.38,0.48
8330,1,-0.41,-176.25,21.51,27.54,0.00,0.06,0.38,0.48
8363,1,-0.41,-176.25,21.51,27.54,0.00,0.06,0.38,0.48
8408,1,-0.41,-176.25,21.51,27.53,0.00,0.06,0.38,0.48
8441,1,-0.41,-176.25,21.51,27.53,0.00,0.06,0.38,0.48
8475,1,-0.41,-176.25,21.51,27.53,0.00,0.06,0.38,0.48
8509,1,-0.41,-176.25,21.51,27.53,0.00,0.06,0.38,0.48
8552,1,-0.41,-176.25,21.51,27.53,0.00,0.06,0.38,0.48
8587,1,-0.41,-176.25,21.51,27.53,0.00,0.06,0.38,0.48
8621,1,-0.41,-176.25,21.51,27.53,0.00,0.06,0.38,0.48
8655,1,-0.41,-176.25,21.51,27.53,0.00,0.06,0.38,0.48
8699,1,-0.41,-176.25,21.51,27.53,0.00,0.06,0.38,0.48
8733,1,-0.41,-176.25,21.51,27.53,0.00,0.06,0.38,0.48
8767,1,-0.41,-176.25,21.50,27.53,0.00,0.06,0.38,0.48
8842,1,-0.41,-176.25,21.51,27.53,0.00,0.06,0.38,0.48
8876,1,-0.41,-176.25,21.51,27.53,0.00,0.06,0.38,0.48
8911,1,-0.41,-176.25,21.50,27.53,0.00,0.06,0.38,0.48
8944,1,-0.41,-176.25,21.51,27.53,0.00,0.06,0.38,0.48
8990,1,-0.41,-176.25,21.51,27.53,0.00,0.06,0.38,0.48
9023,1,-0.41,-176.25,21.51,27.53,0.00,0.06,0.38,0.48
9058,1,-0.41,-176.25,21.51,27.53,0.00,0.06,0.38,0.48
9133,1,-0.41,-176.25,21.51,27.52,0.00,0.06,0.38,0.48
9167,1,-0.41,-176.25,21.51,27.52,0.00,0.06,0.38,0.48
9202,1,-0.41,-176.25,21.51,27.52,0.00,0.06,0.38,0.48
9235,1,-0.41,-176.25,21.51,27.52,0.00,0.06,0.38,0.48
9279,1,-0.41,-176.25,21.51,27.52,0.00,0.06,0.38,0.48
9313,1,-0.41,-176.25,21.51,27.52,0.00,0.06,0.38,0.48
9347,1,-0.41,-176.25,21.51,27.53,0.00,0.06,0.38,0.48
9381,1,-0.41,-176.25,21.51,27.52,0.00,0.06,0.38,0.48
9424,1,-0.41,-176.25,21.51,27.52,0.00,0.06,0.38,0.48
9459,1,-0.41,-176.25,21.51,27.52,0.00,0.06,0.38,0.48
9493,1,-0.41,-176.25,21.51,27.52,0.00,0.06,0.38,0.48
9570,1,-0.41,-176.25,21.51,27.52,0.00,0.06,0.38,0.48
9604,1,-0.41,-176.25,21.51,27.52,0.00,0.06,0.38,0.48
9638,1,-0.41,-176.25,21.50,27.52,0.00,0.06,0.38,0.48
9672,1,-0.41,-176.25,21.51,27.52,0.00,0.06,0.38,0.48
9715,1,-0.41,-176.25,21.51,27.52,0.00,0.06,0.38,0.48
9748,1,-0.41,-176.25,21.51,27.52,0.00,0.06,0.38,0.48
9783,1,-0.41,-176.25,21.51,27.52,0.00,0.06,0.38,0.48
9860,1,-0.41,-176.25,21.51,27.52,0.00,0.06,0.38,0.48
9895,1,-0.41,-176.25,21.51,27.52,0.00,0.06,0.38,0.48
9928,1,-0.41,-176.25,21.51,27.52,0.00,0.06,0.38,0.48
9963,1,-0.41,-176.25,21.50,27.52,0.00,0.06,0.38,0.48
10006,1,-0.41,-176.25,21.50,27.52,0.00,0.06,0.38,0.48
10039,1,-0.41,-176.25,21.50,27.52,0.00,0.06,0.38,0.48
10074,1,-0.41,-176.25,21.50,27.52,0.00,0.06,0.38,0.48
10150,1,-0.41,-176.25,21.51,27.51,0.00,0.06,0.38,0.48
10185,1,-0.41,-176.25,21.51,27.51,0.00,0.06,0.38,0.48
10219,1,-0.41,-176.25,21.50,27.51,0.00,0.06,0.38,0.48
10253,1,-0.41,-176.25,21.50,27.51,0.00,0.06,0.38,0.48
10296,1,-0.41,-176.25,21.50,27.51,0.00,0.06,0.38,0.48
10330,1,-0.41,-176.25,21.50,27.51,0.00,0.06,0.38,0.48
10365,1,-0.41,-176.25,21.51,27.51,0.00,0.06,0.38,0.48
10441,1,-0.41,-176.24,21.50,27.51,0.00,0.06,0.38,0.48
10475,1,-0.41,-176.24,21.50,27.51,0.00,0.06,0.38,0.48
10509,1,-0.41,-176.24,21.51,27.51,0.00,0.06,0.38,0.48
10544,1,-0.41,-176.24,21.51,27.50,0.00,0.06,0.38,0.48
10587,1,-0.41,-176.24,21.50,27.50,0.00,0.06,0.38,0.48
10621,1,-0.41,-176.24,21.50,27.50,0.00,0.06,0.38,0.48
10656,1,-0.41,-176.24,21.51,27.50,0.00,0.06,0.38,0.48
10689,1,-0.41,-176.24,21.51,27.50,0.00,0.06,0.38,0.48
10732,1,-0.41,-176.24,21.51,27.50,0.00,0.06,0.38,0.48
10767,1,-0.41,-176.24,21.51,27.50,0.00,0.06,0.38,0.48
10800,1,-0.41,-176.24,21.51,27.50,0.00,0.06,0.38,0.48
10878,1,-0.41,-176.24,21.51,27.50,0.00,0.06,0.38,0.48
10912,1,-0.41,-176.24,21.50,27.50,0.00,0.06,0.38,0.48
10947,1,-0.41,-176.24,21.50,27.50,0.00,0.06,0.38,0.48
11022,1,-0.41,-176.24,21.51,27.50,0.00,0.06,0.38,0.48
11057,1,-0.41,-176.24,21.51,27.50,0.00,0.06,0.38,0.48
11091,1,-0.41,-176.24,21.51,27.50,0.00,0.06,0.38,0.48
11126,1,-0.41,-176.24,21.51,27.49,0.00,0.06,0.38,0.48
11169,1,-0.41,-176.24,21.51,27.49,0.00,0.06,0.38,0.48
11202,1,-0.41,-176.24,21.51,27.49,0.00,0.06,0.38,0.48
11236,1,-0.41,-176.24,21.50,27.49,0.00,0.06,0.38,0.48
11270,1,-0.41,-176.24,21.50,27.49,0.00,0.06,0.38,0.48
11313,1,-0.41,-176.24,21.51,27.49,0.00,0.06,0.38,0.48
11348,1,-0.41,-176.24,21.51,27.48,0.00,0.06,0.38,0.48
11381,1,-0.41,-176.24,21.50,27.48,0.00,0.06,0.38,0.48
11416,1,-0.41,-176.24,21.51,27.48,0.00,0.06,0.38,0.48
11459,1,-0.41,-176.24,21.50,27.48,0.00,0.06,0.38,0.48
11493,1,-0.41,-176.24,21.50,27.48,0.01,0.06,0.38,0.48
11528,1,-0.41,-176.24,21.51,27.48,0.01,0.06,0.38,0.48
11561,1,-0.41,-176.24,21.50,27.48,0.01,0.06,0.38,0.48
11604,1,-0.41,-176.24,21.51,27.47,0.01,0.07,0.38,0.48
11637,1,-0.41,-176.24,21.50,27.47,0.01,0.07,0.38,0.48
11671,1,-0.41,-176.24,21.51,27.47,0.01,0.07,0.38,0.48
11705,1,-0.41,-176.24,21.51,27.47,0.01,0.07,0.38,0.48
11750,1,-0.41,-176.24,21.50,27.47,0.01,0.07,0.38,0.48
11784,1,-0.41,-176.24,21.50,27.47,0.01,0.07,0.38,0.48
11819,1,-0.41,-176.24,21.50,27.47,0.01,0.07,0.38,0.48
11894,1,-0.41,-176.24,21.51,27.46,0.01,0.07,0.38,0.48
11929,1,-0.41,-176.24,21.50,27.46,0.01,0.07,0.38,0.48
11963,1,-0.41,-176.24,21.50,27.46,0.01,0.07,0.38,0.48
11997,1,-0.41,-176.24,21.50,27.46,0.01,0.07,0.38,0.48
12041,1,-0.41,-176.24,21.50,27.46,0.01,0.07,0.38,0.48
12075,1,-0.41,-176.25,21.51,27.45,0.01,0.07,0.38,0.48
12109,1,-0.41,-176.25,21.50,27.45,0.01,0.07,0.38,0.48
12185,1,-0.41,-176.25,21.50,27.45,0.01,0.07,0.38,0.48
12220,1,-0.41,-176.25,21.50,27.45,0.01,0.07,0.38,0.48
12254,1,-0.41,-176.25,21.51,27.44,0.01,0.07,0.38,0.48
12287,1,-0.41,-176.25,21.50,27.44,0.01,0.07,0.38,0.48
12332,1,-0.41,-176.25,21.50,27.44,0.01,0.07,0.38,0.48
12366,1,-0.41,-176.25,21.50,27.43,0.01,0.07,0.38,0.48
12401,1,-0.40,-176.23,21.51,27.43,0.01,0.07,0.38,0.48
12476,1,-0.40,-176.20,21.50,27.43,0.01,0.06,0.38,0.48
12511,1,-0.41,-176.21,21.50,27.43,0.01,0.06,0.38,0.48
12545,1,-0.41,-176.21,21.51,27.43,0.01,0.06,0.38,0.48
12579,1,-0.41,-176.21,21.50,27.43,0.01,0.06,0.38,0.48
12623,1,-0.41,-176.21,21.50,27.42,0.01,0.06,0.38,0.48
12656,1,-0.41,-176.21,21.50,27.42,0.01,0.06,0.38,0.48
12690,1,-0.41,-176.21,21.50,27.42,0.01,0.07,0.38,0.48
12725,1,-0.41,-176.21,21.51,27.42,0.01,0.07,0.38,0.48
12766,1,-0.41,-176.21,21.50,27.42,0.01,0.07,0.38,0.48
12801,1,-0.41,-176.21,21.50,27.42,0.01,0.07,0.38,0.48
12835,1,-0.41,-176.21,21.50,27.42,0.01,0.07,0.38,0.48
12869,1,-0.41,-176.21,21.50,27.42,0.01,0.07,0.38,0.48
12913,1,-0.41,-176.21,21.51,27.42,0.01,0.07,0.38,0.48
12947,1,-0.41,-176.21,21.51,27.41,0.01,0.07,0.38,0.48
12982,1,-0.41,-176.21,21.50,27.41,0.01,0.07,0.38,0.48
13058,1,-0.41,-176.21,21.51,27.41,0.01,0.07,0.38,0.48
13091,1,-0.41,-176.21,21.50,27.41,0.01,0.07,0.38,0.48
13126,1,-0.41,-176.21,21.50,27.41,0.01,0.07,0.38,0.48
13159,1,-0.41,-176.21,21.51,27.40,0.01,0.07,0.38,0.48
13204,1,-0.41,-176.21,21.50,27.41,0.01,0.07,0.38,0.48
13238,1,-0.41,-176.21,21.50,27.40,0.01,0.07,0.38,0.48
13272,1,-0.41,-176.21,21.50,27.40,0.01,0.07,0.38,0.48
13307,1,-0.41,-176.21,21.51,27.40,0.01,0.07,0.38,0.48
13349,1,-0.41,-176.21,21.50,27.40,0.01,0.07,0.38,0.48
13383,1,-0.41,-176.21,21.50,27.40,0.01,0.07,0.38,0.48
13417,1,-0.41,-176.21,21.50,27.40,0.01,0.07,0.38,0.48
13493,1,-0.41,-176.21,21.51,27.39,0.01,0.07,0.38,0.48
13527,1,-0.41,-176.21,21.50,27.39,0.01,0.07,0.38,0.48
13561,1,-0.41,-176.21,21.50,27.39,0.01,0.07,0.38,0.48
13595,1,-0.41,-176.21,21.51,27.39,0.01,0.07,0.38,0.48
13639,1,-0.41,-176.21,21.50,27.38,0.01,0.07,0.38,0.48
13674,1,-0.41,-176.21,21.50,27.39,0.01,0.07,0.38,0.48
13708,1,-0.41,-176.21,21.50,27.38,0.01,0.07,0.38,0.48
13785,1,-0.41,-176.21,21.50,27.38,0.01,0.07,0.38,0.48
13819,1,-0.41,-176.21,21.50,27.38,0.01,0.07,0.38,0.48
13853,1,-0.41,-176.21,21.50,27.38,0.01,0.07,0.38,0.48
13888,1,-0.41,-176.21,21.50,27.38,0.01,0.07,0.38,0.48
13930,1,-0.41,-176.22,21.50,27.38,0.01,0.07,0.38,0.48
13965,1,-0.41,-176.22,21.50,27.38,0.01,0.07,0.38,0.48
13999,1,-0.41,-176.22,21.50,27.37,0.01,0.07,0.38,0.48
14076,1,-0.40,-176.19,21.50,27.37,0.01,0.07,0.38,0.48
14110,1,-0.40,-176.16,21.50,27.38,0.01,0.06,0.38,0.48
14143,1,-0.40,-176.14,21.51,27.38,0.01,0.06,0.38,0.48
14178,1,-0.39,-176.15,21.51,27.38,0.01,0.06,0.38,0.48
14220,1,-0.39,-176.14,21.51,27.38,0.01,0.06,0.38,0.48
14254,1,-0.38,-176.12,21.50,27.38,0.01,0.06,0.38,0.48
14289,1,-0.38,-176.11,21.50,27.38,0.01,0.06,0.38,0.48
14322,1,-0.38,-176.09,21.51,27.39,0.00,0.06,0.38,0.48
14368,1,-0.37,-176.07,21.50,27.39,0.00,0.06,0.38,0.48
14401,1,-0.37,-176.04,21.51,27.39,0.00,0.05,0.38,0.48
14435,1,-0.37,-176.05,21.51,27.40,0.00,0.06,0.38,0.48
14511,1,-0.36,-176.10,21.51,27.40,0.00,0.06,0.38,0.48
14545,1,-0.36,-176.08,21.50,27.40,0.00,0.06,0.38,0.48
14579,1,-0.36,-176.06,21.51,27.40,0.00,0.06,0.38,0.48
14613,1,-0.35,-176.04,21.51,27.40,0.00,0.05,0.38,0.48
14657,1,-0.35,-176.05,21.51,27.41,0.00,0.06,0.38,0.48
14691,1,-0.35,-176.09,21.51,27.41,0.00,0.06,0.38,0.48
14725,1,-0.35,-176.10,21.51,27.40,0.00,0.06,0.38,0.48
14760,1,-0.35,-176.09,21.51,27.40,0.00,0.06,0.38,0.48
14802,1,-0.34,-176.05,21.51,27.40,0.00,0.05,0.38,0.48
14836,1,-0.34,-176.04,21.51,27.40,0.00,0.05,0.38,0.48
14871,1,-0.34,-176.06,21.51,27.40,0.00,0.06,0.38,0.48
14904,1,-0.34,-176.05,21.51,27.40,0.00,0.05,0.38,0.48
14948,1,-0.33,-176.03,21.51,27.41,-0.00,0.05,0.38,0.48
14982,1,-0.33,-176.03,21.51,27.40,-0.00,0.05,0.38,0.48
15016,1,-0.33,-176.02,21.51,27.41,-0.00,0.05,0.38,0.48
15049,1,-0.33,-176.01,21.51,27.41,-0.00,0.05,0.38,0.48
15093,1,-0.33,-176.03,21.51,27.41,0.00,0.05,0.38,0.48
15127,1,-0.33,-176.06,21.51,27.41,-0.00,0.06,0.38,0.48
15162,1,-0.33,-176.10,21.51,27.40,-0.00,0.06,0.38,0.48
15195,1,-0.33,-176.10,21.51,27.40,-0.00,0.06,0.38,0.48
15239,1,-0.33,-176.05,21.51,27.40,0.00,0.06,0.38,0.48
15273,1,-0.33,-176.04,21.51,27.40,-0.00,0.05,0.38,0.48
15307,1,-0.33,-176.10,21.51,27.40,-0.00,0.06,0.38,0.48
15342,1,-0.33,-176.13,21.51,27.40,-0.00,0.06,0.38,0.48
15384,1,-0.33,-176.12,21.51,27.39,-0.00,0.06,0.38,0.48
15418,1,-0.33,-176.11,21.51,27.39,0.00,0.06,0.38,0.48
15452,1,-0.33,-176.11,21.51,27.39,-0.00,0.06,0.38,0.48
15485,1,-0.33,-176.12,21.51,27.39,-0.00,0.06,0.38,0.48
15530,1,-0.33,-176.13,21.51,27.38,-0.00,0.06,0.38,0.48
15564,1,-0.33,-176.13,21.51,27.39,-0.00,0.06,0.38,0.48
15598,1,-0.33,-176.13,21.51,27.39,-0.00,0.06,0.38,0.48
15633,1,-0.33,-176.13,21.51,27.38,-0.00,0.06,0.38,0.48
15675,1,-0.33,-176.13,21.51,27.38,-0.00,0.06,0.38,0.48
15709,1,-0.33,-176.13,21.51,27.38,-0.00,0.06,0.38,0.48
15744,1,-0.33,-176.13,21.51,27.38,-0.00,0.06,0.38,0.48
15821,1,-0.33,-176.14,21.51,27.38,0.00,0.07,0.38,0.48
15855,1,-0.33,-176.14,21.51,27.38,0.00,0.07,0.38,0.48
15888,1,-0.33,-176.14,21.51,27.38,0.00,0.07,0.38,0.48
15965,1,-0.33,-176.14,21.51,27.38,0.00,0.07,0.38,0.48
15999,1,-0.33,-176.14,21.51,27.37,0.00,0.07,0.38,0.48
16033,1,-0.33,-176.14,21.51,27.37,0.00,0.07,0.38,0.48
16110,1,-0.33,-176.14,21.51,27.37,0.00,0.07,0.38,0.48
16144,1,-0.33,-176.14,21.51,27.37,0.00,0.07,0.38,0.48
16178,1,-0.33,-176.14,21.51,27.37,0.00,0.07,0.38,0.48
16213,1,-0.33,-176.13,21.51,27.37,0.00,0.07,0.38,0.48
16256,1,-0.32,-176.11,21.51,27.38,-0.00,0.06,0.38,0.48
16290,1,-0.32,-176.08,21.51,27.38,-0.00,0.06,0.38,0.48
16324,1,-0.32,-176.07,21.51,27.38,-0.00,0.06,0.38,0.48
16358,1,-0.32,-176.06,21.51,27.39,-0.00,0.06,0.38,0.48
16400,1,-0.31,-176.04,21.51,27.39,-0.00,0.06,0.38,0.48
16444,1,-0.31,-176.05,21.51,27.39,-0.00,0.06,0.38,0.48
16478,1,-0.31,-176.04,21.51,27.39,-0.00,0.06,0.38,0.48
16547,1,-0.31,-176.01,21.51,27.39,-0.00,0.05,0.38,0.48
16580,1,-0.30,-175.99,21.51,27.39,-0.00,0.05,0.38,0.48
16615,1,-0.30,-175.98,21.51,27.40,-0.00,0.05,0.38,0.48
16691,1,-0.30,-176.03,21.52,27.40,-0.00,0.06,0.38,0.48
16726,1,-0.30,-176.02,21.51,27.40,-0.00,0.06,0.38,0.48
16760,1,-0.30,-176.00,21.51,27.41,-0.00,0.05,0.38,0.48
16794,1,-0.29,-175.98,21.52,27.40,-0.00,0.05,0.38,0.48
16837,1,-0.29,-175.98,21.51,27.41,-0.00,0.05,0.38,0.48
16871,1,-0.29,-176.00,21.52,27.41,-0.00,0.06,0.38,0.48
16904,1,-0.30,-175.99,21.51,27.41,-0.00,0.05,0.38,0.48
16938,1,-0.29,-175.98,21.51,27.41,-0.00,0.05,0.38,0.48
16982,1,-0.29,-175.96,21.51,27.41,-0.00,0.05,0.38,0.48
17017,1,-0.29,-175.96,21.52,27.42,-0.00,0.05,0.38,0.48
17050,1,-0.29,-175.96,21.51,27.42,-0.00,0.05,0.38,0.48
17085,1,-0.29,-175.98,21.52,27.42,-0.00,0.05,0.38,0.48
17128,1,-0.29,-175.99,21.51,27.42,-0.00,0.05,0.38,0.48
17161,1,-0.29,-175.98,21.51,27.42,-0.00,0.05,0.38,0.48
17196,1,-0.28,-175.97,21.51,27.42,-0.01,0.05,0.38,0.48
17271,1,-0.28,-175.99,21.52,27.42,-0.01,0.06,0.38,0.48
17305,1,-0.28,-175.98,21.52,27.42,-0.01,0.05,0.38,0.48
17339,1,-0.28,-175.96,21.52,27.42,-0.01,0.05,0.38,0.48
17373,1,-0.28,-175.96,21.52,27.43,-0.01,0.05,0.38,0.48
17419,1,-0.28,-176.00,21.51,27.43,-0.01,0.06,0.38,0.48
17452,1,-0.28,-176.00,21.51,27.43,-0.01,0.06,0.38,0.48
17487,1,-0.28,-176.00,21.52,27.43,-0.01,0.06,0.38,0.48
17562,1,-0.28,-176.00,21.52,27.43,-0.01,0.06,0.38,0.48
17597,1,-0.28,-176.02,21.52,27.42,-0.01,0.06,0.38,0.48
17631,1,-0.28,-176.02,21.52,27.41,-0.01,0.06,0.38,0.48
17665,1,-0.28,-175.98,21.52,27.42,-0.01,0.05,0.38,0.48
17708,1,-0.28,-175.97,21.52,27.42,-0.01,0.05,0.38,0.48
17742,1,-0.28,-176.02,21.51,27.42,-0.01,0.06,0.38,0.48
17777,1,-0.28,-176.02,21.51,27.41,-0.00,0.06,0.38,0.48
17810,1,-0.28,-175.98,21.52,27.41,-0.01,0.05,0.38,0.48
17853,1,-0.28,-175.93,21.52,27.41,-0.00,0.05,0.38,0.48
17888,1,-0.28,-175.97,21.52,27.42,-0.01,0.05,0.38,0.48
17922,1,-0.28,-176.02,21.52,27.41,-0.01,0.06,0.38,0.48
17955,1,-0.28,-176.01,21.52,27.41,-0.01,0.06,0.38,0.48
18000,1,-0.27,-175.96,21.52,27.41,-0.01,0.05,0.38,0.48
18045,1,-0.28,-175.98,21.51,27.41,-0.01,0.06,0.38,0.48
18080,1,-0.28,-176.01,21.52,27.41,-0.01,0.06,0.38,0.48
18144,1,-0.28,-175.98,21.51,27.41,-0.01,0.05,0.38,0.48
18179,1,-0.28,-175.98,21.52,27.41,-0.01,0.06,0.38,0.48
18213,1,-0.28,-175.98,21.52,27.41,-0.01,0.06,0.38,0.48
18247,1,-0.28,-175.98,21.52,27.40,-0.01,0.06,0.38,0.48
18291,1,-0.28,-175.98,21.51,27.41,-0.01,0.06,0.38,0.48
18324,1,-0.28,-175.98,21.52,27.41,-0.01,0.06,0.38,0.48
18358,1,-0.28,-176.00,21.52,27.40,-0.01,0.06,0.38,0.48
18393,1,-0.28,-176.00,21.51,27.40,-0.01,0.06,0.38,0.48
18435,1,-0.28,-176.00,21.52,27.40,-0.01,0.06,0.38,0.48
18470,1,-0.28,-176.00,21.52,27.40,-0.01,0.06,0.38,0.48
18504,1,-0.28,-176.00,21.52,27.40,-0.01,0.06,0.38,0.48
18581,1,-0.28,-176.02,21.52,27.40,-0.01,0.06,0.38,0.48
18614,1,-0.28,-176.02,21.52,27.40,-0.01,0.06,0.38,0.48
18649,1,-0.28,-176.02,21.52,27.40,-0.01,0.06,0.38,0.48
18683,1,-0.28,-176.02,21.52,27.39,-0.01,0.06,0.38,0.48
18725,1,-0.28,-176.02,21.51,27.40,-0.00,0.06,0.38,0.48
18759,1,-0.28,-176.02,21.52,27.40,-0.00,0.06,0.38,0.48
18794,1,-0.28,-176.02,21.52,27.39,-0.00,0.06,0.38,0.48
18828,1,-0.28,-176.02,21.51,27.39,-0.01,0.06,0.38,0.48
18871,1,-0.28,-176.02,21.52,27.39,-0.01,0.06,0.38,0.48
18906,1,-0.28,-176.02,21.51,27.39,-0.01,0.06,0.38,0.48
18940,1,-0.28,-176.02,21.51,27.39,-0.01,0.06,0.38,0.48
19016,1,-0.28,-176.02,21.52,27.39,-0.01,0.06,0.38,0.48
19051,1,-0.28,-176.02,21.52,27.39,-0.01,0.06,0.38,0.48
19085,1,-0.28,-176.02,21.51,27.39,-0.01,0.06,0.38,0.48
19161,1,-0.28,-176.02,21.51,27.39,-0.01,0.06,0.38,0.48
19195,1,-0.28,-176.02,21.52,27.39,-0.01,0.06,0.38,0.48
19229,1,-0.28,-176.05,21.51,27.38,-0.00,0.06,0.38,0.48
19262,1,-0.28,-176.05,21.51,27.38,-0.01,0.06,0.38,0.48
19307,1,-0.28,-176.05,21.51,27.38,-0.00,0.06,0.38,0.48
19341,1,-0.28,-176.05,21.51,27.37,-0.00,0.06,0.38,0.48
19376,1,-0.28,-176.05,21.52,27.37,-0.00,0.06,0.38,0.48
19453,1,-0.28,-176.05,21.52,27.37,-0.00,0.06,0.38,0.48
19487,1,-0.28,-176.05,21.52,27.38,-0.00,0.06,0.38,0.48
19521,1,-0.28,-176.05,21.51,27.38,-0.00,0.06,0.38,0.48
19597,1,-0.28,-176.05,21.52,27.37,-0.00,0.06,0.38,0.48
19631,1,-0.28,-176.05,21.51,27.37,-0.00,0.06,0.38,0.48
19665,1,-0.28,-176.05,21.51,27.37,-0.00,0.06,0.38,0.48
19698,1,-0.28,-176.05,21.51,27.38,-0.00,0.06,0.38,0.48
19744,1,-0.28,-176.05,21.51,27.37,-0.00,0.06,0.38,0.48
19778,1,-0.28,-176.05,21.51,27.37,-0.00,0.06,0.38,0.48
19811,1,-0.28,-176.05,21.51,27.37,-0.00,0.06,0.38,0.48
19888,1,-0.28,-176.05,21.52,27.37,-0.00,0.06,0.38,0.48
19921,1,-0.28,-176.05,21.52,27.37,-0.00,0.06,0.38,0.48
19956,1,-0.28,-176.05,21.51,27.37,-0.00,0.06,0.38,0.48
19990,1,-0.28,-176.05,21.51,27.37,-0.00,0.06,0.38,0.48
20034,1,-0.28,-176.05,21.51,27.37,-0.00,0.06,0.38,0.48
20069,1,-0.28,-176.05,21.52,27.37,-0.00,0.06,0.38,0.48
20102,1,-0.27,-176.02,21.52,27.37,-0.01,0.06,0.38,0.48
20179,1,-0.27,-175.98,21.51,27.38,-0.01,0.06,0.38,0.48
20212,1,-0.27,-175.96,21.52,27.38,-0.00,0.06,0.38,0.48
20247,1,-0.28,-175.94,21.51,27.38,-0.00,0.05,0.38,0.48
20281,1,-0.27,-175.92,21.51,27.39,-0.01,0.05,0.38,0.48
20325,1,-0.28,-175.90,21.52,27.39,-0.00,0.05,0.38,0.48
20359,1,-0.27,-175.89,21.52,27.40,-0.01,0.05,0.38,0.48
20393,1,-0.27,-175.92,21.52,27.40,-0.01,0.05,0.38,0.48
20470,1,-0.27,-175.90,21.51,27.40,-0.01,0.05,0.38,0.48
20503,1,-0.27,-175.88,21.52,27.41,-0.01,0.05,0.38,0.48
20538,1,-0.27,-175.86,21.52,27.41,-0.01,0.05,0.38,0.48
20571,1,-0.27,-175.93,21.52,27.41,-0.01,0.06,0.38,0.48
20614,1,-0.27,-175.96,21.51,27.41,-0.01,0.06,0.38,0.48
20649,1,-0.26,-175.93,21.52,27.40,-0.01,0.05,0.38,0.48
20682,1,-0.26,-175.88,21.51,27.40,-0.01,0.05,0.38,0.48
20716,1,-0.27,-175.83,21.52,27.41,-0.01,0.04,0.38,0.48
20761,1,-0.26,-175.83,21.52,27.43,-0.01,0.05,0.38,0.48
20794,1,-0.26,-175.91,21.52,27.42,-0.01,0.06,0.38,0.48
20829,1,-0.27,-175.92,21.51,27.42,-0.01,0.05,0.38,0.48
20905,1,-0.26,-175.85,21.52,27.43,-0.01,0.05,0.38,0.48
20940,1,-0.26,-175.85,21.52,27.43,-0.01,0.05,0.38,0.48
20973,1,-0.26,-175.89,21.52,27.43,-0.01,0.05,0.38,0.48
21008,1,-0.26,-175.93,21.52,27.43,-0.01,0.06,0.38,0.48
21051,1,-0.26,-175.90,21.52,27.42,-0.01,0.05,0.38,0.48
21085,1,-0.26,-175.84,21.52,27.43,-0.01,0.05,0.38,0.48
21119,1,-0.26,-175.85,21.52,27.44,-0.01,0.05,0.38,0.48
21153,1,-0.26,-175.90,21.51,27.44,-0.01,0.05,0.38,0.48
21196,1,-0.26,-175.95,21.52,27.43,-0.01,0.06,0.38,0.48
21229,1,-0.26,-175.91,21.51,27.43,-0.01,0.05,0.38,0.48
21263,1,-0.26,-175.82,21.52,27.44,-0.01,0.04,0.38,0.48
21297,1,-0.26,-175.84,21.52,27.44,-0.01,0.05,0.38,0.48
21342,1,-0.26,-175.93,21.51,27.44,-0.01,0.06,0.38,0.48
21376,1,-0.26,-175.94,21.52,27.43,-0.01,0.06,0.38,0.48
21411,1,-0.26,-175.88,21.51,27.43,-0.01,0.05,0.38,0.48
21486,1,-0.26,-175.89,21.52,27.43,-0.01,0.05,0.38,0.48
21520,1,-0.26,-175.92,21.52,27.43,-0.01,0.06,0.38,0.48
21554,1,-0.26,-175.86,21.52,27.43,-0.01,0.05,0.38,0.48
21588,1,-0.26,-175.81,21.52,27.44,-0.01,0.04,0.38,0.48
21632,1,-0.26,-175.86,21.52,27.44,-0.01,0.05,0.38,0.48
21665,1,-0.26,-175.94,21.52,27.44,-0.01,0.06,0.38,0.48
21700,1,-0.26,-175.93,21.52,27.43,-0.01,0.06,0.38,0.48
21778,1,-0.26,-175.83,21.52,27.44,-0.01,0.05,0.38,0.48
21813,1,-0.26,-175.88,21.52,27.44,-0.01,0.05,0.38,0.48
21846,1,-0.26,-175.93,21.52,27.43,-0.01,0.06,0.38,0.48
21881,1,-0.26,-175.93,21.51,27.43,-0.01,0.06,0.38,0.48
21922,1,-0.26,-175.83,21.52,27.43,-0.01,0.05,0.38,0.48
21956,1,-0.26,-175.81,21.52,27.44,-0.01,0.04,0.38,0.48
21991,1,-0.26,-175.84,21.51,27.44,-0.01,0.05,0.38,0.48
22025,1,-0.26,-175.91,21.51,27.44,-0.01,0.06,0.38,0.48
22068,1,-0.26,-175.93,21.52,27.43,-0.01,0.06,0.38,0.48
22103,1,-0.26,-175.85,21.52,27.44,-0.01,0.05,0.38,0.48
22137,1,-0.26,-175.80,21.52,27.44,-0.01,0.04,0.38,0.48
22170,1,-0.26,-175.85,21.52,27.45,-0.01,0.05,0.38,0.48
22214,1,-0.26,-175.96,21.51,27.44,-0.01,0.06,0.38,0.48
22248,1,-0.26,-175.95,21.51,27.43,-0.01,0.06,0.38,0.48
22281,1,-0.26,-175.86,21.52,27.44,-0.01,0.05,0.38,0.48
22316,1,-0.26,-175.78,21.51,27.45,-0.01,0.04,0.38,0.48
22359,1,-0.26,-175.87,21.52,27.45,-0.01,0.05,0.38,0.48
22393,1,-0.26,-175.95,21.52,27.44,-0.01,0.06,0.38,0.48
22427,1,-0.26,-175.93,21.51,27.44,-0.01,0.06,0.38,0.48
22462,1,-0.26,-175.83,21.52,27.44,-0.01,0.05,0.38,0.48
22505,1,-0.26,-175.78,21.51,27.45,-0.01,0.04,0.38,0.48
22538,1,-0.26,-175.86,21.51,27.44,-0.01,0.05,0.38,0.48
22572,1,-0.26,-175.93,21.52,27.44,-0.01,0.06,0.38,0.48
22606,1,-0.26,-175.93,21.51,27.43,-0.01,0.06,0.38,0.48
22649,1,-0.26,-175.79,21.52,27.44,-0.01,0.04,0.38,0.48
22684,1,-0.26,-175.75,21.52,27.45,-0.01,0.04,0.38,0.48
22718,1,-0.26,-175.86,21.51,27.45,-0.01,0.05,0.38,0.48
22752,1,-0.26,-175.96,21.52,27.45,-0.01,0.06,0.38,0.48
22796,1,-0.26,-175.95,21.52,27.44,-0.01,0.06,0.38,0.48
22829,1,-0.26,-175.86,21.52,27.44,-0.01,0.05,0.38,0.48
22864,1,-0.26,-175.81,21.52,27.44,-0.01,0.04,0.38,0.48
22940,1,-0.26,-175.91,21.51,27.44,-0.01,0.06,0.38,0.48
22974,1,-0.26,-175.84,21.52,27.44,-0.01,0.05,0.38,0.48
23008,1,-0.25,-175.79,21.52,27.45,-0.01,0.04,0.38,0.48
23042,1,-0.26,-175.79,21.52,27.45,-0.01,0.05,0.38,0.48
23086,1,-0.28,-175.71,21.51,27.45,-0.00,0.04,0.38,0.48
23119,1,-0.28,-175.74,21.51,27.46,-0.00,0.04,0.38,0.48
23153,1,-0.27,-175.79,21.51,27.47,-0.01,0.05,0.38,0.48
23187,1,-0.29,-175.81,21.51,27.47,0.00,0.05,0.38,0.48
23231,1,-0.25,-175.80,21.52,27.47,-0.01,0.05,0.38,0.48
23266,1,-0.26,-175.80,21.51,27.48,-0.01,0.05,0.38,0.48
23299,1,-0.20,-175.81,21.53,27.48,-0.02,0.05,0.38,0.48
23333,1,-0.25,-175.87,21.51,27.48,-0.00,0.05,0.38,0.48
23376,1,-0.30,-175.90,21.51,27.48,0.00,0.06,0.38,0.48
23409,1,-0.27,-175.77,21.52,27.47,-0.01,0.04,0.38,0.48
23443,1,-0.32,-175.75,21.51,27.48,0.00,0.04,0.38,0.48
23477,1,-0.32,-175.81,21.51,27.49,0.00,0.05,0.38,0.48
23520,1,-0.47,-175.87,21.49,27.48,0.03,0.05,0.38,0.48
23554,1,-0.57,-175.88,21.47,27.48,0.04,0.05,0.38,0.48
23588,1,-0.68,-175.88,21.45,27.48,0.06,0.05,0.38,0.48
23621,1,-1.00,-175.75,21.40,27.48,0.11,0.04,0.38,0.48
23666,1,-1.28,-175.74,21.34,27.50,0.14,0.04,0.37,0.48
23700,1,-1.45,-175.84,21.27,27.49,0.16,0.05,0.37,0.48
23750,1,-1.43,-175.87,21.17,27.49,0.15,0.05,0.37,0.48
23811,1,-1.09,-175.78,21.10,27.49,0.09,0.04,0.37,0.48
23845,1,-1.04,-175.73,21.06,27.49,0.09,0.04,0.37,0.48
23878,1,-1.05,-175.72,21.02,27.50,0.10,0.04,0.37,0.48
23912,1,-1.15,-175.75,20.97,27.50,0.12,0.04,0.37,0.48
23957,1,-1.22,-175.77,20.91,27.50,0.13,0.05,0.37,0.48
23991,1,-1.21,-175.80,20.87,27.50,0.12,0.05,0.37,0.48
24025,1,-1.15,-175.84,20.83,27.51,0.11,0.05,0.37,0.48
24059,1,-1.01,-175.85,20.78,27.50,0.09,0.05,0.36,0.48
24102,1,-0.78,-175.83,20.76,27.51,0.05,0.05,0.36,0.48
24135,1,-0.73,-175.81,20.74,27.53,0.06,0.05,0.36,0.48
24170,1,-0.81,-175.77,20.72,27.53,0.07,0.04,0.36,0.48
24204,1,-0.98,-175.52,20.66,27.49,0.10,0.01,0.36,0.48
24248,1,-1.00,-175.46,20.62,27.48,0.10,0.02,0.36,0.48
24282,1,-0.93,-175.85,20.61,27.55,0.08,0.06,0.36,0.48
24315,1,-0.88,-176.54,20.61,27.53,0.08,0.13,0.36,0.48
24350,1,-0.82,-176.59,20.60,27.53,0.07,0.12,0.36,0.48
24392,1,-0.76,-175.63,20.58,27.54,0.06,0.01,0.36,0.48
24426,1,-0.74,-174.70,20.55,27.50,0.06,-0.08,0.36,0.48
24461,1,-0.72,-174.21,20.55,27.66,0.06,-0.11,0.36,0.48
24494,1,-0.91,-174.84,20.49,27.76,0.10,-0.02,0.36,0.48
24537,1,-0.92,-175.73,20.44,27.72,0.09,0.06,0.36,0.48
24572,1,-0.86,-176.39,20.43,27.79,0.07,0.12,0.36,0.49
24605,1,-1.02,-176.83,20.38,27.79,0.11,0.15,0.36,0.49
24639,1,-1.10,-176.26,20.31,27.65,0.11,0.07,0.36,0.48
24682,1,-1.04,-175.30,20.28,27.71,0.10,-0.02,0.36,0.48
24715,1,-1.03,-174.94,20.25,27.81,0.10,-0.04,0.36,0.48
24750,1,-0.92,-174.79,20.19,27.81,0.08,-0.05,0.35,0.48
24784,1,-0.66,-175.12,20.17,27.83,0.04,-0.00,0.35,0.49
24827,1,-0.64,-175.98,20.14,27.91,0.05,0.08,0.35,0.49
24861,1,-0.78,-176.04,20.11,27.89,0.08,0.07,0.35,0.49
24895,1,-0.91,-175.50,20.07,27.90,0.09,0.01,0.35,0.49
24928,1,-1.01,-175.28,20.03,27.91,0.10,-0.01,0.35,0.49
24973,1,-0.98,-175.40,19.97,27.94,0.09,0.01,0.35,0.49
25006,1,-0.88,-175.83,19.95,27.97,0.08,0.06,0.35,0.49
25040,1,-0.86,-176.07,19.91,28.00,0.08,0.08,0.35,0.49
25074,1,-0.84,-175.84,19.87,27.93,0.08,0.04,0.35,0.49
25117,1,-0.84,-175.55,19.84,28.00,0.08,0.02,0.35,0.49
25152,1,-0.98,-175.55,19.81,28.06,0.10,0.03,0.35,0.49
25186,1,-1.04,-175.32,19.77,28.06,0.11,-0.00,0.35,0.49
25221,1,-0.95,-175.15,19.74,28.06,0.09,-0.02,0.35,0.49
25264,1,-0.78,-175.48,19.72,28.12,0.06,0.03,0.35,0.49
25297,1,-0.70,-175.74,19.71,28.13,0.05,0.05,0.34,0.49
25331,1,-0.69,-175.61,19.70,28.12,0.06,0.03,0.34,0.49
25365,1,-0.71,-175.36,19.68,28.06,0.06,0.00,0.34,0.49
25408,1,-0.68,-175.58,19.68,28.12,0.06,0.03,0.34,0.49
25442,1,-0.60,-175.89,19.70,28.11,0.04,0.07,0.34,0.49
25476,1,-0.21,-175.80,19.75,28.00,-0.03,0.05,0.34,0.49
25510,1,0.30,-175.75,19.84,28.01,-0.10,0.04,0.34,0.49
25555,1,0.80,-176.14,19.92,27.97,-0.16,0.09,0.34,0.49
25588,1,1.45,-176.40,20.05,27.88,-0.26,0.11,0.35,0.49
25623,1,1.80,-176.77,20.19,27.86,-0.29,0.15,0.35,0.49
25698,1,1.03,-176.86,20.41,27.71,-0.15,0.15,0.35,0.49
25732,1,0.93,-177.05,20.50,27.68,-0.15,0.17,0.36,0.49
25766,1,1.01,-177.21,20.58,27.61,-0.17,0.18,0.36,0.49
25800,1,1.20,-176.79,20.67,27.52,-0.20,0.13,0.36,0.48
25844,1,1.21,-176.21,20.77,27.49,-0.19,0.07,0.36,0.48
25878,1,0.99,-175.96,20.83,27.48,-0.15,0.06,0.36,0.48
25913,1,0.69,-176.13,20.89,27.49,-0.11,0.08,0.36,0.48
25988,1,0.11,-176.07,20.93,27.47,-0.03,0.07,0.36,0.48
26022,1,0.32,-175.85,20.98,27.49,-0.09,0.05,0.36,0.48
26057,1,0.57,-175.73,21.02,27.51,-0.12,0.04,0.36,0.48
26133,1,0.75,-175.52,21.06,27.54,-0.14,0.02,0.37,0.48
26167,1,0.76,-175.57,21.08,27.56,-0.13,0.03,0.37,0.48
26201,1,0.63,-175.67,21.10,27.53,-0.11,0.04,0.37,0.48
26234,1,0.46,-175.86,21.12,27.54,-0.09,0.06,0.37,0.48
26279,1,0.19,-176.12,21.14,27.58,-0.05,0.08,0.37,0.48
26313,1,0.15,-175.67,21.17,27.57,-0.05,0.03,0.37,0.48
26347,1,0.19,-175.13,21.18,27.51,-0.06,-0.03,0.37,0.48
26380,1,0.28,-174.97,21.21,27.58,-0.08,-0.03,0.37,0.48
26425,1,0.35,-175.59,21.27,27.72,-0.09,0.04,0.37,0.48
26459,1,0.45,-175.65,21.31,27.72,-0.10,0.04,0.37,0.48
26493,1,0.56,-175.28,21.35,27.69,-0.12,-0.01,0.37,0.48
26527,1,0.52,-175.22,21.40,27.78,-0.10,-0.00,0.37,0.48
26570,1,0.30,-175.57,21.45,27.89,-0.07,0.04,0.37,0.49
26604,1,0.25,-175.14,21.47,27.83,-0.07,-0.02,0.37,0.49
26637,1,0.30,-174.80,21.48,27.84,-0.08,-0.05,0.37,0.49
26671,1,0.30,-175.07,21.50,27.95,-0.08,-0.01,0.37,0.49
26716,1,0.19,-175.66,21.51,27.97,-0.06,0.05,0.37,0.49
26750,1,0.08,-175.88,21.50,27.90,-0.04,0.06,0.37,0.49
26783,1,-0.06,-176.26,21.49,27.93,-0.02,0.10,0.37,0.49
26818,1,-0.10,-176.68,21.50,27.99,-0.02,0.14,0.37,0.49
26860,1,0.02,-175.45,21.51,27.96,-0.05,-0.01,0.37,0.49
26894,1,-0.07,-175.06,21.50,28.00,-0.02,-0.03,0.37,0.49
26929,1,-0.15,-174.95,21.50,28.16,-0.01,-0.03,0.38,0.49
26962,1,-0.15,-174.98,21.49,28.14,-0.02,-0.02,0.37,0.49
27006,1,-0.21,-174.83,21.49,28.21,-0.01,-0.04,0.37,0.49
27040,1,-0.24,-175.03,21.49,28.29,-0.00,-0.01,0.38,0.49
27074,1,-0.18,-175.16,21.50,28.27,-0.02,-0.00,0.37,0.49
27109,1,-0.19,-175.16,21.50,28.30,-0.01,-0.01,0.37,0.49
27151,1,-0.27,-175.34,21.49,28.37,0.00,0.01,0.38,0.50
27184,1,-0.21,-175.26,21.50,28.35,-0.01,-0.00,0.38,0.49
27219,1,-0.20,-174.98,21.50,28.38,-0.01,-0.03,0.38,0.49
27295,1,0.29,-174.77,21.58,28.42,-0.09,-0.05,0.38,0.50
27330,1,0.63,-174.63,21.66,28.46,-0.14,-0.06,0.38,0.50
27363,1,1.04,-174.70,21.77,28.52,-0.20,-0.05,0.38,0.50
27397,1,1.19,-174.96,21.87,28.55,-0.20,-0.02,0.38,0.50
27440,1,1.08,-175.58,22.01,28.63,-0.17,0.04,0.38,0.50
27473,1,0.72,-176.13,22.09,28.65,-0.11,0.10,0.38,0.50
27508,1,0.43,-175.95,22.18,28.61,-0.08,0.06,0.39,0.50
27542,1,0.20,-175.29,22.23,28.60,-0.05,-0.02,0.39,0.50
27585,1,0.14,-174.36,22.28,28.70,-0.05,-0.10,0.39,0.50
27620,1,0.30,-174.26,22.32,28.77,-0.09,-0.09,0.39,0.50
27654,1,0.66,-174.71,22.40,28.86,-0.15,-0.04,0.39,0.50
27687,1,0.88,-175.35,22.45,28.89,-0.17,0.03,0.39,0.50
27732,1,0.93,-175.85,22.55,28.87,-0.16,0.06,0.39,0.51
27765,1,0.58,-175.69,22.59,28.89,-0.09,0.03,0.39,0.50
27799,1,0.19,-175.08,22.63,28.89,-0.04,-0.03,0.39,0.50
27833,1,-0.21,-174.19,22.62,28.92,0.01,-0.12,0.39,0.50
27876,1,-0.54,-173.71,22.59,29.09,0.05,-0.15,0.40,0.51
27911,1,-0.51,-174.12,22.60,29.18,0.03,-0.09,0.39,0.51
27944,1,-0.54,-174.64,22.59,29.20,0.03,-0.04,0.39,0.51
27979,1,-0.65,-174.92,22.57,29.20,0.05,-0.02,0.39,0.51
28022,1,-0.80,-175.17,22.54,29.21,0.07,-0.00,0.39,0.51
28056,1,-0.96,-175.13,22.51,29.20,0.10,-0.01,0.39,0.51
28089,1,-1.04,-174.91,22.48,29.20,0.10,-0.04,0.39,0.51
28124,1,-1.04,-174.79,22.44,29.17,0.10,-0.05,0.39,0.51
28166,1,-0.94,-175.06,22.41,29.17,0.08,-0.01,0.39,0.51
28199,1,-0.97,-175.37,22.39,29.17,0.09,0.02,0.39,0.51
28244,1,-1.07,-175.44,22.33,29.06,0.11,0.02,0.39,0.51
28313,1,-1.11,-175.83,22.27,29.00,0.11,0.06,0.39,0.51
28346,1,-1.27,-177.00,22.23,28.92,0.14,0.19,0.39,0.51
28381,1,-1.28,-177.40,22.17,28.78,0.13,0.20,0.39,0.51
28456,1,-0.65,-176.58,22.10,28.64,0.03,0.11,0.39,0.50
28490,1,-0.79,-177.30,22.06,28.59,0.07,0.21,0.39,0.50
28525,1,-1.08,-177.66,22.00,28.45,0.12,0.23,0.39,0.50
28558,1,-1.39,-177.09,21.92,28.27,0.16,0.15,0.39,0.50
28601,1,-1.46,-176.44,21.84,28.21,0.16,0.09,0.38,0.49
28636,1,-1.39,-176.21,21.76,28.20,0.14,0.08,0.38,0.49
28670,1,-1.09,-176.01,21.70,28.10,0.09,0.06,0.38,0.49
28703,1,-0.76,-176.20,21.65,28.10,0.04,0.09,0.38,0.49
28746,1,-0.64,-176.94,21.60,28.08,0.04,0.17,0.38,0.49
28780,1,-0.69,-176.38,21.56,27.95,0.06,0.09,0.38,0.49
28815,1,-0.82,-175.70,21.53,27.90,0.08,0.02,0.38,0.49
28848,1,-1.05,-175.48,21.50,27.95,0.11,0.01,0.38,0.49
28892,1,-0.88,-175.82,21.49,27.91,0.07,0.06,0.38,0.49
28926,1,-0.53,-176.34,21.50,27.90,0.01,0.11,0.38,0.49
28960,1,-0.08,-177.23,21.54,27.84,-0.05,0.21,0.38,0.49
28993,1,0.05,-177.28,21.54,27.73,-0.05,0.19,0.38,0.49
29037,1,0.03,-176.45,21.53,27.68,-0.04,0.09,0.38,0.48
29071,1,-0.12,-176.04,21.50,27.64,-0.01,0.06,0.37,0.48
29105,1,-0.20,-175.99,21.50,27.62,-0.00,0.07,0.38,0.48
29138,1,-0.26,-176.34,21.50,27.66,0.00,0.11,0.38,0.48
29184,1,-0.19,-176.42,21.51,27.63,-0.01,0.11,0.38,0.48
29218,1,-0.14,-176.08,21.51,27.56,-0.02,0.07,0.38,0.48
29251,1,-0.24,-175.93,21.50,27.55,0.00,0.06,0.38,0.48
29286,1,-0.30,-176.05,21.50,27.61,0.01,0.08,0.38,0.48
29328,1,-0.20,-175.77,21.52,27.55,-0.01,0.04,0.38,0.48
29363,1,-0.19,-175.50,21.52,27.48,-0.01,0.02,0.38,0.48
29396,1,-0.26,-175.67,21.51,27.51,0.00,0.04,0.38,0.48
29430,1,-0.27,-176.24,21.51,27.55,0.00,0.11,0.38,0.48
29475,1,-0.30,-176.92,21.50,27.52,0.01,0.17,0.38,0.48
29508,1,-0.23,-176.35,21.52,27.43,-0.01,0.08,0.38,0.48
29542,1,-0.26,-175.41,21.51,27.38,0.00,-0.01,0.38,0.48
29619,1,-0.30,-175.44,21.52,27.42,0.00,0.02,0.38,0.48
29652,1,-0.22,-174.47,21.52,27.33,-0.01,-0.10,0.38,0.48
29687,1,-0.28,-174.51,21.53,27.45,0.00,-0.06,0.38,0.48
29764,1,-0.45,-176.01,21.50,27.33,0.03,0.09,0.38,0.48
29797,1,-0.42,-175.45,21.50,27.28,0.02,0.00,0.38,0.48
29831,1,-0.54,-175.58,21.48,27.37,0.04,0.04,0.38,0.48
29866,1,-0.48,-175.88,21.50,27.41,0.02,0.07,0.38,0.48
29908,1,-0.28,-175.72,21.46,27.20,-0.01,0.04,0.37,0.48
29941,1,-0.17,-176.10,21.51,27.19,-0.02,0.09,0.37,0.48
29976,1,-0.40,-176.94,21.49,27.21,0.03,0.18,0.38,0.48
30010,1,-0.46,-177.19,21.45,27.00,0.03,0.18,0.37,0.47
30053,1,-0.21,-176.74,21.48,26.88,-0.02,0.13,0.37,0.47
30088,1,-0.30,-176.89,21.45,26.90,0.01,0.16,0.37,0.47
30121,1,-0.39,-176.81,21.41,26.79,0.02,0.14,0.37,0.47
30155,1,-0.38,-176.60,21.38,26.72,0.01,0.12,0.37,0.47
30198,1,-0.80,-176.71,21.32,26.72,0.09,0.14,0.37,0.47
30232,1,-1.21,-176.45,21.23,26.67,0.15,0.10,0.37,0.47
30266,1,-1.36,-175.97,21.17,26.58,0.15,0.05,0.37,0.46
30300,1,-1.40,-175.79,21.13,26.61,0.15,0.05,0.37,0.47
30344,1,-1.41,-176.38,21.04,26.57,0.15,0.12,0.37,0.47
30380,1,-1.21,-176.69,20.97,26.50,0.11,0.14,0.37,0.46
30413,1,-0.83,-177.15,20.96,26.48,0.05,0.19,0.37,0.47
30490,1,-0.57,-176.92,20.87,26.31,0.03,0.15,0.36,0.46
30524,1,-1.00,-176.87,20.80,26.33,0.12,0.15,0.37,0.46
30557,1,-1.40,-176.82,20.72,26.24,0.17,0.14,0.36,0.46
30592,1,-1.43,-176.37,20.63,26.12,0.15,0.09,0.36,0.46
30635,1,-1.10,-176.11,20.57,26.11,0.10,0.08,0.36,0.46
30669,1,-0.87,-176.23,20.53,26.12,0.07,0.10,0.36,0.46
30703,1,-0.69,-176.26,20.51,26.06,0.05,0.10,0.36,0.46
30738,1,-0.63,-176.15,20.46,26.00,0.05,0.08,0.36,0.46
30781,1,-0.78,-176.36,20.43,26.00,0.08,0.11,0.36,0.46
30814,1,-1.12,-176.54,20.37,25.99,0.13,0.13,0.36,0.46
30848,1,-1.30,-176.27,20.31,25.95,0.15,0.09,0.36,0.45
30882,1,-1.35,-175.72,20.22,25.91,0.15,0.03,0.36,0.45
30924,1,-1.04,-175.36,20.15,25.92,0.09,0.01,0.35,0.45
30958,1,-0.81,-175.67,20.13,26.00,0.06,0.05,0.35,0.45
30992,1,-0.76,-175.99,20.10,26.01,0.07,0.08,0.35,0.46
31026,1,-0.76,-175.81,20.07,25.96,0.07,0.05,0.35,0.45
31070,1,-0.74,-175.46,20.03,25.96,0.06,0.02,0.35,0.45
31104,1,-0.73,-175.65,20.02,26.02,0.06,0.05,0.35,0.45
31138,1,-0.72,-175.79,20.00,26.08,0.06,0.06,0.35,0.46
31214,1,-0.75,-174.65,19.94,26.07,0.07,-0.06,0.35,0.45
31248,1,-0.87,-174.76,19.93,26.25,0.09,-0.03,0.35,0.46
31282,1,-0.99,-175.37,19.90,26.40,0.11,0.03,0.35,0.46
31316,1,-0.53,-175.38,19.93,26.39,0.01,0.02,0.35,0.46
31360,1,0.21,-175.09,20.00,26.37,-0.09,-0.02,0.35,0.46
31394,1,0.56,-175.34,20.06,26.53,-0.12,0.02,0.35,0.46
31428,1,0.84,-175.72,20.14,26.55,-0.16,0.06,0.35,0.46
31462,1,1.11,-175.43,20.24,26.58,-0.19,0.01,0.35,0.46
31505,1,1.24,-174.92,20.37,26.61,-0.20,-0.04,0.35,0.46
31539,1,1.10,-174.95,20.46,26.70,-0.17,-0.02,0.35,0.47
31574,1,0.93,-175.17,20.56,26.77,-0.14,0.00,0.36,0.47
31608,1,0.74,-175.36,20.62,26.77,-0.12,0.02,0.36,0.47
31651,1,0.68,-175.47,20.70,26.83,-0.12,0.03,0.36,0.47
31685,1,0.78,-175.39,20.77,26.86,-0.14,0.02,0.36,0.47
31719,1,1.03,-175.04,20.85,26.87,-0.18,-0.02,0.36,0.47
31752,1,1.15,-174.77,20.93,26.91,-0.19,-0.05,0.36,0.47
31796,1,0.93,-174.66,21.01,26.96,-0.14,-0.05,0.36,0.47
31830,1,0.73,-174.64,21.08,26.98,-0.12,-0.05,0.37,0.47
31864,1,0.54,-174.75,21.13,27.03,-0.09,-0.04,0.37,0.47
31941,1,0.52,-175.34,21.21,27.06,-0.10,0.02,0.37,0.47
31976,1,0.78,-175.41,21.26,27.07,-0.15,0.02,0.37,0.47
32009,1,1.00,-175.36,21.32,27.09,-0.18,0.01,0.37,0.47
32086,1,0.69,-175.15,21.42,27.11,-0.12,-0.01,0.37,0.47
32120,1,0.49,-175.32,21.45,27.12,-0.09,0.02,0.37,0.47
32153,1,0.34,-175.41,21.48,27.08,-0.07,0.02,0.37,0.47
32187,1,0.31,-175.55,21.49,27.06,-0.07,0.04,0.37,0.47
32230,1,0.26,-175.98,21.51,27.17,-0.07,0.08,0.37,0.48
32263,1,0.09,-175.87,21.52,27.21,-0.04,0.06,0.37,0.48
32297,1,-0.12,-175.13,21.50,27.10,-0.01,-0.03,0.38,0.47
32332,1,-0.26,-174.66,21.51,27.20,0.01,-0.06,0.38,0.47
32376,1,-0.04,-174.98,21.55,27.34,-0.04,-0.01,0.38,0.48
32410,1,0.41,-175.18,21.63,27.37,-0.11,0.00,0.38,0.48
32444,1,0.69,-175.14,21.69,27.40,-0.14,-0.01,0.38,0.48
32520,1,0.94,-175.24,21.86,27.49,-0.16,0.00,0.38,0.48
32553,1,1.04,-174.52,21.95,27.50,-0.18,-0.08,0.38,0.48
32588,1,0.95,-174.81,22.03,27.44,-0.15,-0.03,0.38,0.48
32621,1,0.76,-175.67,22.14,27.61,-0.12,0.07,0.38,0.48
32666,1,0.45,-176.03,22.26,27.64,-0.08,0.08,0.39,0.48
32699,1,0.24,-175.79,22.29,27.65,-0.06,0.05,0.39,0.48
32734,1,0.32,-175.41,22.36,27.69,-0.08,0.01,0.39,0.48
32768,1,0.50,-175.11,22.41,27.81,-0.11,-0.02,0.39,0.49
32811,1,0.68,-174.26,22.45,27.84,-0.13,-0.10,0.39,0.48
32846,1,0.63,-174.30,22.50,27.95,-0.12,-0.08,0.39,0.49
32880,1,0.28,-174.89,22.53,28.04,-0.05,-0.01,0.39,0.49
32913,1,-0.04,-175.34,22.56,28.05,-0.01,0.03,0.39,0.49
32957,1,-0.29,-175.72,22.58,28.07,0.01,0.06,0.39,0.49
32990,1,-0.15,-175.98,22.62,28.09,-0.03,0.08,0.39,0.49
33025,1,0.19,-175.77,22.68,28.07,-0.08,0.05,0.39,0.49
33059,1,0.53,-175.34,22.73,28.10,-0.13,-0.00,0.39,0.49
33102,1,0.92,-175.10,22.86,28.18,-0.18,-0.02,0.40,0.49
33137,1,0.99,-174.97,22.95,28.19,-0.17,-0.02,0.40,0.49
33171,1,0.74,-174.76,23.02,28.24,-0.12,-0.05,0.40,0.49
33204,1,0.33,-174.86,23.08,28.29,-0.06,-0.03,0.40,0.49
33249,1,-0.09,-175.05,23.10,28.30,-0.01,-0.01,0.40,0.49
33282,1,-0.03,-175.11,23.13,28.34,-0.04,-0.01,0.40,0.49
33316,1,0.29,-175.05,23.18,28.36,-0.10,-0.02,0.40,0.49
33350,1,0.44,-174.86,23.21,28.34,-0.10,-0.04,0.40,0.49
33392,1,0.34,-174.96,23.20,28.38,-0.08,-0.02,0.40,0.49
33427,1,0.19,-175.42,23.19,28.44,-0.05,0.03,0.40,0.50
33461,1,0.08,-175.70,23.18,28.42,-0.04,0.05,0.40,0.50
33538,1,-0.41,-175.81,23.10,28.38,0.03,0.06,0.40,0.50
33572,1,-0.99,-176.44,23.01,28.40,0.13,0.13,0.40,0.50
33605,1,-1.34,-176.57,22.92,28.35,0.16,0.13,0.40,0.50
33640,1,-1.41,-176.14,22.82,28.20,0.15,0.07,0.40,0.49
33682,1,-1.13,-175.54,22.72,28.26,0.10,0.02,0.40,0.49
33715,1,-1.06,-175.51,22.65,28.32,0.10,0.03,0.40,0.49
33750,1,-1.07,-175.39,22.55,28.29,0.10,0.01,0.40,0.49
33784,1,-1.16,-175.20,22.47,28.26,0.12,-0.01,0.39,0.49
33829,1,-1.42,-175.72,22.37,28.37,0.16,0.06,0.39,0.50
33862,1,-1.79,-175.87,22.25,28.33,0.22,0.06,0.39,0.50
33897,1,-1.85,-175.55,22.15,28.32,0.21,0.02,0.39,0.49
33973,1,-1.02,-175.48,21.99,28.38,0.08,0.02,0.39,0.50
34006,1,-0.96,-175.36,21.96,28.45,0.08,0.01,0.38,0.50
34041,1,-1.12,-175.09,21.90,28.47,0.12,-0.02,0.38,0.50
34074,1,-1.29,-174.71,21.84,28.50,0.14,-0.06,0.38,0.50
34118,1,-1.37,-174.89,21.78,28.66,0.15,-0.02,0.38,0.50
34153,1,-1.28,-174.97,21.71,28.67,0.13,-0.02,0.38,0.50
34186,1,-0.88,-174.67,21.68,28.71,0.06,-0.06,0.38,0.50
34220,1,-0.51,-174.69,21.65,28.81,0.01,-0.05,0.38,0.50
34263,1,-0.21,-174.96,21.63,28.85,-0.02,-0.02,0.38,0.50
34297,1,-0.29,-174.94,21.61,28.86,0.01,-0.02,0.38,0.50
34332,1,-0.55,-174.97,21.57,28.95,0.05,-0.02,0.38,0.50
34365,1,-0.71,-174.97,21.54,28.97,0.07,-0.02,0.38,0.51
34409,1,-0.75,-174.49,21.52,29.01,0.07,-0.08,0.38,0.50
34443,1,-0.76,-174.30,21.49,29.12,0.07,-0.09,0.38,0.51
34477,1,-0.84,-174.26,21.45,29.18,0.08,-0.09,0.38,0.51
34511,1,-0.86,-174.20,21.43,29.20,0.08,-0.09,0.38,0.51
34554,1,-0.92,-174.32,21.42,29.34,0.09,-0.08,0.38,0.51
34589,1,-0.86,-174.52,21.40,29.37,0.07,-0.06,0.37,0.51
34622,1,-0.64,-174.40,21.38,29.38,0.04,-0.08,0.37,0.51
34656,1,-0.30,-174.38,21.41,29.44,-0.01,-0.08,0.37,0.51
34700,1,-0.20,-174.54,21.41,29.50,-0.01,-0.06,0.37,0.51
34745,1,-0.32,-174.74,21.38,29.55,0.01,-0.04,0.37,0.52
34779,1,-0.27,-174.82,21.40,29.60,-0.00,-0.03,0.37,0.52
34844,1,-0.39,-174.31,21.37,29.65,0.02,-0.09,0.37,0.52
34878,1,-0.39,-173.92,21.38,29.77,0.02,-0.13,0.37,0.52
34912,1,-0.40,-173.62,21.38,29.83,0.02,-0.15,0.37,0.52
34946,1,-0.41,-173.22,21.37,29.87,0.02,-0.19,0.37,0.52
34988,1,-0.41,-173.11,21.38,30.00,0.02,-0.19,0.37,0.52
35022,1,-0.46,-173.41,21.37,30.05,0.03,-0.16,0.37,0.52
35056,1,-0.48,-173.77,21.36,30.06,0.03,-0.12,0.37,0.52
35090,1,-0.48,-174.53,21.36,30.08,0.03,-0.04,0.37,0.52
35135,1,-0.47,-175.32,21.36,30.03,0.03,0.02,0.37,0.52
35169,1,-0.44,-175.74,21.37,29.94,0.02,0.06,0.37,0.52
35204,1,-0.43,-175.94,21.37,29.89,0.02,0.07,0.37,0.52
35279,1,-0.34,-175.79,21.38,29.71,0.01,0.05,0.37,0.52
35313,1,-0.29,-176.29,21.39,29.61,0.00,0.11,0.37,0.52
35347,1,-0.29,-176.79,21.39,29.45,0.01,0.15,0.37,0.52
35381,1,-0.24,-176.95,21.40,29.29,-0.00,0.16,0.37,0.51
35425,1,-0.16,-176.70,21.41,29.11,-0.02,0.13,0.37,0.51
35458,1,-0.11,-176.49,21.41,28.97,-0.02,0.11,0.37,0.51
35493,1,-0.10,-176.63,21.42,28.86,-0.02,0.13,0.37,0.51
35527,1,-0.03,-176.92,21.43,28.75,-0.03,0.16,0.37,0.50
35570,1,-0.01,-177.28,21.43,28.61,-0.03,0.19,0.37,0.50
35605,1,0.03,-177.48,21.43,28.51,-0.04,0.21,0.37,0.50
35638,1,0.05,-177.50,21.43,28.40,-0.04,0.21,0.37,0.50
35672,1,0.04,-177.30,21.43,28.29,-0.04,0.18,0.37,0.50
35715,1,-0.15,-176.85,21.40,28.18,-0.00,0.14,0.37,0.49
35748,1,-0.49,-176.51,21.34,28.13,0.05,0.11,0.37,0.49
35783,1,-0.88,-176.41,21.29,28.08,0.10,0.10,0.37,0.49
35816,1,-1.31,-176.45,21.21,28.04,0.16,0.11,0.37,0.49
35860,1,-1.83,-176.80,21.08,27.99,0.23,0.15,0.37,0.49
35894,1,-1.87,-176.99,20.98,27.95,0.21,0.17,0.37,0.49
35929,1,-1.56,-176.90,20.89,27.91,0.15,0.15,0.37,0.49
36006,1,-0.20,-175.71,20.80,27.96,-0.04,0.03,0.36,0.49
36039,1,-0.32,-174.85,20.71,27.90,0.02,-0.06,0.36,0.49
36073,1,-0.75,-174.95,20.64,27.92,0.09,-0.02,0.36,0.49
36108,1,-1.35,-175.90,20.55,28.09,0.18,0.09,0.36,0.49
36149,1,-1.47,-176.10,20.42,28.03,0.17,0.09,0.36,0.49
36184,1,-1.11,-176.04,20.30,27.96,0.09,0.07,0.36,0.49
36217,1,-0.62,-176.19,20.31,28.06,0.02,0.09,0.35,0.49
36250,1,-0.49,-175.93,20.26,28.10,0.03,0.06,0.35,0.49
36296,1,-0.56,-174.84,20.18,28.06,0.05,-0.06,0.35,0.49
36330,1,-0.95,-174.76,20.13,28.19,0.12,-0.04,0.35,0.49
36364,1,-1.15,-175.29,20.08,28.28,0.13,0.02,0.35,0.49
36398,1,-1.01,-175.45,20.01,28.20,0.09,0.03,0.35,0.49
36441,1,-0.50,-175.74,20.01,28.29,0.01,0.06,0.35,0.49
36474,1,-0.48,-175.79,19.97,28.33,0.03,0.05,0.35,0.50
36509,1,-0.63,-175.24,19.93,28.26,0.06,-0.01,0.35,0.49
36543,1,-1.04,-174.63,19.86,28.32,0.13,-0.07,0.35,0.49
36588,1,-1.36,-174.96,19.77,28.41,0.16,-0.01,0.35,0.50
36622,1,-1.31,-175.42,19.73,28.45,0.14,0.03,0.35,0.50
36656,1,-1.12,-175.61,19.67,28.49,0.11,0.04,0.35,0.50
36732,1,-0.36,-175.45,19.67,28.47,-0.00,0.02,0.34,0.50
36765,1,-0.36,-175.79,19.68,28.57,0.02,0.06,0.34,0.50
36800,1,-0.33,-175.98,19.69,28.53,0.01,0.07,0.34,0.50
36878,1,0.58,-175.63,19.85,28.65,-0.13,0.03,0.34,0.50
36912,1,1.16,-176.46,19.95,28.57,-0.21,0.14,0.34,0.50
36947,1,1.57,-176.62,20.03,28.46,-0.26,0.13,0.35,0.50
36981,1,1.82,-177.00,20.19,28.48,-0.28,0.17,0.35,0.50
37023,1,1.19,-176.43,20.33,28.36,-0.16,0.10,0.35,0.50
37058,1,0.65,-175.59,20.41,28.21,-0.08,0.01,0.35,0.49
37092,1,0.29,-175.07,20.51,28.27,-0.05,-0.03,0.36,0.49
37168,1,0.52,-175.75,20.62,28.20,-0.11,0.06,0.36,0.49
37202,1,1.02,-176.51,20.72,28.20,-0.19,0.14,0.36,0.49
37236,1,1.52,-177.38,20.84,28.09,-0.26,0.22,0.36,0.49
37269,1,1.67,-177.25,20.92,27.96,-0.26,0.18,0.36,0.49
37313,1,1.31,-176.68,21.08,27.89,-0.19,0.12,0.36,0.49
37347,1,0.45,-176.24,21.11,27.88,-0.04,0.08,0.37,0.49
37381,1,-0.17,-176.14,21.15,27.86,0.03,0.08,0.37,0.49
37414,1,-0.56,-176.46,21.13,27.87,0.06,0.12,0.37,0.49
37458,1,-0.24,-176.78,21.18,27.84,-0.02,0.15,0.37,0.49
37493,1,0.18,-176.49,21.23,27.80,-0.08,0.11,0.37,0.49
37526,1,0.53,-175.90,21.30,27.83,-0.12,0.05,0.37,0.49
37561,1,0.61,-175.58,21.33,27.86,-0.12,0.03,0.37,0.49
37604,1,0.65,-175.44,21.39,27.90,-0.12,0.02,0.37,0.49
37637,1,0.57,-175.75,21.42,27.94,-0.10,0.06,0.37,0.49
37671,1,0.46,-176.08,21.46,27.93,-0.09,0.09,0.37,0.49
37704,1,0.33,-176.14,21.46,27.87,-0.07,0.09,0.37,0.49
37749,1,0.31,-176.16,21.47,27.90,-0.07,0.09,0.37,0.49
37782,1,0.18,-176.20,21.49,27.91,-0.05,0.09,0.37,0.49
37816,1,-0.00,-175.79,21.47,27.86,-0.02,0.04,0.37,0.49
37850,1,-0.06,-175.72,21.47,27.88,-0.02,0.05,0.37,0.49
37894,1,-0.10,-176.16,21.48,27.95,-0.02,0.10,0.37,0.49
37928,1,-0.13,-176.05,21.48,27.88,-0.02,0.08,0.37,0.49
37963,1,-0.12,-175.53,21.48,27.89,-0.02,0.02,0.37,0.49
38039,1,-0.20,-175.38,21.48,28.00,-0.01,0.02,0.37,0.49
38072,1,-0.19,-174.70,21.48,27.93,-0.01,-0.06,0.37,0.49
38106,1,-0.14,-174.00,21.49,28.05,-0.02,-0.13,0.37,0.49
38140,1,-0.24,-174.51,21.50,28.25,0.00,-0.05,0.38,0.49
38185,1,-0.22,-175.19,21.51,28.23,-0.01,0.02,0.38,0.49
38219,1,-0.07,-175.86,21.53,28.19,-0.03,0.08,0.38,0.49
38253,1,0.11,-176.43,21.59,28.26,-0.06,0.13,0.38,0.50
38329,1,0.71,-175.38,21.70,28.13,-0.14,0.00,0.38,0.49
38364,1,1.08,-174.87,21.77,28.26,-0.20,-0.04,0.38,0.49
38397,1,1.38,-175.17,21.90,28.36,-0.23,0.01,0.38,0.50
38431,1,1.27,-175.31,21.99,28.35,-0.19,0.02,0.38,0.50
38474,1,0.70,-175.39,22.10,28.41,-0.10,0.02,0.38,0.50
38507,1,-0.09,-175.54,22.11,28.48,0.02,0.04,0.39,0.50
38542,1,-0.52,-175.34,22.13,28.46,0.06,0.01,0.39,0.50
38576,1,-0.60,-174.94,22.13,28.53,0.05,-0.03,0.39,0.50
38619,1,-0.13,-174.76,22.21,28.66,-0.04,-0.04,0.39,0.50
38654,1,0.10,-174.63,22.23,28.68,-0.06,-0.05,0.39,0.50
38687,1,0.26,-174.49,22.26,28.77,-0.08,-0.07,0.39,0.50
38721,1,0.34,-174.66,22.29,28.85,-0.09,-0.04,0.39,0.50
38765,1,0.46,-174.89,22.32,28.87,-0.10,-0.02,0.39,0.50
38798,1,0.49,-175.09,22.35,28.91,-0.10,-0.00,0.39,0.50
38832,1,0.47,-175.13,22.39,28.94,-0.10,-0.00,0.39,0.51
38867,1,0.39,-174.90,22.42,28.90,-0.08,-0.03,0.39,0.50
38909,1,0.26,-174.79,22.43,28.96,-0.06,-0.04,0.39,0.50
38944,1,0.19,-175.03,22.44,28.99,-0.06,-0.01,0.39,0.51
38978,1,0.17,-175.07,22.44,28.95,-0.06,-0.01,0.39,0.51
39011,1,0.08,-175.06,22.42,28.94,-0.04,-0.01,0.39,0.50
39055,1,-0.31,-175.37,22.37,28.93,0.02,0.02,0.39,0.51
39089,1,-0.65,-175.73,22.32,28.91,0.07,0.06,0.39,0.51
39122,1,-1.02,-175.78,22.27,28.87,0.12,0.05,0.39,0.50
39157,1,-1.32,-175.58,22.18,28.82,0.15,0.03,0.39,0.50
39200,1,-1.56,-175.64,22.07,28.82,0.18,0.04,0.39,0.50
39241,1,-1.49,-176.02,21.97,28.81,0.15,0.08,0.39,0.50
39275,1,-1.31,-175.99,21.88,28.75,0.12,0.07,0.38,0.50
39347,1,-0.78,-175.78,21.76,28.71,0.05,0.05,0.38,0.50
39380,1,-0.98,-176.25,21.72,28.74,0.10,0.11,0.38,0.50
39415,1,-1.28,-176.45,21.65,28.70,0.15,0.12,0.38,0.50
39491,1,-1.11,-175.65,21.56,28.73,0.11,0.03,0.38,0.50
39524,1,-1.14,-176.41,21.51,28.75,0.12,0.13,0.38,0.50
39559,1,-0.97,-176.40,21.45,28.60,0.08,0.11,0.38,0.50
39592,1,-0.66,-176.72,21.45,28.53,0.03,0.15,0.37,0.50
39635,1,-0.47,-176.83,21.46,28.51,0.02,0.15,0.37,0.50
39670,1,-0.42,-175.37,21.44,28.41,0.02,-0.03,0.37,0.50
39704,1,-0.47,-174.63,21.43,28.34,0.03,-0.07,0.37,0.49
39737,1,-0.28,-174.25,21.44,28.51,-0.01,-0.10,0.37,0.50
39780,1,-0.12,-175.02,21.45,28.45,-0.02,0.00,0.37,0.50
39814,1,-0.21,-176.40,21.43,28.40,-0.00,0.15,0.37,0.50
39849,1,-0.23,-177.48,21.43,28.35,-0.00,0.24,0.37,0.50
39925,1,-0.24,-176.72,21.44,28.16,-0.00,0.13,0.37,0.49
39960,1,-0.14,-176.74,21.45,28.12,-0.02,0.14,0.37,0.49
39993,1,-0.15,-177.00,21.45,28.00,-0.01,0.17,0.37,0.49
40027,1,-0.21,-177.04,21.44,27.95,-0.00,0.17,0.37,0.49
40071,1,-0.16,-176.86,21.45,27.86,-0.02,0.15,0.37,0.49
40105,1,-0.14,-176.12,21.45,27.76,-0.02,0.06,0.37,0.49
40139,1,-0.12,-175.83,21.45,27.75,-0.02,0.05,0.37,0.49
40173,1,-0.15,-176.18,21.46,27.77,-0.01,0.10,0.37,0.49
40217,1,-0.14,-176.48,21.46,27.68,-0.02,0.13,0.37,0.49
40252,1,-0.13,-176.55,21.46,27.61,-0.02,0.13,0.37,0.48
40285,1,-0.21,-176.91,21.44,27.58,-0.00,0.17,0.37,0.48
40320,1,-0.22,-177.37,21.46,27.62,-0.01,0.21,0.37,0.49
40362,1,-0.31,-177.15,21.43,27.51,0.01,0.17,0.37,0.48
40396,1,-0.46,-175.86,21.41,27.41,0.03,0.03,0.37,0.48
40430,1,-0.70,-174.96,21.37,27.44,0.07,-0.05,0.37,0.48
40463,1,-0.96,-174.83,21.33,27.56,0.11,-0.03,0.37,0.48
40507,1,-0.85,-175.07,21.29,27.51,0.07,-0.00,0.37,0.48
40541,1,-0.60,-175.57,21.28,27.48,0.03,0.05,0.37,0.48
40574,1,-0.53,-176.66,21.29,27.43,0.03,0.17,0.37,0.48
40609,1,-0.64,-177.39,21.26,27.37,0.06,0.22,0.37,0.48
40653,1,-0.60,-177.02,21.27,27.17,0.04,0.16,0.37,0.48
40686,1,-0.66,-176.33,21.24,27.14,0.06,0.09,0.37,0.48
40721,1,-0.76,-176.28,21.22,27.13,0.07,0.10,0.37,0.48
40797,1,-1.14,-176.59,21.11,27.06,0.13,0.13,0.37,0.47
40831,1,-1.35,-176.81,21.06,27.01,0.16,0.16,0.37,0.47
40864,1,-1.71,-177.22,20.97,26.97,0.21,0.20,0.37,0.47
40899,1,-1.76,-177.12,20.88,26.89,0.20,0.17,0.37,0.47
40942,1,-1.31,-176.40,20.79,26.79,0.12,0.10,0.36,0.47
40975,1,-0.64,-175.95,20.79,26.82,0.01,0.06,0.36,0.47
41010,1,-0.22,-175.89,20.74,26.82,-0.03,0.07,0.36,0.47
41044,1,-0.04,-175.89,20.73,26.79,-0.04,0.07,0.36,0.47
41087,1,-0.55,-176.45,20.65,26.79,0.06,0.13,0.36,0.47
41121,1,-0.95,-176.82,20.60,26.77,0.12,0.16,0.36,0.47
41155,1,-1.16,-176.56,20.55,26.72,0.13,0.12,0.36,0.47
41188,1,-1.13,-176.11,20.49,26.70,0.11,0.07,0.36,0.47
41231,1,-0.92,-175.81,20.46,26.73,0.08,0.05,0.36,0.47
41265,1,-0.73,-176.16,20.46,26.79,0.05,0.10,0.36,0.47
41299,1,-0.68,-176.31,20.46,26.78,0.06,0.11,0.36,0.47
41333,1,-0.69,-175.99,20.44,26.73,0.06,0.07,0.36,0.47
41377,1,-0.53,-175.58,20.47,26.83,0.03,0.03,0.36,0.47
41412,1,-0.32,-175.59,20.50,26.91,-0.00,0.04,0.36,0.47
41446,1,0.05,-175.20,20.55,26.95,-0.06,-0.01,0.36,0.47
41479,1,0.31,-174.75,20.58,26.96,-0.09,-0.05,0.36,0.47
41523,1,0.41,-174.70,20.62,27.11,-0.09,-0.04,0.36,0.47
41557,1,0.51,-174.96,20.66,27.22,-0.10,-0.01,0.36,0.48
41590,1,0.65,-174.95,20.69,27.28,-0.12,-0.02,0.36,0.48
41625,1,0.76,-174.86,20.73,27.30,-0.14,-0.03,0.36,0.48
41668,1,0.62,-175.04,20.78,27.44,-0.11,-0.00,0.36,0.48
41703,1,0.44,-175.13,20.80,27.50,-0.08,0.00,0.36,0.48
41736,1,0.30,-174.89,20.83,27.43,-0.06,-0.03,0.36,0.48
41770,1,0.25,-174.45,20.86,27.50,-0.06,-0.08,0.36,0.48
41814,1,0.37,-174.90,20.90,27.59,-0.09,-0.01,0.36,0.48
41847,1,0.60,-175.85,20.95,27.60,-0.12,0.09,0.36,0.48
41881,1,0.59,-176.61,20.96,27.60,-0.11,0.16,0.36,0.48
41916,1,0.53,-176.98,21.01,27.53,-0.10,0.18,0.37,0.48
41958,1,0.41,-175.95,21.02,27.47,-0.08,0.05,0.37,0.48
41992,1,0.42,-175.23,21.05,27.46,-0.09,-0.01,0.37,0.48
42027,1,0.45,-174.78,21.07,27.51,-0.09,-0.05,0.37,0.48
42060,1,0.52,-174.93,21.10,27.57,-0.10,-0.01,0.37,0.48
42105,1,0.56,-175.56,21.15,27.62,-0.11,0.05,0.37,0.48
42139,1,0.48,-176.15,21.19,27.56,-0.09,0.11,0.37,0.48
42174,1,0.42,-176.32,21.22,27.54,-0.08,0.11,0.37,0.48
42249,1,0.42,-175.81,21.28,27.54,-0.09,0.05,0.37,0.48
42282,1,0.61,-175.21,21.31,27.44,-0.12,-0.01,0.37,0.48
42317,1,0.57,-174.95,21.36,27.55,-0.11,-0.02,0.37,0.48
42351,1,0.19,-175.73,21.39,27.66,-0.03,0.08,0.37,0.48
42394,1,-0.12,-175.98,21.39,27.56,-0.00,0.08,0.37,0.48
42428,1,-0.16,-175.96,21.40,27.55,-0.01,0.07,0.37,0.48
42462,1,-0.05,-176.35,21.43,27.59,-0.03,0.12,0.37,0.48
42495,1,0.11,-176.20,21.45,27.58,-0.06,0.09,0.37,0.48
42539,1,0.28,-175.40,21.48,27.53,-0.08,0.01,0.37,0.48
42573,1,0.19,-175.24,21.46,27.58,-0.05,0.00,0.37,0.48
42607,1,0.12,-175.52,21.47,27.59,-0.04,0.04,0.37,0.48
42641,1,0.01,-176.04,21.46,27.60,-0.03,0.10,0.37,0.48
42684,1,0.04,-176.08,21.47,27.57,-0.04,0.09,0.37,0.48
42719,1,0.07,-175.85,21.48,27.54,-0.04,0.06,0.37,0.48
42752,1,-0.05,-175.62,21.47,27.57,-0.02,0.04,0.37,0.48
42786,1,-0.06,-175.72,21.48,27.60,-0.03,0.06,0.37,0.48
42830,1,-0.02,-175.65,21.49,27.57,-0.03,0.05,0.37,0.48
42864,1,-0.16,-175.74,21.46,27.58,-0.01,0.06,0.37,0.48
42898,1,-0.14,-175.94,21.48,27.61,-0.02,0.08,0.37,0.48
42931,1,-0.12,-175.87,21.48,27.59,-0.02,0.07,0.37,0.48
42976,1,-0.11,-175.70,21.48,27.60,-0.02,0.05,0.37,0.48
43010,1,-0.13,-175.84,21.48,27.64,-0.02,0.07,0.37,0.48
43044,1,-0.11,-175.90,21.48,27.63,-0.02,0.07,0.37,0.48
43078,1,-0.12,-175.88,21.48,27.66,-0.02,0.07,0.37,0.48
43121,1,-0.10,-175.61,21.48,27.71,-0.02,0.04,0.37,0.48
43155,1,0.01,-175.12,21.50,27.74,-0.04,-0.01,0.37,0.48
43188,1,0.17,-174.73,21.53,27.80,-0.07,-0.05,0.37,0.48
43222,1,0.45,-174.60,21.59,27.86,-0.11,-0.05,0.37,0.49
43267,1,0.73,-174.74,21.68,27.90,-0.14,-0.03,0.38,0.49
43301,1,0.87,-175.02,21.77,27.94,-0.16,-0.00,0.38,0.49
43334,1,0.93,-175.60,21.87,27.97,-0.16,0.06,0.38,0.49
43411,1,0.62,-176.32,22.04,27.94,-0.11,0.12,0.38,0.49
43445,1,0.83,-176.09,22.12,27.95,-0.16,0.08,0.38,0.49
43479,1,1.06,-175.65,22.22,27.95,-0.19,0.03,0.38,0.49
43555,1,0.74,-175.39,22.38,28.02,-0.12,0.02,0.39,0.49
43588,1,0.65,-175.31,22.44,28.06,-0.12,0.01,0.39,0.49
43622,1,0.59,-175.20,22.51,28.11,-0.11,0.00,0.39,0.49
43656,1,0.49,-175.17,22.56,28.15,-0.09,0.00,0.39,0.49
43700,1,0.32,-175.15,22.61,28.19,-0.07,0.00,0.39,0.49
43745,1,0.17,-175.06,22.65,28.24,-0.05,-0.01,0.39,0.49
43780,1,0.18,-174.91,22.69,28.26,-0.06,-0.02,0.39,0.49
43846,1,0.40,-174.59,22.75,28.32,-0.10,-0.05,0.40,0.49
43881,1,0.53,-174.45,22.79,28.37,-0.11,-0.07,0.40,0.49
43914,1,0.57,-174.49,22.85,28.43,-0.11,-0.06,0.40,0.50
43948,1,0.42,-174.74,22.89,28.51,-0.08,-0.03,0.40,0.50
43991,1,0.09,-175.15,22.92,28.51,-0.03,0.01,0.40,0.50
44024,1,-0.07,-175.59,22.92,28.54,-0.02,0.05,0.40,0.50
44059,1,0.03,-175.91,22.95,28.61,-0.05,0.08,0.40,0.50
44092,1,0.24,-175.78,22.98,28.54,-0.08,0.05,0.40,0.50
44137,1,0.41,-175.24,23.03,28.59,-0.10,-0.00,0.40,0.50
44172,1,0.40,-175.31,23.05,28.70,-0.09,0.02,0.40,0.50
44205,1,0.35,-175.26,23.08,28.70,-0.08,0.01,0.40,0.50
44239,1,0.28,-175.08,23.09,28.70,-0.07,-0.01,0.40,0.50
44283,1,0.21,-175.30,23.09,28.79,-0.06,0.02,0.40,0.50
44316,1,0.23,-175.35,23.11,28.78,-0.07,0.02,0.40,0.50
44350,1,0.28,-175.00,23.11,28.78,-0.08,-0.02,0.40,0.50
44384,1,0.29,-174.69,23.11,28.79,-0.08,-0.05,0.40,0.50
44427,1,0.07,-175.02,23.08,28.80,-0.04,-0.00,0.40,0.50
44462,1,-0.11,-175.73,23.06,28.84,-0.02,0.07,0.40,0.50
44496,1,-0.35,-176.46,23.03,28.76,0.02,0.14,0.40,0.50
44531,1,-0.40,-176.34,23.00,28.64,0.02,0.11,0.40,0.50
44574,1,-0.59,-175.99,22.96,28.62,0.05,0.07,0.40,0.50
44607,1,-0.92,-176.13,22.90,28.63,0.10,0.09,0.40,0.50
44641,1,-1.15,-176.32,22.83,28.56,0.12,0.11,0.40,0.50
44675,1,-1.23,-176.40,22.75,28.49,0.13,0.12,0.40,0.50
44717,1,-1.13,-176.94,22.69,28.46,0.10,0.18,0.40,0.50
44751,1,-1.06,-177.07,22.64,28.37,0.10,0.18,0.40,0.50
44786,1,-1.01,-176.75,22.60,28.25,0.09,0.14,0.40,0.50
44819,1,-0.97,-176.04,22.57,28.18,0.09,0.06,0.40,0.49
44863,1,-1.01,-175.67,22.56,28.16,0.10,0.04,0.40,0.49
44897,1,-1.00,-175.75,22.55,28.11,0.09,0.06,0.40,0.49
44931,1,-0.92,-176.15,22.54,28.05,0.08,0.10,0.39,0.49
45007,1,-0.60,-177.82,22.58,27.84,0.03,0.27,0.39,0.49
45040,1,-0.44,-178.29,22.60,27.73,0.01,0.30,0.39,0.49
45075,1,-0.30,-178.50,22.59,27.64,-0.01,0.31,0.39,0.49
45109,1,-0.27,-178.10,22.58,27.64,-0.00,0.26,0.39,0.49
45152,1,-0.68,-176.47,22.51,27.54,0.07,0.09,0.39,0.48
45187,1,-0.98,-174.72,22.45,27.53,0.11,-0.09,0.39,0.48
45221,1,-1.43,-173.29,22.37,27.66,0.18,-0.21,0.39,0.48
45254,1,-1.75,-173.20,22.30,27.80,0.21,-0.17,0.39,0.48
45297,1,-1.83,-174.61,22.18,27.95,0.21,-0.01,0.39,0.49
45331,1,-1.42,-176.82,22.14,27.92,0.12,0.22,0.39,0.49
45366,1,-0.84,-178.15,22.10,27.84,0.04,0.31,0.39,0.49
45399,1,-0.07,-178.11,22.16,27.70,-0.07,0.27,0.39,0.49
45443,1,0.33,-176.08,22.18,27.56,-0.10,0.04,0.39,0.48
45478,1,0.23,-174.57,22.18,27.55,-0.06,-0.09,0.39,0.48
45511,1,-0.07,-173.72,22.15,27.65,-0.01,-0.15,0.39,0.48
45545,1,-0.28,-174.33,22.13,27.76,0.01,-0.05,0.39,0.48
45589,1,-0.42,-176.56,22.12,27.73,0.03,0.18,0.39,0.49
45623,1,-0.52,-177.82,22.11,27.64,0.04,0.28,0.39,0.49
45656,1,-0.64,-178.42,22.08,27.54,0.05,0.32,0.39,0.49
45690,1,-0.66,-177.75,22.08,27.43,0.05,0.22,0.39,0.48
45735,1,-0.74,-175.59,22.06,27.29,0.06,-0.00,0.39,0.48
45769,1,-0.78,-174.16,22.04,27.34,0.07,-0.13,0.39,0.48
45802,1,-0.72,-173.93,22.05,27.46,0.06,-0.11,0.39,0.48
45879,1,-0.65,-176.47,22.06,27.47,0.05,0.16,0.39,0.48
45913,1,-0.30,-177.22,22.12,27.32,-0.02,0.21,0.39,0.48
45946,1,-0.00,-177.00,22.16,27.23,-0.05,0.16,0.39,0.48
45980,1,0.35,-176.48,22.21,27.15,-0.10,0.11,0.39,0.48
46024,1,0.67,-176.37,22.25,27.09,-0.14,0.11,0.39,0.47
46057,1,0.73,-176.84,22.27,27.07,-0.13,0.17,0.39,0.48
46091,1,0.46,-177.29,22.27,27.01,-0.08,0.21,0.39,0.48
46125,1,0.08,-177.13,22.28,26.94,-0.02,0.18,0.39,0.47
46169,1,-0.33,-176.43,22.23,26.88,0.03,0.11,0.39,0.47
46203,1,-0.51,-175.87,22.20,26.89,0.04,0.05,0.39,0.47
46238,1,-0.73,-175.78,22.15,26.90,0.07,0.06,0.39,0.47
46313,1,-1.77,-176.32,21.97,26.87,0.22,0.12,0.39,0.47
46347,1,-2.25,-176.41,21.87,26.85,0.29,0.12,0.39,0.47
46381,1,-2.31,-176.31,21.75,26.84,0.27,0.11,0.38,0.47
46414,1,-1.64,-176.01,21.67,26.83,0.14,0.07,0.38,0.47
46458,1,-0.37,-175.86,21.60,26.84,-0.04,0.07,0.38,0.47
46492,1,0.48,-176.01,21.62,26.84,-0.15,0.09,0.37,0.47
46526,1,0.40,-176.07,21.59,26.85,-0.08,0.09,0.38,0.47
46560,1,-0.17,-175.98,21.54,26.83,0.02,0.08,0.38,0.47
46604,1,-1.05,-175.87,21.42,26.85,0.14,0.07,0.38,0.47
46639,1,-1.32,-175.96,21.36,26.89,0.15,0.08,0.38,0.47
46672,1,-1.43,-175.79,21.27,26.90,0.16,0.06,0.37,0.47
46706,1,-1.33,-175.49,21.17,26.91,0.13,0.03,0.37,0.47
46749,1,-1.03,-175.45,21.08,26.98,0.09,0.03,0.37,0.47
46782,1,-0.92,-175.48,21.02,27.02,0.08,0.04,0.37,0.47
46817,1,-0.97,-175.32,20.95,27.07,0.10,0.02,0.37,0.47
46851,1,-1.08,-175.15,20.88,27.09,0.12,0.00,0.37,0.47
46894,1,-1.21,-175.02,20.79,27.15,0.13,-0.01,0.37,0.47
46930,1,-1.22,-175.01,20.73,27.24,0.13,-0.01,0.36,0.48
46963,1,-1.10,-174.89,20.67,27.33,0.11,-0.02,0.36,0.48
46997,1,-0.88,-174.84,20.60,27.35,0.07,-0.02,0.36,0.48
47041,1,-0.63,-175.07,20.53,27.45,0.04,0.00,0.36,0.48
47074,1,-0.74,-175.32,20.48,27.55,0.07,0.03,0.36,0.48
47107,1,-1.06,-175.10,20.42,27.57,0.13,-0.00,0.36,0.48
47142,1,-1.29,-174.84,20.36,27.64,0.15,-0.03,0.36,0.48
47184,1,-1.37,-174.78,20.27,27.76,0.15,-0.03,0.36,0.48
47219,1,-1.20,-174.66,20.20,27.81,0.12,-0.04,0.35,0.48
47253,1,-0.86,-174.62,20.16,27.92,0.06,-0.04,0.35,0.49
47286,1,-0.44,-174.75,20.15,28.02,0.00,-0.03,0.35,0.49
47331,1,-0.22,-174.97,20.15,28.09,-0.01,-0.00,0.35,0.49
47364,1,-0.35,-175.11,20.13,28.15,0.02,0.01,0.35,0.49
47398,1,-0.30,-175.11,20.14,28.17,0.01,0.00,0.35,0.49
47433,1,-0.07,-174.99,20.19,28.18,-0.03,-0.01,0.35,0.49
47475,1,0.72,-174.98,20.31,28.23,-0.16,-0.01,0.35,0.49
47508,1,1.26,-175.19,20.41,28.21,-0.23,0.02,0.35,0.49
47543,1,1.46,-175.48,20.50,28.25,-0.23,0.04,0.35,0.49
47576,1,1.23,-175.92,20.58,28.25,-0.18,0.09,0.36,0.49
47622,1,0.62,-175.94,20.70,28.22,-0.08,0.08,0.36,0.49
47655,1,0.10,-175.69,20.74,28.24,-0.01,0.05,0.36,0.49
47689,1,0.04,-175.38,20.79,28.20,-0.03,0.02,0.36,0.49
47765,1,1.01,-175.26,20.95,28.26,-0.19,0.01,0.36,0.49
47799,1,1.31,-175.35,21.02,28.23,-0.22,0.03,0.36,0.49
47834,1,1.25,-175.45,21.11,28.26,-0.19,0.04,0.37,0.49
47867,1,0.78,-175.72,21.16,28.26,-0.11,0.07,0.37,0.49
47911,1,0.09,-175.76,21.20,28.23,-0.01,0.06,0.37,0.49
47945,1,-0.28,-175.70,21.22,28.24,0.02,0.05,0.37,0.49
47979,1,-0.29,-175.68,21.23,28.24,0.01,0.05,0.37,0.49
48013,1,0.01,-175.64,21.28,28.25,-0.05,0.05,0.37,0.49
48056,1,0.20,-175.65,21.30,28.25,-0.07,0.05,0.37,0.49
48090,1,0.31,-175.60,21.31,28.25,-0.08,0.05,0.37,0.49
48125,1,0.46,-175.54,21.34,28.26,-0.10,0.04,0.37,0.49
48201,1,0.65,-175.45,21.40,28.28,-0.12,0.03,0.37,0.49
48236,1,0.67,-175.49,21.41,28.24,-0.12,0.04,0.37,0.49
48269,1,0.55,-175.62,21.42,28.24,-0.10,0.05,0.37,0.49
48303,1,0.26,-175.98,21.44,28.29,-0.05,0.09,0.37,0.50
48347,1,-0.16,-176.00,21.43,28.25,0.01,0.08,0.37,0.49
48381,1,-0.36,-175.58,21.41,28.20,0.02,0.03,0.37,0.49
48415,1,-0.36,-175.34,21.42,28.26,0.01,0.02,0.37,0.49
48448,1,-0.28,-175.32,21.42,28.27,-0.00,0.02,0.37,0.49
48492,1,-0.27,-175.33,21.43,28.35,0.00,0.02,0.37,0.50
48527,1,-0.34,-175.25,21.42,28.33,0.01,0.01,0.37,0.49
48560,1,-0.30,-174.87,21.43,28.32,0.00,-0.03,0.37,0.49
48637,1,-0.19,-175.31,21.46,28.40,-0.01,0.03,0.37,0.50
48671,1,0.07,-174.77,21.50,28.30,-0.06,-0.04,0.37,0.49
48704,1,0.27,-174.74,21.53,28.31,-0.08,-0.03,0.37,0.49
48738,1,0.48,-175.40,21.63,28.52,-0.11,0.05,0.38,0.50
48781,1,0.75,-175.92,21.71,28.37,-0.14,0.09,0.38,0.50
48814,1,0.77,-176.01,21.79,28.43,-0.13,0.09,0.38,0.50
48849,1,0.57,-177.22,21.84,28.43,-0.10,0.23,0.38,0.50
48882,1,0.62,-176.76,21.92,28.35,-0.12,0.14,0.38,0.50
48928,1,0.65,-174.89,21.99,28.24,-0.12,-0.06,0.38,0.49
48962,1,0.59,-173.85,22.04,28.45,-0.11,-0.14,0.38,0.49
48997,1,0.54,-173.82,22.09,28.49,-0.10,-0.11,0.38,0.50
49071,1,0.22,-175.57,22.15,28.64,-0.06,0.07,0.39,0.50
49105,1,0.17,-176.52,22.16,28.59,-0.05,0.16,0.39,0.50
49139,1,0.24,-176.70,22.19,28.51,-0.07,0.15,0.39,0.50
49173,1,0.34,-176.44,22.23,28.54,-0.09,0.11,0.39,0.50
49217,1,0.52,-175.77,22.28,28.50,-0.11,0.05,0.39,0.50
49250,1,0.68,-174.80,22.32,28.54,-0.13,-0.05,0.39,0.50
49285,1,0.71,-174.47,22.38,28.66,-0.13,-0.06,0.39,0.50
49319,1,0.61,-174.62,22.42,28.71,-0.11,-0.04,0.39,0.50
49363,1,0.20,-175.30,22.43,28.74,-0.04,0.03,0.39,0.50
49398,1,-0.09,-175.85,22.43,28.78,-0.01,0.09,0.39,0.50
49431,1,-0.23,-175.86,22.43,28.73,0.00,0.07,0.39,0.50
49465,1,-0.14,-175.25,22.45,28.68,-0.02,-0.00,0.39,0.50
49508,1,-0.11,-174.95,22.46,28.75,-0.02,-0.02,0.39,0.50
49541,1,-0.08,-175.32,22.46,28.74,-0.03,0.03,0.39,0.50
49575,1,-0.10,-175.65,22.45,28.73,-0.02,0.06,0.39,0.50
49609,1,-0.14,-175.90,22.45,28.71,-0.02,0.08,0.39,0.50
49653,1,-0.10,-175.74,22.46,28.67,-0.03,0.06,0.39,0.50
49688,1,-0.25,-175.59,22.43,28.67,0.00,0.04,0.39,0.50
49722,1,-0.38,-175.74,22.41,28.66,0.02,0.06,0.39,0.50
49755,1,-0.50,-175.93,22.38,28.61,0.04,0.08,0.39,0.50
49800,1,-0.84,-176.40,22.33,28.60,0.09,0.13,0.39,0.50
49844,1,-1.19,-176.67,22.27,28.54,0.13,0.15,0.39,0.50
49880,1,-1.35,-176.28,22.20,28.47,0.15,0.10,0.39,0.50
49943,1,-1.25,-175.75,22.09,28.48,0.12,0.05,0.39,0.50
49978,1,-1.18,-175.80,22.02,28.51,0.11,0.07,0.39,0.50
50011,1,-1.10,-175.95,21.96,28.50,0.10,0.08,0.39,0.50
50045,1,-0.98,-175.92,21.90,28.48,0.08,0.08,0.38,0.50
50090,1,-0.97,-176.04,21.84,28.50,0.09,0.09,0.38,0.50
50123,1,-1.12,-175.83,21.78,28.50,0.12,0.06,0.38,0.50
50157,1,-1.23,-175.55,21.72,28.52,0.13,0.03,0.38,0.50
50192,1,-1.25,-175.43,21.67,28.55,0.13,0.03,0.38,0.50
50233,1,-1.04,-175.48,21.61,28.57,0.09,0.04,0.38,0.50
50267,1,-0.84,-175.53,21.56,28.58,0.06,0.04,0.38,0.50
50302,1,-0.68,-175.58,21.52,28.59,0.05,0.05,0.38,0.50
50335,1,-0.61,-175.60,21.50,28.59,0.04,0.05,0.38,0.50
50380,1,-0.75,-175.54,21.46,28.60,0.07,0.04,0.38,0.50
50414,1,-0.99,-175.49,21.42,28.60,0.11,0.04,0.38,0.50
50448,1,-1.14,-175.50,21.39,28.60,0.12,0.04,0.38,0.50
50482,1,-1.15,-175.52,21.39,28.59,0.12,0.04,0.38,0.50
50524,1,-0.85,-175.54,21.38,28.58,0.06,0.04,0.37,0.50
50558,1,-0.53,-175.63,21.38,28.58,0.02,0.05,0.37,0.50
50592,1,-0.26,-175.77,21.38,28.55,-0.02,0.07,0.37,0.50
50626,1,-0.22,-175.94,21.38,28.51,-0.01,0.08,0.37,0.50
50670,1,-0.31,-176.18,21.37,28.47,0.01,0.11,0.37,0.50
50704,1,-0.23,-176.37,21.38,28.41,-0.01,0.12,0.37,0.50
50738,1,-0.24,-176.67,21.38,28.33,0.00,0.15,0.37,0.50
50772,1,-0.28,-176.88,21.38,28.27,0.01,0.17,0.37,0.50
50814,1,-0.18,-176.82,21.40,28.15,-0.01,0.16,0.37,0.49
50848,1,-0.21,-176.50,21.39,28.08,-0.00,0.12,0.37,0.49
50883,1,-0.22,-176.35,21.38,28.03,-0.00,0.11,0.37,0.49
50916,1,-0.15,-176.31,21.40,28.03,-0.02,0.11,0.37,0.49
50959,1,-0.16,-176.26,21.40,27.98,-0.01,0.11,0.37,0.49
50994,1,-0.18,-176.25,21.39,27.95,-0.01,0.11,0.37,0.49
51028,1,-0.17,-176.39,21.39,27.92,-0.01,0.12,0.37,0.49
51061,1,-0.15,-176.47,21.40,27.90,-0.02,0.13,0.37,0.49
51105,1,-0.20,-176.47,21.39,27.88,-0.00,0.13,0.37,0.49
51139,1,-0.17,-176.35,21.40,27.86,-0.01,0.11,0.37,0.49
51172,1,-0.17,-176.23,21.41,27.84,-0.01,0.10,0.37,0.49
51206,1,-0.27,-176.18,21.39,27.86,0.01,0.10,0.37,0.49
51249,1,-0.21,-175.87,21.41,27.84,-0.01,0.07,0.37,0.49
51284,1,-0.25,-175.74,21.40,27.83,0.00,0.06,0.37,0.49
51317,1,-0.34,-176.10,21.38,27.83,0.02,0.11,0.37,0.49
51352,1,-0.37,-176.53,21.39,27.81,0.02,0.15,0.37,0.49
51396,1,-0.38,-176.56,21.38,27.69,0.02,0.14,0.37,0.49
51429,1,-0.33,-176.33,21.39,27.60,0.01,0.11,0.37,0.48
51463,1,-0.29,-176.34,21.39,27.54,0.00,0.12,0.37,0.48
51497,1,-0.28,-176.58,21.39,27.51,0.00,0.15,0.37,0.48
51539,1,-0.35,-176.75,21.35,27.33,0.02,0.16,0.37,0.48
51573,1,-0.57,-177.37,21.34,27.33,0.06,0.23,0.37,0.48
51607,1,-0.85,-177.82,21.30,27.28,0.09,0.26,0.37,0.48
51641,1,-0.69,-176.60,21.27,27.14,0.05,0.10,0.37,0.48
51687,1,-0.34,-175.51,21.28,27.09,-0.00,0.02,0.37,0.47
51720,1,-0.41,-174.83,21.24,27.21,0.02,-0.04,0.37,0.47
51755,1,-0.51,-174.87,21.23,27.19,0.04,-0.01,0.37,0.47
51830,1,-0.79,-176.41,21.19,27.22,0.08,0.14,0.37,0.48
51864,1,-0.85,-176.62,21.16,27.12,0.08,0.15,0.37,0.48
51898,1,-0.80,-176.28,21.15,27.08,0.07,0.10,0.37,0.47
51932,1,-0.83,-175.97,21.14,27.08,0.08,0.08,0.37,0.47
51975,1,-0.89,-175.88,21.11,27.05,0.09,0.07,0.37,0.47
52009,1,-0.81,-176.28,21.11,27.02,0.07,0.12,0.37,0.47
52043,1,-0.79,-176.86,21.11,26.99,0.07,0.18,0.37,0.47
52077,1,-0.79,-177.11,21.10,26.92,0.07,0.20,0.37,0.47
52120,1,-0.79,-176.62,21.09,26.86,0.07,0.13,0.37,0.47
52155,1,-0.80,-176.24,21.09,26.87,0.07,0.10,0.37,0.47
52189,1,-0.82,-175.94,21.08,26.88,0.08,0.07,0.37,0.47
52265,1,-0.81,-175.76,21.07,26.96,0.08,0.06,0.37,0.47
52299,1,-0.83,-175.81,21.06,27.00,0.08,0.07,0.37,0.47
52332,1,-0.68,-175.30,21.07,27.01,0.05,0.01,0.37,0.47
52366,1,-0.53,-174.78,21.08,27.05,0.03,-0.04,0.37,0.47
52410,1,-0.46,-174.57,21.08,27.17,0.03,-0.05,0.37,0.47
52444,1,-0.40,-174.68,21.08,27.21,0.02,-0.03,0.37,0.47
52478,1,-0.33,-174.77,21.10,27.25,0.01,-0.02,0.37,0.48
52511,1,-0.37,-175.05,21.08,27.30,0.02,0.01,0.37,0.48
52556,1,-0.28,-175.46,21.10,27.35,0.00,0.05,0.37,0.48
52590,1,-0.23,-175.68,21.11,27.35,-0.00,0.07,0.37,0.48
52625,1,-0.27,-175.71,21.09,27.38,0.01,0.06,0.37,0.48
52700,1,-0.39,-175.21,21.08,27.43,0.03,0.01,0.37,0.48
52747,1,-0.72,-174.57,21.02,27.53,0.08,-0.06,0.37,0.48
52781,1,-0.88,-174.19,21.01,27.51,0.10,-0.09,0.37,0.48
52847,1,-1.12,-174.10,20.92,27.68,0.12,-0.09,0.37,0.48
52881,1,-1.04,-175.09,20.90,27.78,0.10,0.03,0.37,0.49
52915,1,-0.95,-176.56,20.86,27.76,0.09,0.18,0.37,0.49
52991,1,-0.72,-176.62,20.81,27.66,0.06,0.14,0.36,0.49
53025,1,-0.88,-175.94,20.78,27.67,0.10,0.06,0.36,0.48
53060,1,-0.97,-175.44,20.75,27.66,0.10,0.02,0.36,0.48
53093,1,-0.92,-175.30,20.71,27.68,0.09,0.02,0.36,0.48
53137,1,-0.84,-175.73,20.67,27.72,0.08,0.07,0.36,0.49
53171,1,-0.84,-176.04,20.62,27.70,0.08,0.10,0.36,0.49
53204,1,-0.89,-176.12,20.58,27.70,0.09,0.10,0.36,0.49
53239,1,-1.01,-175.95,20.54,27.68,0.11,0.08,0.36,0.48
53281,1,-1.12,-175.68,20.48,27.68,0.12,0.05,0.36,0.48
53314,1,-1.15,-175.60,20.44,27.70,0.12,0.05,0.36,0.48
53349,1,-1.11,-175.66,20.39,27.72,0.11,0.06,0.36,0.48
53383,1,-0.90,-175.77,20.35,27.70,0.08,0.07,0.36,0.48
53426,1,-0.70,-175.89,20.32,27.70,0.06,0.08,0.36,0.48
53461,1,-0.70,-175.92,20.30,27.71,0.07,0.08,0.36,0.49
53494,1,-0.81,-175.76,20.27,27.71,0.09,0.06,0.36,0.48
53528,1,-0.91,-175.61,20.23,27.71,0.10,0.05,0.35,0.48
53571,1,-0.99,-175.75,20.20,27.74,0.11,0.07,0.35,0.49
53604,1,-0.95,-176.00,20.17,27.75,0.10,0.10,0.35,0.49
53639,1,-0.84,-175.91,20.13,27.75,0.08,0.08,0.35,0.49
53672,1,-0.68,-175.67,20.11,27.74,0.05,0.05,0.35,0.48
53715,1,-0.54,-175.57,20.09,27.78,0.04,0.05,0.35,0.49
53750,1,-0.66,-175.63,20.07,27.80,0.07,0.06,0.35,0.49
53784,1,-0.75,-175.54,20.04,27.80,0.08,0.04,0.35,0.49
53818,1,-0.68,-175.44,20.04,27.81,0.06,0.03,0.35,0.49
53862,1,-0.65,-175.65,20.04,27.83,0.06,0.06,0.35,0.49
53896,1,-0.55,-175.84,20.06,27.83,0.04,0.08,0.35,0.49
53930,1,-0.41,-175.79,20.08,27.82,0.02,0.07,0.35,0.49
53964,1,-0.18,-175.63,20.11,27.78,-0.01,0.05,0.35,0.49
54006,1,0.20,-175.77,20.17,27.80,-0.07,0.07,0.35,0.49
54041,1,0.50,-176.07,20.22,27.80,-0.11,0.10,0.35,0.49
54074,1,0.84,-176.15,20.29,27.74,-0.15,0.10,0.35,0.49
54108,1,1.20,-176.01,20.38,27.70,-0.20,0.08,0.35,0.48
54153,1,1.28,-176.30,20.51,27.75,-0.20,0.12,0.35,0.49
54187,1,1.16,-176.26,20.60,27.71,-0.17,0.11,0.36,0.49
54220,1,0.98,-175.69,20.70,27.64,-0.14,0.04,0.36,0.48
54255,1,0.81,-175.25,20.78,27.67,-0.12,0.01,0.36,0.48
54297,1,0.66,-175.47,20.86,27.72,-0.11,0.05,0.36,0.48
54330,1,0.73,-175.69,20.92,27.70,-0.13,0.07,0.36,0.48
54365,1,0.89,-175.85,20.98,27.70,-0.15,0.08,0.36,0.48
54399,1,1.04,-176.15,21.05,27.71,-0.17,0.11,0.36,0.49
54443,1,1.04,-175.98,21.14,27.67,-0.16,0.08,0.37,0.48
54476,1,0.91,-175.53,21.18,27.64,-0.14,0.03,0.37,0.48
54511,1,0.58,-175.27,21.23,27.68,-0.08,0.02,0.37,0.48
54587,1,0.09,-175.84,21.28,27.70,-0.03,0.08,0.37,0.48
54620,1,0.33,-175.61,21.32,27.61,-0.09,0.05,0.37,0.48
54655,1,0.49,-175.50,21.37,27.69,-0.10,0.04,0.37,0.48
54731,1,0.28,-175.68,21.38,27.69,-0.06,0.06,0.37,0.48
54766,1,0.25,-175.41,21.39,27.62,-0.06,0.03,0.37,0.48
54799,1,-0.03,-175.37,21.38,27.67,-0.01,0.03,0.37,0.48
54833,1,-0.21,-175.83,21.38,27.73,0.01,0.09,0.37,0.49
54876,1,-0.17,-176.07,21.38,27.72,-0.01,0.10,0.37,0.49
54909,1,-0.08,-175.83,21.40,27.70,-0.02,0.07,0.37,0.48
54944,1,-0.19,-175.49,21.39,27.64,0.00,0.03,0.37,0.48
54978,1,-0.25,-175.44,21.38,27.68,0.01,0.04,0.37,0.48
55022,1,-0.21,-176.30,21.40,27.76,-0.00,0.14,0.37,0.49
55056,1,-0.24,-176.16,21.39,27.70,0.00,0.10,0.37,0.49
55090,1,-0.17,-175.36,21.39,27.58,-0.01,0.01,0.37,0.48
55123,1,-0.19,-175.18,21.39,27.68,-0.00,0.01,0.37,0.48
55168,1,-0.32,-175.94,21.39,27.77,0.02,0.10,0.37,0.49
55202,1,-0.29,-175.48,21.39,27.66,0.01,0.03,0.37,0.48
55235,1,-0.20,-175.41,21.40,27.62,-0.01,0.03,0.37,0.48
55269,1,-0.33,-175.97,21.39,27.78,0.02,0.10,0.37,0.49
55314,1,-0.33,-175.88,21.38,27.73,0.01,0.08,0.37,0.49
55349,1,-0.25,-175.91,21.40,27.64,-0.00,0.08,0.37,0.48
55382,1,-0.29,-175.81,21.39,27.74,0.01,0.07,0.37,0.49
55417,1,-0.28,-175.92,21.40,27.72,0.01,0.09,0.37,0.49
55459,1,-0.24,-175.68,21.40,27.72,0.00,0.06,0.37,0.48
55493,1,-0.27,-175.72,21.39,27.77,0.01,0.07,0.37,0.49
55526,1,-0.22,-175.80,21.41,27.77,-0.00,0.07,0.37,0.49
55560,1,-0.27,-175.74,21.39,27.78,0.01,0.07,0.37,0.49
55606,1,-0.22,-175.69,21.40,27.81,-0.00,0.06,0.37,0.49
55640,1,-0.22,-175.43,21.40,27.81,0.00,0.03,0.37,0.49
55673,1,-0.19,-175.06,21.41,27.88,-0.01,-0.01,0.37,0.49
55750,1,-0.05,-175.24,21.43,27.93,-0.03,0.02,0.37,0.49
55783,1,0.10,-175.09,21.46,27.97,-0.05,0.00,0.37,0.49
55818,1,0.25,-174.96,21.48,28.02,-0.07,-0.01,0.37,0.49
55894,1,0.71,-175.22,21.58,28.07,-0.13,0.02,0.37,0.49
55928,1,0.93,-175.48,21.65,28.09,-0.16,0.05,0.37,0.49
55961,1,1.09,-175.66,21.75,28.08,-0.18,0.06,0.38,0.49
55995,1,0.96,-175.65,21.84,28.10,-0.15,0.06,0.38,0.49
56039,1,0.59,-175.59,21.94,28.10,-0.09,0.05,0.38,0.49
56072,1,0.25,-175.30,21.99,28.12,-0.04,0.02,0.38,0.49
56107,1,0.18,-175.16,22.06,28.16,-0.05,0.01,0.38,0.49
56141,1,0.32,-175.14,22.10,28.20,-0.08,0.01,0.38,0.49
56183,1,0.88,-175.11,22.21,28.23,-0.17,0.01,0.38,0.49
56218,1,1.20,-175.05,22.29,28.26,-0.21,0.00,0.39,0.49
56252,1,1.31,-174.92,22.41,28.28,-0.21,-0.01,0.39,0.49
56285,1,1.01,-174.78,22.50,28.29,-0.14,-0.02,0.39,0.49
56329,1,0.25,-174.74,22.59,28.34,-0.03,-0.03,0.39,0.49
56363,1,-0.46,-174.88,22.58,28.36,0.07,-0.01,0.40,0.49
56397,1,-0.68,-175.03,22.60,28.38,0.07,0.01,0.40,0.50
56430,1,-0.46,-175.21,22.63,28.41,0.01,0.02,0.40,0.50
56474,1,0.15,-175.38,22.72,28.44,-0.08,0.04,0.40,0.50
56509,1,0.31,-175.33,22.73,28.43,-0.08,0.03,0.40,0.50
56543,1,0.39,-175.32,22.78,28.48,-0.09,0.03,0.40,0.50
56576,1,0.39,-175.31,22.80,28.51,-0.08,0.03,0.40,0.50
56621,1,0.26,-175.19,22.83,28.50,-0.06,0.01,0.40,0.50
56655,1,0.14,-175.40,22.84,28.58,-0.04,0.04,0.40,0.50
56688,1,0.12,-175.45,22.86,28.62,-0.05,0.04,0.40,0.50
56723,1,0.17,-175.21,22.87,28.57,-0.06,0.01,0.40,0.50
56765,1,0.25,-175.35,22.90,28.66,-0.07,0.03,0.40,0.50
56799,1,0.30,-175.48,22.92,28.69,-0.07,0.05,0.40,0.50
56833,1,0.33,-175.24,22.94,28.67,-0.08,0.01,0.40,0.50
56867,1,0.34,-174.92,22.97,28.70,-0.08,-0.02,0.40,0.50
56912,1,0.28,-175.22,22.99,28.73,-0.07,0.03,0.40,0.50
56946,1,0.31,-175.51,23.01,28.74,-0.08,0.05,0.40,0.50
56979,1,0.38,-175.49,23.04,28.75,-0.09,0.04,0.40,0.50
57014,1,0.47,-175.13,23.06,28.67,-0.10,0.00,0.40,0.50
57056,1,0.46,-175.05,23.08,28.72,-0.09,0.00,0.40,0.50
57089,1,0.41,-175.51,23.11,28.74,-0.08,0.06,0.40,0.50
57124,1,0.37,-175.81,23.13,28.67,-0.08,0.08,0.40,0.50
57157,1,0.37,-175.99,23.15,28.59,-0.08,0.09,0.40,0.50
57202,1,0.39,-176.51,23.19,28.58,-0.09,0.15,0.40,0.50
57235,1,0.54,-176.56,23.23,28.49,-0.11,0.14,0.40,0.50
57270,1,0.66,-176.28,23.27,28.42,-0.13,0.11,0.40,0.50
57345,1,0.69,-176.53,23.36,28.35,-0.12,0.14,0.41,0.50
57379,1,0.83,-177.10,23.42,28.31,-0.15,0.21,0.41,0.50
57414,1,0.88,-177.22,23.47,28.17,-0.15,0.20,0.41,0.50
57447,1,0.75,-176.75,23.52,28.06,-0.13,0.14,0.41,0.49
57490,1,0.38,-176.28,23.56,28.05,-0.07,0.11,0.41,0.49
57525,1,0.18,-175.83,23.57,27.98,-0.05,0.06,0.41,0.49
57559,1,0.22,-175.57,23.58,27.98,-0.07,0.04,0.41,0.49
57592,1,0.33,-175.97,23.60,28.02,-0.08,0.10,0.41,0.49
57636,1,0.29,-176.60,23.59,27.95,-0.07,0.16,0.41,0.49
57670,1,0.20,-176.74,23.58,27.91,-0.06,0.16,0.41,0.49
57705,1,0.04,-176.68,23.56,27.89,-0.03,0.15,0.41,0.49
57781,1,-0.39,-175.73,23.50,27.91,0.03,0.05,0.41,0.49
57816,1,-0.61,-175.93,23.46,27.95,0.06,0.09,0.41,0.49
57849,1,-0.86,-176.21,23.40,27.92,0.09,0.12,0.41,0.49
57883,1,-1.00,-176.17,23.36,27.92,0.10,0.11,0.41,0.49
57927,1,-1.12,-175.83,23.27,27.94,0.12,0.07,0.41,0.49
57960,1,-1.11,-175.16,23.20,27.96,0.11,-0.00,0.41,0.49
57994,1,-1.00,-174.96,23.13,28.02,0.09,-0.01,0.41,0.49
58028,1,-0.90,-175.32,23.07,28.09,0.08,0.04,0.40,0.49
58073,1,-0.84,-175.76,22.98,28.10,0.07,0.08,0.40,0.49
58107,1,-0.89,-175.77,22.93,28.10,0.09,0.07,0.40,0.49
58141,1,-1.12,-175.33,22.85,28.14,0.12,0.02,0.40,0.49
58217,1,-1.34,-174.67,22.71,28.25,0.15,-0.04,0.40,0.49
58251,1,-1.60,-174.89,22.63,28.31,0.19,-0.00,0.40,0.49
58284,1,-1.68,-175.02,22.54,28.37,0.19,0.01,0.40,0.50
58318,1,-1.41,-175.18,22.47,28.43,0.14,0.02,0.39,0.50
58361,1,-0.92,-175.19,22.39,28.50,0.06,0.02,0.39,0.50
58395,1,-0.65,-175.01,22.36,28.54,0.04,-0.00,0.39,0.50
58429,1,-0.60,-174.58,22.34,28.59,0.04,-0.05,0.39,0.50
58463,1,-0.78,-174.32,22.30,28.64,0.08,-0.07,0.39,0.50
58507,1,-1.00,-174.43,22.26,28.74,0.11,-0.05,0.39,0.50
58541,1,-1.01,-174.96,22.25,28.78,0.10,0.01,0.39,0.50
58576,1,-0.96,-175.34,22.22,28.80,0.09,0.04,0.39,0.50
58651,1,-0.67,-175.36,22.21,28.80,0.05,0.03,0.39,0.50
58684,1,-0.67,-175.11,22.20,28.82,0.06,0.00,0.39,0.50
58719,1,-0.71,-174.81,22.18,28.81,0.06,-0.03,0.39,0.50
58752,1,-0.76,-174.61,22.16,28.86,0.07,-0.04,0.39,0.50
58797,1,-0.88,-175.08,22.13,28.90,0.09,0.02,0.39,0.50
58830,1,-0.98,-175.43,22.08,28.86,0.10,0.05,0.39,0.50
58865,1,-1.04,-175.52,22.05,28.87,0.11,0.05,0.39,0.50
58899,1,-1.04,-175.49,22.00,28.85,0.10,0.04,0.39,0.50
58941,1,-0.92,-175.05,21.95,28.86,0.08,-0.01,0.38,0.50
58976,1,-0.85,-174.94,21.92,28.91,0.08,-0.01,0.38,0.50
59010,1,-0.85,-175.13,21.89,28.94,0.08,0.02,0.38,0.51
59044,1,-0.91,-175.11,21.85,28.96,0.09,0.01,0.38,0.51
59087,1,-0.99,-174.83,21.80,28.98,0.10,-0.02,0.38,0.51
59121,1,-1.05,-174.32,21.76,29.04,0.11,-0.08,0.38,0.51
59156,1,-1.02,-173.96,21.70,29.08,0.10,-0.10,0.38,0.51
59189,1,-0.92,-173.93,21.65,29.15,0.08,-0.10,0.38,0.51
59232,1,-0.72,-174.44,21.61,29.21,0.06,-0.04,0.38,0.51
59267,1,-0.65,-174.78,21.57,29.23,0.05,-0.01,0.38,0.51
59301,1,-0.65,-174.97,21.55,29.23,0.06,0.00,0.38,0.51
59335,1,-0.76,-174.99,21.51,29.20,0.08,-0.00,0.38,0.51
59379,1,-0.90,-174.90,21.47,29.19,0.09,-0.01,0.38,0.51
59413,1,-0.95,-175.02,21.44,29.18,0.10,0.01,0.38,0.51
59446,1,-0.90,-175.31,21.41,29.15,0.09,0.04,0.38,0.51
59481,1,-0.78,-175.64,21.37,29.12,0.07,0.07,0.37,0.51
59523,1,-0.61,-176.04,21.35,29.05,0.04,0.10,0.37,0.51
59557,1,-0.59,-176.08,21.36,28.96,0.05,0.10,0.37,0.51
59591,1,-0.67,-175.94,21.33,28.92,0.06,0.08,0.37,0.51
59625,1,-0.50,-175.73,21.34,28.86,0.03,0.06,0.37,0.50
59669,1,-0.24,-175.49,21.36,28.80,-0.01,0.04,0.37,0.50
59702,1,-0.21,-175.64,21.36,28.76,-0.00,0.06,0.37,0.50
59736,1,-0.23,-176.12,21.35,28.71,0.00,0.11,0.37,0.50
59771,1,-0.16,-176.72,21.37,28.64,-0.01,0.17,0.37,0.50
59813,1,-0.26,-177.25,21.34,28.49,0.01,0.22,0.37,0.50
59846,1,-0.20,-177.21,21.36,28.37,-0.01,0.20,0.37,0.50
59881,1,-0.19,-177.10,21.35,28.25,-0.00,0.19,0.37,0.50
59958,1,-0.12,-176.28,21.38,28.13,-0.01,0.10,0.37,0.49
59992,1,-0.07,-176.22,21.37,28.06,-0.02,0.11,0.37,0.49
60025,1,-0.08,-176.88,21.39,28.02,-0.02,0.19,0.37,0.49
60060,1,-0.19,-177.42,21.37,27.95,0.00,0.23,0.37,0.49
60104,1,-0.16,-177.02,21.38,27.81,-0.01,0.17,0.37,0.49
60137,1,-0.11,-175.98,21.39,27.78,-0.02,0.06,0.37,0.49
60172,1,-0.15,-175.55,21.38,27.78,-0.01,0.04,0.37,0.49
60248,1,-0.19,-176.02,21.38,27.80,-0.00,0.10,0.37,0.49
60283,1,-0.10,-175.68,21.39,27.70,-0.02,0.05,0.37,0.48
60316,1,-0.20,-175.55,21.38,27.73,0.00,0.05,0.37,0.48
60350,1,-0.31,-175.92,21.38,27.80,0.02,0.10,0.37,0.49
60394,1,-0.27,-175.89,21.39,27.75,0.00,0.08,0.37,0.49
60427,1,-0.21,-175.77,21.39,27.71,-0.00,0.07,0.37,0.48
60462,1,-0.21,-176.05,21.39,27.73,-0.00,0.10,0.37,0.49
60496,1,-0.36,-176.58,21.37,27.73,0.03,0.16,0.37,0.49
60539,1,-0.34,-176.24,21.37,27.72,0.02,0.11,0.37,0.49
60574,1,-0.21,-175.49,21.39,27.65,-0.01,0.02,0.37,0.48
60607,1,-0.17,-174.92,21.39,27.65,-0.01,-0.02,0.37,0.48
60641,1,-0.25,-175.17,21.38,27.74,0.01,0.02,0.37,0.48
60685,1,-0.29,-176.04,21.38,27.78,0.01,0.11,0.37,0.49
60719,1,-0.23,-176.09,21.38,27.66,-0.00,0.10,0.37,0.48
60753,1,-0.23,-175.89,21.39,27.66,0.00,0.08,0.37,0.48
60786,1,-0.42,-176.16,21.38,27.78,0.04,0.11,0.37,0.49
60831,1,-0.29,-175.70,21.37,27.64,0.00,0.05,0.37,0.48
60866,1,-0.15,-175.10,21.39,27.64,-0.02,-0.01,0.37,0.48
60899,1,-0.30,-175.50,21.37,27.76,0.02,0.06,0.37,0.49
60976,1,-0.24,-175.78,21.38,27.69,0.00,0.08,0.37,0.48
61009,1,-0.26,-176.04,21.37,27.72,0.01,0.10,0.37,0.49
61043,1,-0.30,-176.33,21.37,27.73,0.01,0.13,0.37,0.49
61077,1,-0.26,-175.91,21.38,27.69,0.00,0.07,0.37,0.48
61122,1,-0.24,-175.32,21.38,27.71,0.00,0.02,0.37,0.48
61156,1,-0.29,-175.42,21.37,27.75,0.01,0.04,0.37,0.49
61190,1,-0.25,-175.81,21.38,27.73,0.00,0.09,0.37,0.49
61267,1,-0.29,-176.20,21.38,27.71,0.01,0.12,0.37,0.49
61300,1,-0.26,-175.85,21.38,27.69,0.00,0.07,0.37,0.48
61345,1,-0.24,-175.49,21.38,27.72,0.00,0.04,0.37,0.48
61413,1,-0.25,-175.92,21.38,27.72,0.01,0.09,0.37,0.49
61446,1,-0.26,-175.96,21.38,27.71,0.01,0.09,0.37,0.49
61480,1,-0.27,-175.91,21.38,27.71,0.01,0.08,0.37,0.49
61515,1,-0.26,-175.74,21.38,27.70,0.00,0.06,0.37,0.48
61557,1,-0.24,-175.60,21.39,27.72,0.00,0.05,0.37,0.48
61591,1,-0.29,-175.74,21.37,27.73,0.01,0.07,0.37,0.49
61626,1,-0.26,-175.86,21.38,27.72,0.00,0.08,0.37,0.49
61703,1,-0.28,-175.87,21.37,27.72,0.01,0.08,0.37,0.49
61737,1,-0.26,-175.80,21.38,27.71,0.00,0.07,0.37,0.48
61771,1,-0.25,-175.73,21.38,27.71,0.01,0.07,0.37,0.48
61804,1,-0.28,-175.78,21.37,27.72,0.01,0.07,0.37,0.49
61849,1,-0.23,-175.85,21.39,27.71,0.00,0.08,0.37,0.49
61882,1,-0.25,-175.82,21.38,27.71,0.01,0.08,0.37,0.48
61917,1,-0.26,-175.82,21.38,27.72,0.01,0.08,0.37,0.49
61992,1,-0.21,-175.86,21.39,27.71,-0.00,0.08,0.37,0.49
62027,1,-0.21,-175.89,21.38,27.71,-0.00,0.08,0.37,0.49
62061,1,-0.20,-175.87,21.39,27.70,-0.00,0.08,0.37,0.48
62094,1,-0.19,-175.84,21.39,27.70,-0.00,0.08,0.37,0.48
62140,1,-0.22,-175.87,21.38,27.70,0.00,0.08,0.37,0.48
62173,1,-0.16,-175.92,21.39,27.69,-0.01,0.09,0.37,0.48
62208,1,-0.14,-175.95,21.40,27.69,-0.01,0.09,0.37,0.48
62283,1,-0.10,-175.98,21.40,27.68,-0.02,0.09,0.37,0.48
62318,1,-0.08,-176.01,21.40,27.67,-0.02,0.10,0.37,0.48
62351,1,-0.08,-176.00,21.40,27.66,-0.02,0.09,0.37,0.48
62386,1,-0.06,-175.97,21.40,27.66,-0.02,0.09,0.37,0.48
62430,1,-0.03,-175.93,21.41,27.66,-0.02,0.09,0.37,0.48
62463,1,-0.02,-175.93,21.41,27.65,-0.03,0.09,0.37,0.48
62497,1,-0.00,-175.96,21.41,27.65,-0.03,0.09,0.37,0.48
62531,1,0.01,-175.98,21.42,27.65,-0.03,0.09,0.37,0.48
62573,1,0.02,-175.97,21.42,27.64,-0.03,0.09,0.37,0.48
62608,1,0.05,-175.97,21.42,27.64,-0.04,0.09,0.37,0.48
62642,1,0.06,-175.98,21.42,27.64,-0.04,0.09,0.37,0.48
62675,1,0.06,-176.00,21.42,27.63,-0.04,0.09,0.37,0.48
62720,1,0.08,-176.02,21.42,27.62,-0.04,0.10,0.37,0.48
62754,1,0.06,-176.05,21.42,27.62,-0.03,0.10,0.37,0.48
62789,1,0.05,-176.08,21.42,27.62,-0.03,0.10,0.37,0.48
62864,1,0.10,-175.94,21.43,27.61,-0.04,0.09,0.37,0.48
62898,1,0.10,-175.92,21.43,27.61,-0.04,0.09,0.37,0.48
62932,1,0.12,-175.93,21.43,27.61,-0.05,0.09,0.37,0.48
62966,1,0.13,-175.94,21.44,27.61,-0.05,0.09,0.37,0.48
63011,1,0.13,-175.96,21.44,27.61,-0.05,0.09,0.37,0.48
63044,1,0.15,-176.05,21.43,27.62,-0.05,0.10,0.37,0.48
63079,1,0.14,-176.21,21.44,27.62,-0.05,0.12,0.37,0.48
63113,1,0.13,-176.33,21.43,27.60,-0.04,0.13,0.37,0.48
63155,1,0.14,-176.10,21.43,27.58,-0.05,0.10,0.37,0.48
63190,1,0.14,-175.88,21.44,27.59,-0.05,0.08,0.37,0.48
63224,1,0.15,-175.82,21.44,27.59,-0.05,0.08,0.37,0.48
63257,1,0.17,-175.90,21.44,27.60,-0.05,0.09,0.37,0.48
63300,1,0.13,-176.16,21.44,27.60,-0.04,0.12,0.37,0.48
