time_ms,pitch_deg,u_deg,motor_pos
3227,3.29,0,0.37
3258,3.29,0,0.37
3289,3.3,0,0.37
3320,3.29,0,0.37
3353,3.29,0,0.37
3385,3.29,0,0.37
3417,3.28,0,0.37
3448,3.28,0,0.37
3479,3.29,0,0.37
3510,3.28,0,0.37
3542,3.29,0,0.37
3575,3.29,0,0.37
3607,3.28,0,0.37
3638,3.29,0,0.37
3669,3.28,0,0.37
3701,3.28,0,0.37
3733,3.29,0,0.37
3764,3.28,0,0.37
3796,3.28,0,0.37
3828,3.28,0,0.37
3859,3.28,0,0.37
3890,3.28,0,0.37
3921,3.28,0,0.37
3953,3.28,0,0.37
3985,3.27,0,0.37
4017,3.28,0,0.37
4049,3.27,0,0.37
4080,3.28,0,0.37
4111,3.28,0,0.37
4142,3.28,0,0.37
4173,3.28,0,0.37
4205,3.28,0,0.37
4238,3.28,0,0.37
4270,3.27,0,0.37
4301,3.27,0,0.37
4332,3.27,0,0.37
4363,3.27,0,0.37
4394,3.27,0,0.37
4427,3.27,0,0.37
4459,3.27,0,0.37
4491,3.27,0,0.37
4522,3.27,0,0.37
4553,3.27,0,0.37
4584,3.27,0,0.37
4615,3.27,0,0.37
4648,3.27,0,0.37
4680,3.28,0,0.37
4712,3.27,0,0.37
4743,3.28,0,0.37
4774,3.27,0,0.37
4805,3.27,0,0.37
4837,3.27,0,0.37
4868,3.27,0,0.37
4901,3.27,0,0.37
4932,3.27,0,0.37
4963,3.27,0,0.37
4994,3.27,0,0.37
5026,3.27,0,0.37
5057,3.27,0,0.37
5090,3.27,0,0.37
5122,3.27,0,0.37
5153,3.27,0,0.37
5184,3.27,0,0.37
5215,3.27,0,0.37
5247,3.27,0,0.37
5279,3.27,0,0.37
5311,3.27,0,0.37
5343,3.27,0,0.37
5374,3.27,0,0.37
5405,3.27,0,0.37
5437,3.27,0,0.37
5468,3.27,0,0.37
5500,3.27,0,0.37
5543,3.27,0,0.37
5575,3.27,0,0.37
5607,3.27,0,0.37
5639,3.27,0,0.37
5670,3.27,0,0.37
5703,3.27,0,0.37
5735,3.25,0,0.37
5766,3.26,0,0.37
5797,3.25,0,0.37
5828,3.24,0,0.37
5860,3.25,0,0.37
5892,3.25,0,0.37
5925,3.25,0,0.37
5956,3.25,0,0.37
5987,3.26,0,0.37
6018,3.25,0,0.37
6049,3.25,0,0.37
6082,3.25,0,0.37
6114,3.25,0,0.37
6146,3.25,0,0.37
6177,3.26,0,0.37
6208,3.25,0,0.37
6239,3.25,0,0.37
6270,3.25,0,0.37
6303,3.25,0,0.37
6335,3.25,0,0.37
6367,3.25,0,0.37
6398,3.25,0,0.37
6429,3.25,0,0.37
6460,3.25,0,0.37
6493,3.25,0,0.37
6524,3.25,0,0.37
6556,3.25,0,0.37
6588,3.25,0,0.37
6619,3.25,0,0.37
6650,3.25,0,0.37
6681,3.25,0,0.37
6713,3.25,0,0.37
6745,3.25,0,0.37
6778,3.25,0,0.37
6809,3.25,0,0.37
6840,3.25,0,0.37
6871,3.25,0,0.37
6902,3.25,0,0.37
6935,3.25,0,0.37
6967,3.25,0,0.37
6999,3.25,0,0.37
7030,3.25,0,0.37
7061,3.25,0,0.37
7092,3.26,0,0.37
7123,3.23,0,0.37
7156,3.24,0,0.37
7188,3.24,0,0.37
7220,3.24,0,0.37
7251,3.23,0,0.37
7282,3.24,0,0.37
7314,3.23,0,0.37
7346,3.24,0,0.37
7378,3.24,0,0.37
7410,3.23,0,0.37
7441,3.23,0,0.37
7472,3.23,0,0.37
7503,3.23,0,0.37
7534,3.23,0,0.37
7567,3.23,0,0.37
7599,3.23,0,0.37
7631,3.23,0,0.37
7662,3.23,0,0.37
7693,3.23,0,0.37
7725,3.23,0,0.37
7756,3.23,0,0.37
7788,3.24,0,0.37
7821,3.24,0.05,0.37
7852,3.24,0.05,0.37
7884,3.18,0.05,0.37
7915,3.06,0.05,0.37
7946,2.93,0.05,0.37
7977,2.83,0.05,0.37
8009,2.82,0.05,0.37
8042,2.82,0.05,0.37
8073,2.81,0.05,0.37
8104,2.82,0.05,0.37
8136,2.82,0.05,0.37
8167,2.82,0.05,0.37
8200,2.82,0.05,0.37
8240,2.82,0.05,0.37
8273,2.82,0.05,0.37
8304,2.82,0.05,0.37
8335,2.82,0.05,0.37
8366,2.81,0.05,0.37
8398,2.82,0.05,0.37
8429,2.82,0.05,0.37
8461,2.81,0.05,0.37
8494,2.81,0.05,0.37
8525,2.82,0.05,0.37
8556,2.82,0.05,0.37
8587,2.82,0.05,0.37
8619,2.81,0.05,0.37
8651,2.81,0.05,0.37
8683,2.81,0.05,0.37
8715,2.81,0.05,0.37
8746,2.81,-0.05,0.37
8777,2.81,-0.05,0.37
8808,2.97,-0.05,0.37
8839,3.13,-0.05,0.37
8872,3.21,-0.05,0.37
8904,3.18,-0.05,0.37
8936,3.19,-0.05,0.37
8967,3.2,-0.05,0.37
8998,3.2,-0.05,0.37
9029,3.19,-0.05,0.37
9062,3.19,-0.05,0.37
9094,3.18,-0.05,0.37
9126,3.18,-0.05,0.37
9157,3.19,-0.05,0.37
9188,3.19,-0.05,0.37
9220,3.19,-0.05,0.37
9251,3.19,-0.05,0.37
9282,3.19,-0.05,0.37
9315,3.19,-0.05,0.37
9347,3.19,-0.05,0.37
9378,3.19,-0.05,0.37
9409,3.19,-0.05,0.37
9440,3.19,-0.05,0.37
9472,3.19,-0.05,0.37
9504,3.19,-0.05,0.37
9537,3.19,-0.05,0.37
9568,3.19,-0.05,0.37
9599,3.19,-0.05,0.37
9630,3.19,-0.05,0.37
9661,3.19,-0.05,0.37
9694,3.19,-0.05,0.37
9726,3.19,-0.05,0.37
9758,3.19,-0.05,0.37
9789,3.19,-0.05,0.37
9821,3.19,-0.05,0.37
9852,3.19,-0.05,0.37
9883,3.19,-0.05,0.37
9915,3.19,-0.05,0.37
9948,3.19,-0.05,0.37
9980,3.19,-0.05,0.37
10011,3.19,-0.05,0.37
10042,3.19,-0.05,0.37
10073,3.19,-0.05,0.37
10105,3.19,-0.05,0.37
10136,3.19,-0.05,0.37
10169,3.19,0.1,0.37
10200,3.19,0.1,0.37
10243,2.84,0.1,0.37
10274,2.47,0.1,0.37
10306,2.21,0.1,0.37
10337,2.2,0.1,0.37
10369,2.26,0.1,0.37
10401,2.23,0.1,0.37
10432,2.24,0.1,0.37
10463,2.23,0.1,0.37
10494,2.24,0.1,0.37
10526,2.23,0.1,0.37
10558,2.24,0.1,0.37
10590,2.24,0.1,0.37
10622,2.24,0.1,0.37
10653,2.24,0.1,0.37
10684,2.24,0.1,0.37
10715,2.24,0.1,0.37
10747,2.24,0.1,0.37
10779,2.24,0.1,0.37
10812,2.24,0.1,0.37
10843,2.24,0.1,0.37
10874,2.24,0.1,0.37
10905,2.24,0.1,0.37
10936,2.24,0.1,0.37
10968,2.24,0.1,0.37
11001,2.24,0.1,0.37
11033,2.24,0.1,0.37
11064,2.24,0.1,0.37
11095,2.24,0.1,0.37
11126,2.24,0.1,0.37
11158,2.24,0.1,0.37
11189,2.24,0.1,0.37
11221,2.24,0.1,0.37
11253,2.24,0.1,0.37
11285,2.24,-0.1,0.37
11316,2.27,-0.1,0.37
11347,2.86,-0.1,0.37
11378,3.62,-0.1,0.37
11411,4.15,-0.1,0.36
11442,4.15,-0.1,0.36
11474,3.9,-0.1,0.36
11505,3.56,-0.1,0.36
11536,3.52,-0.1,0.36
11567,3.56,-0.1,0.36
11599,3.54,-0.1,0.36
11631,3.56,-0.1,0.36
11663,3.54,-0.1,0.36
11695,3.56,-0.1,0.36
11726,3.54,-0.1,0.36
11757,3.56,-0.1,0.36
11788,3.55,-0.1,0.36
11820,3.55,-0.1,0.36
11852,3.55,-0.1,0.36
11885,3.56,-0.1,0.36
11916,3.56,-0.1,0.36
11947,3.56,-0.1,0.36
11978,3.56,-0.1,0.36
12010,3.56,-0.1,0.36
12041,3.56,-0.1,0.36
12073,3.56,-0.1,0.36
12105,3.56,-0.1,0.36
12137,3.56,-0.1,0.36
12168,3.56,-0.1,0.36
12199,3.56,-0.1,0.36
12231,3.56,-0.1,0.36
12263,3.57,-0.1,0.36
12295,3.57,-0.1,0.36
12327,3.57,-0.1,0.36
12358,3.57,-0.1,0.36
12389,3.57,-0.1,0.36
12420,3.57,-0.1,0.36
12452,3.57,-0.1,0.36
12485,3.56,-0.1,0.36
12517,3.56,-0.1,0.36
12548,3.57,-0.1,0.36
12579,3.56,-0.1,0.36
12611,3.58,-0.1,0.36
12642,3.57,-0.1,0.36
12674,3.57,-0.1,0.36
12707,3.56,-0.1,0.36
12739,3.58,-0.1,0.36
12770,3.56,-0.1,0.36
12801,3.59,-0.1,0.36
12832,3.57,-0.1,0.36
12864,3.58,-0.1,0.36
12896,3.57,0.15,0.36
12928,3.58,0.15,0.36
12960,2.93,0.15,0.37
12991,2.07,0.15,0.37
13022,1.39,0.15,0.37
13053,1.33,0.15,0.37
13085,1.64,0.15,0.37
13118,1.98,0.15,0.37
13150,2.13,0.15,0.37
13181,2.05,0.15,0.37
13212,2.08,0.15,0.37
13243,2.05,0.15,0.37
13275,2.07,0.15,0.37
13307,2.07,0.15,0.37
13339,2.06,0.15,0.37
13371,2.07,0.15,0.37
13402,2.07,0.15,0.37
13433,2.07,0.15,0.37
13465,2.07,0.15,0.37
13496,2.08,0.15,0.37
13528,2.06,0.15,0.37
13561,2.07,0.15,0.37
13592,2.07,0.15,0.37
13623,2.07,0.15,0.37
13654,2.07,0.15,0.37
13686,2.07,0.15,0.37
13718,2.07,0.15,0.37
13750,2.07,0.15,0.37
13782,2.07,0.15,0.37
13813,2.07,0.15,0.37
13844,2.07,0.15,0.37
13875,2.07,0.15,0.37
13907,2.07,0.15,0.37
13940,2.07,0.15,0.37
13972,2.07,0.15,0.37
14003,2.07,0.15,0.37
14034,2.07,0.15,0.37
14066,2.07,0.15,0.37
14097,2.07,0.15,0.37
14129,2.07,0.15,0.37
14161,2.07,0.15,0.37
14193,2.07,0.15,0.37
14225,2.07,-0.15,0.37
14256,2.06,-0.15,0.37
14287,2.59,-0.15,0.37
14318,3.75,-0.15,0.36
14349,4.68,-0.15,0.36
14381,4.93,-0.15,0.36
14412,4.53,-0.15,0.36
14444,3.98,-0.15,0.36
14475,3.52,-0.15,0.36
14507,3.62,-0.15,0.36
14538,3.76,-0.15,0.36
14570,3.81,-0.15,0.36
14601,3.78,-0.15,0.36
14634,3.82,-0.15,0.36
14665,3.79,-0.15,0.36
14696,3.81,-0.15,0.36
14727,3.81,-0.15,0.36
14759,3.8,-0.15,0.36
14791,3.81,-0.15,0.36
14823,3.81,-0.15,0.36
14855,3.81,-0.15,0.36
14886,3.81,-0.15,0.36
14918,3.8,-0.15,0.36
14949,3.8,-0.15,0.36
14980,3.8,-0.15,0.36
15012,3.8,-0.15,0.36
15045,3.81,-0.15,0.36
15076,3.81,-0.15,0.36
15107,3.81,-0.15,0.36
15138,3.8,-0.15,0.36
15170,3.8,-0.15,0.36
15201,3.8,-0.15,0.36
15233,3.8,-0.15,0.36
15266,3.81,-0.15,0.36
15297,3.81,-0.15,0.36
15329,3.81,-0.15,0.36
15360,3.81,-0.15,0.36
15391,3.81,-0.15,0.36
15422,3.81,-0.15,0.36
15454,3.81,-0.15,0.36
15486,3.81,-0.15,0.36
15518,3.81,-0.15,0.36
15549,3.81,-0.15,0.36
15580,3.81,-0.15,0.36
15611,3.81,-0.15,0.36
15642,3.81,-0.15,0.36
15675,3.81,-0.15,0.36
15706,3.81,-0.15,0.36
15738,3.81,0.2,0.36
15769,3.8,0.2,0.36
15801,2.87,0.2,0.37
15832,1.59,0.2,0.37
15863,0.56,0.2,0.37
15895,0.48,0.2,0.37
15928,1.03,0.2,0.37
15959,1.72,0.2,0.37
15990,2.17,0.2,0.37
16021,2.01,0.2,0.37
16052,1.78,0.2,0.37
16083,1.63,0.2,0.37
16115,1.65,0.2,0.37
16147,1.65,0.2,0.37
16179,1.64,0.2,0.37
16211,1.64,0.2,0.37
16242,1.65,0.2,0.37
16273,1.65,0.2,0.37
16304,1.66,0.2,0.37
16336,1.66,0.2,0.37
16368,1.66,0.2,0.37
16401,1.66,0.2,0.37
16432,1.65,0.2,0.37
16463,1.66,0.2,0.37
16494,1.65,0.2,0.37
16525,1.66,0.2,0.37
16556,1.66,-0.2,0.37
16588,1.66,-0.2,0.37
16620,2.36,-0.2,0.37
16652,3.99,-0.2,0.36
16683,5.66,-0.2,0.36
16714,5.67,-0.2,0.36
16745,4.94,-0.2,0.36
16777,3.97,-0.2,0.36
16808,3.45,-0.2,0.36
16841,3.56,-0.2,0.36
16872,3.95,-0.2,0.36
16903,4.37,-0.2,0.36
16934,4.35,-0.2,0.36
16966,4.27,-0.2,0.36
16998,4.3,-0.2,0.36
17030,4.27,-0.2,0.36
17061,4.29,-0.2,0.36
17093,4.29,-0.2,0.36
17124,4.3,-0.2,0.36
17155,4.29,-0.2,0.36
17186,4.3,-0.2,0.36
17219,4.3,-0.2,0.36
17251,4.29,-0.2,0.36
17283,4.31,-0.2,0.36
17314,4.29,-0.2,0.36
17346,4.31,-0.2,0.36
17377,4.3,-0.2,0.36
17408,4.3,-0.2,0.36
17440,4.3,-0.2,0.36
17473,4.3,-0.2,0.36
17505,4.3,-0.2,0.36
17536,4.29,-0.2,0.36
17567,4.29,-0.2,0.36
17598,4.3,-0.2,0.36
17630,4.29,-0.2,0.36
17661,4.3,-0.2,0.36
17694,4.29,-0.2,0.36
17725,4.29,-0.2,0.36
17756,4.3,-0.2,0.36
17787,4.3,-0.2,0.36
17819,4.3,-0.2,0.36
17850,4.3,-0.2,0.36
17883,4.3,-0.2,0.36
17915,4.3,-0.2,0.36
17946,4.3,-0.2,0.36
17977,4.3,-0.2,0.36
18008,4.3,-0.2,0.36
18039,4.3,-0.2,0.36
18071,4.3,-0.2,0.36
18103,4.29,-0.2,0.36
18136,4.3,-0.2,0.36
18167,4.3,-0.2,0.36
18198,4.3,-0.2,0.36
18229,4.3,-0.2,0.36
18260,4.3,0.25,0.36
18293,4.29,0.25,0.36
18324,3.04,0.25,0.37
18356,1.14,0.25,0.37
18388,-0.5,0.25,0.37
18419,-0.24,0.25,0.38
18450,0.88,0.25,0.37
18481,1.95,0.25,0.37
18512,2.45,0.25,0.37
18544,2.16,0.25,0.37
18576,1.59,0.25,0.37
18608,1.06,0.25,0.37
18639,0.96,0.25,0.37
18670,1.12,0.25,0.37
18701,1.21,0.25,0.37
18733,1.22,0.25,0.37
18764,1.2,0.25,0.37
18796,1.22,0.25,0.37
18828,1.22,0.25,0.37
18860,1.22,0.25,0.37
18891,1.21,0.25,0.37
18922,1.22,0.25,0.37
18954,1.21,0.25,0.37
18986,1.21,0.25,0.37
19019,1.2,0.25,0.37
19050,1.2,0.25,0.37
19081,1.2,0.25,0.37
19112,1.2,0.25,0.37
19143,1.2,0.25,0.37
19176,1.2,0.25,0.37
19208,1.2,0.25,0.37
19240,1.2,-0.25,0.37
19271,1.2,-0.25,0.37
19302,2.55,-0.25,0.37
19333,4.66,-0.25,0.36
19365,6.34,-0.25,0.36
19397,6.56,-0.25,0.36
19428,5.62,-0.25,0.36
19461,4.26,-0.25,0.36
19492,3.25,-0.25,0.37
19523,3.59,-0.25,0.36
19554,4.27,-0.25,0.36
19586,4.85,-0.25,0.36
19617,4.98,-0.25,0.36
19649,4.77,-0.25,0.36
19681,4.54,-0.25,0.36
19712,4.44,-0.25,0.36
19743,4.5,-0.25,0.36
19775,4.46,-0.25,0.36
19807,4.47,-0.25,0.36
19839,4.47,-0.25,0.36
19871,4.47,-0.25,0.36
19903,4.46,-0.25,0.36
19934,4.48,-0.25,0.36
19965,4.47,-0.25,0.36
19996,4.46,-0.25,0.36
20029,4.47,-0.25,0.36
20061,4.47,-0.25,0.36
20093,4.47,-0.25,0.36
20124,4.47,-0.25,0.36
20155,4.47,-0.25,0.36
20186,4.47,-0.25,0.36
20217,4.47,-0.25,0.36
20250,4.47,-0.25,0.36
20282,4.47,-0.25,0.36
20314,4.47,-0.25,0.36
20345,4.47,-0.25,0.36
20376,4.47,-0.25,0.36
20407,4.47,-0.25,0.36
20440,4.47,-0.25,0.36
20471,4.47,-0.25,0.36
20503,4.47,-0.25,0.36
20535,4.47,-0.25,0.36
20566,4.47,-0.25,0.36
20597,4.47,-0.25,0.36
20628,4.47,-0.25,0.36
20660,4.47,-0.25,0.36
20693,4.47,-0.25,0.36
20725,4.47,-0.25,0.36
20756,4.47,-0.25,0.36
20787,4.47,-0.25,0.36
20818,4.47,-0.25,0.36
20849,4.47,-0.25,0.36
20882,4.47,-0.25,0.36
20914,4.47,-0.25,0.36
20946,4.47,-0.25,0.36
20977,4.47,-0.25,0.36
21008,4.47,-0.25,0.36
21039,4.47,-0.25,0.36
21070,4.47,0.3,0.36
21102,4.47,0.3,0.36
21133,2.9,0.3,0.37
21166,0.61,0.3,0.37
21197,-1.28,0.3,0.38
21228,-0.91,0.3,0.38
21259,0.5,0.3,0.37
21291,1.87,0.3,0.37
21322,2.44,0.3,0.37
21354,2.02,0.3,0.37
21385,1.22,0.3,0.37
21418,0.49,0.3,0.37
21449,0.37,0.3,0.37
21480,0.69,0.3,0.37
21511,0.97,0.3,0.37
21543,1.07,0.3,0.37
21574,1,0.3,0.37
21607,1.02,0.3,0.37
21638,1.02,0.3,0.37
21669,1,0.3,0.37
21701,1.01,0.3,0.37
21732,1,0.3,0.37
21764,1,0.3,0.37
21796,1,0.3,0.37
21829,1.01,0.3,0.37
21860,1,0.3,0.37
21891,1.01,0.3,0.37
21922,1.01,0.3,0.37
21953,1.01,0.3,0.37
21985,1.01,0.3,0.37
22018,1.01,0.3,0.37
22050,1.01,0.3,0.37
22081,1.01,0.3,0.37
22112,1.01,0.3,0.37
22143,1.01,0.3,0.37
22174,1.02,0.3,0.37
22206,1.02,0.3,0.37
22238,1.02,0.3,0.37
22271,1.02,0.3,0.37
22302,1.02,0.3,0.37
22333,1.02,-0.3,0.37
22364,1.02,-0.3,0.37
22396,2.4,-0.3,0.37
22427,4.85,-0.3,0.36
22459,6.86,-0.3,0.36
22491,7.29,-0.3,0.35
22522,5.72,-0.3,0.36
22553,4.16,-0.3,0.36
22584,3.32,-0.3,0.36
22617,3.6,-0.3,0.36
22649,4.43,-0.3,0.36
22680,5.22,-0.3,0.36
22712,5.53,-0.3,0.36
22743,5.2,-0.3,0.36
22774,4.88,-0.3,0.36
22805,4.71,-0.3,0.36
22836,4.76,-0.3,0.36
22869,4.76,-0.3,0.36
22901,4.74,-0.3,0.36
22933,4.77,-0.3,0.36
22964,4.74,-0.3,0.36
22995,4.76,-0.3,0.36
23026,4.74,-0.3,0.36
23057,4.76,-0.3,0.36
23090,4.74,-0.3,0.36
23122,4.76,-0.3,0.36
23154,4.75,-0.3,0.36
23185,4.75,-0.3,0.36
23216,4.75,-0.3,0.36
23247,4.75,-0.3,0.36
23278,4.75,-0.3,0.36
23310,4.75,-0.3,0.36
23343,4.75,-0.3,0.36
23375,4.75,-0.3,0.36
23406,4.75,-0.3,0.36
23437,4.75,-0.3,0.36
23468,4.75,-0.3,0.36
23500,4.75,-0.3,0.36
23544,4.75,-0.3,0.36
23576,4.75,-0.3,0.36
23607,4.75,-0.3,0.36
23638,4.75,-0.3,0.36
23670,4.75,-0.3,0.36
23702,4.75,-0.3,0.36
23735,4.75,-0.3,0.36
23766,4.75,-0.3,0.36
23797,4.75,-0.3,0.36
23828,4.75,-0.3,0.36
23859,4.75,-0.3,0.36
23892,4.75,-0.3,0.36
23924,4.75,-0.3,0.36
23956,4.75,-0.3,0.36
23987,4.75,-0.3,0.36
24018,4.75,-0.3,0.36
24049,4.75,-0.3,0.36
24080,4.75,-0.3,0.36
24113,4.75,-0.3,0.36
24145,4.75,-0.3,0.36
24177,4.75,-0.3,0.36
24208,4.75,-0.3,0.36
24239,4.75,0.35,0.36
24271,4.75,0.35,0.36
24303,3.55,0.35,0.36
24334,0.8,0.35,0.37
24367,-1.15,0.35,0.38
24398,-0.8,0.35,0.38
24429,0.99,0.35,0.38
24460,2.72,0.35,0.37
24491,3.38,0.35,0.37
24524,2.79,0.35,0.37
24556,1.68,0.35,0.37
24587,0.69,0.35,0.37
24619,0.5,0.35,0.38
24650,1.15,0.35,0.37
24681,1.65,0.35,0.37
24712,1.86,0.35,0.37
24743,1.73,0.35,0.37
24775,1.58,0.35,0.37
24808,1.53,0.35,0.37
24839,1.55,0.35,0.37
24870,1.54,0.35,0.37
24901,1.55,0.35,0.37
24933,1.53,0.35,0.37
24965,1.56,0.35,0.37
24997,1.54,0.35,0.37
25030,1.54,0.35,0.37
25061,1.54,0.35,0.37
25092,1.54,0.35,0.37
25123,1.54,0.35,0.37
25154,1.54,0.35,0.37
25185,1.54,0.35,0.37
25218,1.54,0.35,0.37
25250,1.54,0.35,0.37
25281,1.54,0.35,0.37
25312,1.54,0.35,0.37
25343,1.54,0.35,0.37
25375,1.54,0.35,0.37
25407,1.54,-0.35,0.37
25438,1.53,-0.35,0.37
25470,2.81,-0.35,0.37
25502,6.54,-0.35,0.36
25533,8.62,-0.35,0.35
25564,8.66,-0.35,0.35
25595,7.17,-0.35,0.36
25627,5.24,-0.35,0.36
25660,4.1,-0.35,0.36
25691,4.29,-0.35,0.36
25722,5.32,-0.35,0.36
25753,6.7,-0.35,0.36
25785,6.97,-0.35,0.36
25816,6.6,-0.35,0.36
25847,6.06,-0.35,0.36
25879,5.62,-0.35,0.36
25912,5.56,-0.35,0.36
25943,5.71,-0.35,0.36
25974,5.8,-0.35,0.36
26005,5.78,-0.35,0.36
26036,5.78,-0.35,0.36
26068,5.77,-0.35,0.36
26100,5.78,-0.35,0.36
26143,5.77,-0.35,0.36
26174,5.78,-0.35,0.36
26205,5.77,-0.35,0.36
26237,5.77,-0.35,0.36
26268,5.77,-0.35,0.36
26301,5.77,-0.35,0.36
26333,5.77,-0.35,0.36
26365,5.77,-0.35,0.36
26396,5.77,-0.35,0.36
26427,5.77,-0.35,0.36
26458,5.77,-0.35,0.36
26489,5.77,-0.35,0.36
26521,5.77,-0.35,0.36
26554,5.77,-0.35,0.36
26585,5.77,-0.35,0.36
26617,5.77,-0.35,0.36
26648,5.77,-0.35,0.36
26679,5.77,-0.35,0.36
26711,5.77,-0.35,0.36
26742,5.77,-0.35,0.36
26775,5.77,-0.35,0.36
26806,5.77,-0.35,0.36
26837,5.77,-0.35,0.36
26868,5.77,-0.35,0.36
26899,5.77,-0.35,0.36
26932,5.77,-0.35,0.36
26964,5.77,-0.35,0.36
26996,5.77,-0.35,0.36
27027,5.77,-0.35,0.36
27058,5.77,-0.35,0.36
27089,5.77,-0.35,0.36
27121,5.77,-0.35,0.36
27153,5.77,-0.35,0.36
27186,5.77,0.4,0.36
27217,5.77,0.4,0.36
27248,4.01,0.4,0.36
27279,0.77,0.4,0.37
27311,-1.7,0.4,0.38
27342,-2.16,0.4,0.38
27374,-0.75,0.4,0.38
27405,1.52,0.4,0.37
27438,3.13,0.4,0.37
27469,2.92,0.4,0.37
27500,1.61,0.4,0.37
27545,0.01,0.4,0.38
27578,-0.08,0.4,0.38
27609,0.84,0.4,0.37
27640,1.42,0.4,0.37
27671,1.54,0.4,0.37
27702,1.29,0.4,0.37
27735,1,0.4,0.37
27767,0.86,0.4,0.37
27799,0.91,0.4,0.37
27830,0.9,0.4,0.37
27861,0.9,0.4,0.37
27892,0.89,0.4,0.37
27925,0.91,0.4,0.37
27956,0.88,0.4,0.37
27988,0.88,0.4,0.37
28020,0.91,0.4,0.37
28051,0.89,-0.4,0.37
28082,0.92,-0.4,0.37
28113,3.04,-0.4,0.37
28144,6.33,-0.4,0.36
28177,9.01,-0.4,0.35
28208,9.36,-0.4,0.35
28240,7.72,-0.4,0.35
28271,4.73,-0.4,0.36
28302,3.65,-0.4,0.37
28333,4.19,-0.4,0.36
28365,5.57,-0.4,0.36
28396,6.91,-0.4,0.36
28429,7.44,-0.4,0.36
28460,7.03,-0.4,0.36
28492,6.26,-0.4,0.36
28523,5.44,-0.4,0.36
28554,5.44,-0.4,0.36
28585,5.72,-0.4,0.36
28617,5.97,-0.4,0.36
28648,6.03,-0.4,0.36
28681,5.98,-0.4,0.36
28712,6,-0.4,0.36
28743,5.98,-0.4,0.36
28774,6,-0.4,0.36
28805,5.99,-0.4,0.36
28838,6.01,-0.4,0.36
28870,5.99,-0.4,0.36
28901,5.99,-0.4,0.36
28933,5.99,-0.4,0.36
28964,5.99,-0.4,0.36
28995,5.99,-0.4,0.36
29026,5.99,-0.4,0.36
29058,5.99,-0.4,0.36
29090,5.99,-0.4,0.36
29123,5.99,-0.4,0.36
29154,5.99,-0.4,0.36
29185,5.99,-0.4,0.36
29216,5.99,-0.4,0.36
29247,5.99,-0.4,0.36
29279,5.99,-0.4,0.36
29312,5.99,-0.4,0.36
29344,5.99,-0.4,0.36
29375,5.99,-0.4,0.36
29406,5.99,-0.4,0.36
29437,5.99,-0.4,0.36
29469,5.99,-0.4,0.36
29500,5.99,-0.4,0.36
29554,5.99,-0.4,0.36
29585,5.99,-0.4,0.36
29616,5.99,-0.4,0.36
29647,5.99,-0.4,0.36
29678,5.99,-0.4,0.36
29711,5.99,0.45,0.36
29743,5.99,0.45,0.36
29775,4.49,0.45,0.36
29806,-0.46,0.45,0.37
29837,-3.1,0.45,0.38
29869,-3.25,0.45,0.39
29900,-1.4,0.45,0.38
29935,1.37,0.45,0.37
29967,3.34,0.45,0.37
29998,2.63,0.45,0.37
30029,0.94,0.45,0.37
30060,-0.66,0.45,0.38
30092,-1.09,0.45,0.38
30125,-0.4,0.45,0.38
30156,0.67,0.45,0.37
30187,1.56,0.45,0.37
30218,1.38,0.45,0.37
30249,0.86,0.45,0.37
30281,0.38,0.45,0.37
30312,0.25,0.45,0.37
30344,0.39,0.45,0.37
30377,0.5,0.45,0.37
30408,0.52,0.45,0.37
30439,0.52,0.45,0.37
30470,0.55,0.45,0.37
30501,0.51,0.45,0.37
30533,0.53,0.45,0.37
30565,0.53,0.45,0.37
30597,0.52,0.45,0.37
30628,0.52,0.45,0.37
30659,0.52,0.45,0.37
30691,0.51,0.45,0.37
30722,0.51,0.45,0.37
30753,0.51,0.45,0.37
30786,0.51,-0.45,0.37
30818,0.51,-0.45,0.37
30849,2.39,-0.45,0.37
30881,6.06,-0.45,0.36
30912,9.29,-0.45,0.35
30943,10.16,-0.45,0.35
30976,8.31,-0.45,0.35
31007,5.63,-0.45,0.36
31039,4.01,-0.45,0.37
31070,4.81,-0.45,0.36
31101,6.52,-0.45,0.36
31132,8.05,-0.45,0.36
31163,8.46,-0.45,0.35
31196,7.8,-0.45,0.35
31228,6.79,-0.45,0.36
31260,5.98,-0.45,0.36
31291,5.97,-0.45,0.36
31322,6.41,-0.45,0.36
31353,6.8,-0.45,0.36
31384,6.92,-0.45,0.36
31415,6.83,-0.45,0.36
31448,6.8,-0.45,0.36
31480,6.82,-0.45,0.36
31511,6.8,-0.45,0.36
31542,6.81,-0.45,0.36
31573,6.81,-0.45,0.36
31605,6.81,-0.45,0.36
31637,6.81,-0.45,0.36
31669,6.82,-0.45,0.36
31702,6.81,-0.45,0.36
31733,6.82,-0.45,0.36
31764,6.82,-0.45,0.36
31795,6.82,-0.45,0.36
31827,6.82,-0.45,0.36
31858,6.82,-0.45,0.36
31890,6.81,-0.45,0.36
31922,6.81,-0.45,0.36
31953,6.81,-0.45,0.36
31984,6.81,-0.45,0.36
32016,6.81,-0.45,0.36
32047,6.81,-0.45,0.36
32080,6.81,-0.45,0.36
32112,6.81,-0.45,0.36
32143,6.81,-0.45,0.36
32174,6.81,-0.45,0.36
32206,6.81,-0.45,0.36
32237,6.81,-0.45,0.36
32269,6.81,-0.45,0.36
32301,6.81,-0.45,0.36
32333,6.81,-0.45,0.36
32364,6.81,0.5,0.36
32396,6.82,0.5,0.36
32427,4.17,0.5,0.36
32458,-0.14,0.5,0.37
32490,-3.4,0.5,0.39
32521,-3.98,0.5,0.39
32554,-2.06,0.5,0.38
32585,2.11,0.5,0.37
32616,3.84,0.5,0.37
32647,3.31,0.5,0.37
32679,1.35,0.5,0.37
32710,-0.66,0.5,0.38
32742,-1.45,0.5,0.38
32773,-0.8,0.5,0.38
32805,0.53,0.5,0.38
32836,1.89,0.5,0.37
32867,1.82,0.5,0.37
32899,1.14,0.5,0.37
32931,0.4,0.5,0.38
32962,0.08,0.5,0.38
32994,0.27,0.5,0.38
33026,0.58,0.5,0.38
33057,0.8,0.5,0.37
33088,0.73,0.5,0.37
33119,0.75,0.5,0.37
33152,0.74,0.5,0.37
33184,0.74,0.5,0.37
33215,0.76,0.5,0.37
33247,0.74,0.5,0.37
33278,0.76,0.5,0.37
33309,0.74,0.5,0.37
33340,0.75,0.5,0.37
33372,0.75,0.5,0.37
33405,0.75,0.5,0.37
33437,0.74,0.5,0.37
33468,0.74,0.5,0.37
33499,0.74,0.5,0.37
33530,0.74,0.5,0.37
33561,0.74,0.5,0.37
33594,0.74,0.5,0.37
33626,0.74,0.5,0.37
33658,0.74,0.5,0.37
33689,0.74,0.5,0.37
33720,0.74,-0.5,0.37
33751,0.74,-0.5,0.37
33784,2.31,-0.5,0.37
33815,6.2,-0.5,0.36
33847,9.87,-0.5,0.35
33879,11.3,-0.5,0.35
33910,8.91,-0.5,0.35
33941,5.95,-0.5,0.36
33972,4.1,-0.5,0.37
34004,4.19,-0.5,0.37
34037,5.79,-0.5,0.36
34068,7.74,-0.5,0.35
34099,8.94,-0.5,0.35
34131,8.37,-0.5,0.35
34162,7.2,-0.5,0.36
34193,6.19,-0.5,0.36
34224,5.94,-0.5,0.36
34256,6.36,-0.5,0.36
34289,6.94,-0.5,0.36
34320,7.32,-0.5,0.36
34351,7.21,-0.5,0.36
34382,7.07,-0.5,0.36
34413,7.01,-0.5,0.36
34445,7.05,-0.5,0.36
34476,7.02,-0.5,0.36
34509,7.04,-0.5,0.36
34541,6.99,-0.5,0.36
34572,6.99,-0.5,0.36
34603,6.98,-0.5,0.36
34634,6.99,-0.5,0.36
34665,6.96,-0.5,0.36
34697,6.96,-0.5,0.36
34730,6.95,-0.5,0.36
34762,6.93,-0.5,0.36
34793,6.91,-0.5,0.36
34824,6.91,-0.5,0.36
34855,6.91,-0.5,0.36
34887,6.91,-0.5,0.36
34918,6.89,-0.5,0.36
34951,6.88,-0.5,0.36
34982,6.87,-0.5,0.36
35013,6.85,-0.5,0.36
35045,6.85,-0.5,0.36
35076,6.84,-0.5,0.36
35107,6.83,-0.5,0.36
35139,6.82,-0.5,0.36
35171,6.81,0.55,0.36
35203,6.8,0.55,0.36
35234,3.3,0.55,0.36
35265,-1.41,0.55,0.38
35296,-4.77,0.55,0.39
35327,-5.06,0.55,0.39
35360,-2.72,0.55,0.39
35392,0.9,0.55,0.37
35423,3.4,0.55,0.37
35455,2.87,0.55,0.37
35486,0.55,0.55,0.37
35517,-1.68,0.55,0.38
35549,-2.45,0.55,0.38
35580,-1.62,0.55,0.38
35612,-0.04,0.55,0.38
35644,1.31,0.55,0.37
35675,1.45,0.55,0.37
35706,0.58,0.55,0.37
35737,-0.35,0.55,0.38
35768,-0.74,0.55,0.38
35801,-0.49,0.55,0.38
35832,-0.05,0.55,0.38
35865,0.29,0.55,0.38
35896,0.26,-0.55,0.38
35927,0.19,-0.55,0.38
35958,2.46,-0.55,0.37
35989,6.73,-0.55,0.36
36020,10.55,-0.55,0.35
36053,11.63,-0.55,0.34
36084,9.7,-0.55,0.35
36116,6.48,-0.55,0.36
36147,3.69,-0.55,0.36
36178,4.03,-0.55,0.37
36209,5.91,-0.55,0.36
36241,8.09,-0.55,0.35
36273,9.26,-0.55,0.35
36305,8.79,-0.55,0.35
36337,7.48,-0.55,0.36
36368,5.94,-0.55,0.36
36399,5.8,-0.55,0.36
36430,6.37,-0.55,0.36
36462,7.09,-0.55,0.36
36495,7.52,-0.55,0.36
36526,7.5,-0.55,0.36
36557,7.27,-0.55,0.36
36589,7.02,-0.55,0.36
36620,7.02,-0.55,0.36
36651,7.03,-0.55,0.36
36682,7.02,-0.55,0.36
36714,7.05,-0.55,0.36
36747,7.02,-0.55,0.36
36778,7.04,-0.55,0.36
36809,7,-0.55,0.36
36840,7.02,-0.55,0.36
36871,7,-0.55,0.36
36903,7,-0.55,0.36
36936,6.99,-0.55,0.36
36968,6.98,-0.55,0.36
36999,6.97,-0.55,0.36
37030,6.97,-0.55,0.36
37061,6.97,-0.55,0.36
37093,6.96,-0.55,0.36
37124,6.96,-0.55,0.36
37156,6.96,-0.55,0.36
37189,6.96,-0.55,0.36
37220,6.96,-0.55,0.36
37251,6.96,-0.55,0.36
37282,6.96,-0.55,0.36
37314,6.96,-0.55,0.36
37346,6.96,-0.55,0.36
37378,6.96,-0.55,0.36
37410,6.96,-0.55,0.36
37441,6.96,-0.55,0.36
37472,6.96,-0.55,0.36
37503,6.96,-0.55,0.36
37535,6.96,-0.55,0.36
37567,6.96,-0.55,0.36
37600,6.96,-0.55,0.36
37642,6.96,-0.55,0.36
37674,6.96,-0.55,0.36
37706,6.96,-0.55,0.36
37738,6.96,-0.55,0.36
37771,6.96,0.6,0.36
37802,6.97,0.6,0.36
37833,4.15,0.6,0.36
37864,-0.78,0.6,0.38
37896,-4.6,0.6,0.39
37927,-4.92,0.6,0.39
37959,-2.35,0.6,0.39
37990,1.63,0.6,0.38
38022,4.41,0.6,0.37
38053,3.86,0.6,0.37
38084,1.26,0.6,0.37
38115,-1.23,0.6,0.38
38148,-2.15,0.6,0.38
38179,-1.26,0.6,0.38
38211,0.52,0.6,0.38
38243,2.12,0.6,0.37
38274,2.38,0.6,0.37
38305,1.38,0.6,0.37
38336,0.26,0.6,0.38
38368,-0.27,0.6,0.38
38401,-0.02,0.6,0.38
38432,0.56,0.6,0.38
38463,1.06,0.6,0.38
38495,1.12,0.6,0.38
38526,0.96,0.6,0.38
38557,0.83,0.6,0.38
38588,0.81,0.6,0.38
38620,0.85,0.6,0.38
38653,0.8,0.6,0.38
38684,0.83,0.6,0.38
38715,0.83,0.6,0.38
38746,0.83,-0.6,0.38
38777,0.82,-0.6,0.38
38810,3.32,-0.6,0.37
38841,8.02,-0.6,0.36
38873,12.2,-0.6,0.35
38905,13.4,-0.6,0.34
38936,10.21,-0.6,0.35
38967,6.68,-0.6,0.36
38998,4.63,-0.6,0.36
39029,4.91,-0.6,0.37
39062,6.94,-0.6,0.36
39093,9.4,-0.6,0.35
39125,10.81,-0.6,0.35
39156,9.91,-0.6,0.35
39187,8.3,-0.6,0.35
39218,7.03,-0.6,0.36
39250,6.84,-0.6,0.36
39281,7.5,-0.6,0.36
39314,8.43,-0.6,0.36
39345,9,-0.6,0.35
39377,9.01,-0.6,0.35
39408,8.57,-0.6,0.35
39439,8.25,-0.6,0.36
39470,8.16,-0.6,0.36
39503,8.23,-0.6,0.36
39534,8.21,-0.6,0.36
39566,8.22,-0.6,0.36
39597,8.19,-0.6,0.36
39628,8.18,-0.6,0.36
39660,8.16,-0.6,0.36
39691,8.12,-0.6,0.36
39723,8.09,-0.6,0.36
39755,8.09,-0.6,0.36
39787,8.09,-0.6,0.36
39818,8.08,-0.6,0.36
39850,8.06,-0.6,0.36
39881,8.04,-0.6,0.36
39912,7.99,-0.6,0.36
39944,7.95,-0.6,0.36
39977,7.93,-0.6,0.36
40008,7.9,-0.6,0.36
40040,7.85,-0.6,0.36
40071,7.82,-0.6,0.36
40102,7.8,-0.6,0.36
40133,7.77,-0.6,0.36
40165,7.75,-0.6,0.36
40198,7.72,-0.6,0.36
40229,7.7,-0.6,0.36
40260,7.67,-0.6,0.36
40292,7.65,-0.6,0.36
40323,7.63,-0.6,0.36
40355,7.62,-0.6,0.36
40386,7.59,-0.6,0.36
40418,7.58,-0.6,0.36
40450,7.56,-0.6,0.36
40481,7.54,0.65,0.36
40512,7.54,0.65,0.36
40543,5.06,0.65,0.36
40575,-0.51,0.65,0.38
40608,-5.13,0.65,0.39
40639,-6.8,0.65,0.4
40671,-4.93,0.65,0.39
40702,0.59,0.65,0.38
40733,3.68,0.65,0.37
40764,3.73,0.65,0.37
40795,1.34,0.65,0.37
40827,-1.69,0.65,0.38
40860,-3.45,0.65,0.39
40891,-3.12,0.65,0.38
40922,-0.66,0.65,0.38
40953,1.19,0.65,0.37
40984,1.76,0.65,0.37
41016,0.9,0.65,0.37
41047,-0.45,0.65,0.38
41080,-1.41,0.65,0.38
41112,-1.43,0.65,0.38
41143,-0.59,0.65,0.38
41174,0.07,0.65,0.38
41205,0.3,0.65,0.38
41236,0.12,0.65,0.38
41269,-0.12,0.65,0.38
41300,-0.25,0.65,0.38
41342,-0.19,0.65,0.38
41374,-0.23,0.65,0.38
41405,-0.18,0.65,0.38
41436,-0.21,0.65,0.38
41468,-0.21,0.65,0.38
41499,-0.2,0.65,0.38
41531,-0.21,0.65,0.38
41563,-0.21,0.65,0.38
41594,-0.21,0.65,0.38
41625,-0.21,0.65,0.38
41656,-0.22,0.65,0.38
41688,-0.21,0.65,0.38
41720,-0.2,0.65,0.38
41752,-0.2,0.65,0.38
41784,-0.2,-0.65,0.38
41815,-0.15,-0.65,0.38
41846,2.9,-0.65,0.37
41878,7.98,-0.65,0.36
41910,12.42,-0.65,0.35
41941,13.45,-0.65,0.34
41973,11.09,-0.65,0.35
42005,7.17,-0.65,0.36
42036,3.83,-0.65,0.36
42067,4.2,-0.65,0.37
42098,6.47,-0.65,0.36
42130,9.23,-0.65,0.35
42163,10.74,-0.65,0.35
42194,10.2,-0.65,0.35
42226,8.48,-0.65,0.35
42257,6.43,-0.65,0.36
42288,6.25,-0.65,0.36
42319,7.05,-0.65,0.36
42350,8.13,-0.65,0.36
42382,8.85,-0.65,0.35
42415,8.87,-0.65,0.35
42446,8.43,-0.65,0.35
42477,7.82,-0.65,0.35
42508,7.71,-0.65,0.36
42540,7.82,-0.65,0.36
42572,7.89,-0.65,0.36
42603,7.88,-0.65,0.36
42635,7.87,-0.65,0.36
42667,7.88,-0.65,0.36
42698,7.87,-0.65,0.36
42729,7.87,-0.65,0.36
42760,7.87,-0.65,0.36
42791,7.87,-0.65,0.36
42824,7.87,-0.65,0.36
42855,7.87,-0.65,0.36
42887,7.87,-0.65,0.36
42919,7.86,-0.65,0.36
42950,7.86,-0.65,0.36
42981,7.86,-0.65,0.36
43013,7.86,-0.65,0.36
43044,7.86,-0.65,0.36
43076,7.86,-0.65,0.36
43108,7.85,-0.65,0.36
43139,7.83,-0.65,0.36
43170,7.82,-0.65,0.36
43201,7.8,-0.65,0.36
43233,7.79,-0.65,0.36
43265,7.78,-0.65,0.36
43296,7.77,-0.65,0.36
43328,7.75,-0.65,0.36
43360,7.74,-0.65,0.36
43391,7.72,-0.65,0.36
43422,7.71,0.7,0.36
43453,7.71,0.7,0.36
43485,5.1,0.7,0.36
43518,-0.88,0.7,0.38
43549,-5.9,0.7,0.39
43580,-7.51,0.7,0.4
43611,-4.58,0.7,0.39
43642,0.11,0.7,0.38
43673,3.55,0.7,0.37
43705,3.73,0.7,0.37
43737,1.16,0.7,0.37
43769,-2.2,0.7,0.38
43801,-4.23,0.7,0.39
43832,-3.45,0.7,0.39
43863,-1.26,0.7,0.38
43894,0.87,0.7,0.37
43926,1.61,0.7,0.37
43957,0.7,0.7,0.37
43990,-0.87,0.7,0.38
44021,-2.04,0.7,0.38
44052,-1.99,0.7,0.38
44084,-1.17,0.7,0.38
44115,-0.33,0.7,0.38
44146,0.04,0.7,0.38
44178,-0.18,0.7,0.38
44209,-0.54,0.7,0.38
44242,-0.84,0.7,0.38
44273,-0.87,0.7,0.38
44304,-0.82,0.7,0.38
44335,-0.86,0.7,0.38
44368,-0.83,0.7,0.38
44399,-0.85,0.7,0.38
44431,-0.85,0.7,0.38
44463,-0.83,0.7,0.38
44494,-0.85,0.7,0.38
44525,-0.85,0.7,0.38
44557,-0.85,0.7,0.38
44589,-0.85,0.7,0.38
44621,-0.86,0.7,0.38
44653,-0.85,0.7,0.38
44684,-0.86,0.7,0.38
44715,-0.86,0.7,0.38
44747,-0.86,0.7,0.38
44779,-0.86,0.7,0.38
44811,-0.86,0.7,0.38
44844,-0.86,0.7,0.38
44875,-0.87,-0.7,0.38
44906,-0.8,-0.7,0.38
44937,2.47,-0.7,0.37
44969,7.97,-0.7,0.36
45000,12.79,-0.7,0.34
45044,13.54,-0.7,0.34
45076,8.72,-0.7,0.35
45107,4.88,-0.7,0.36
45138,3.28,-0.7,0.37
45170,4.37,-0.7,0.37
45201,7.17,-0.7,0.36
45233,10.04,-0.7,0.35
45265,11.14,-0.7,0.35
45296,9.48,-0.7,0.35
45327,7.39,-0.7,0.35
45358,6.06,-0.7,0.36
45390,6.16,-0.7,0.36
45423,7.23,-0.7,0.36
45454,8.49,-0.7,0.35
45486,9.19,-0.7,0.35
45517,8.78,-0.7,0.35
45548,8.12,-0.7,0.35
45579,7.62,-0.7,0.35
45610,7.6,-0.7,0.36
45643,7.79,-0.7,0.35
45675,7.94,-0.7,0.35
45706,7.97,-0.7,0.35
45737,7.95,-0.7,0.35
45768,7.97,-0.7,0.35
45800,7.94,-0.7,0.35
45837,7.97,-0.7,0.35
45868,7.96,-0.7,0.35
45899,7.96,-0.7,0.35
45930,7.95,-0.7,0.35
45962,7.96,-0.7,0.35
45995,7.94,-0.7,0.35
46027,7.94,-0.7,0.35
46058,7.94,-0.7,0.35
46089,7.94,-0.7,0.35
46120,7.94,-0.7,0.35
46152,7.94,-0.7,0.35
46184,7.94,-0.7,0.35
46216,7.94,-0.7,0.35
46248,7.94,-0.7,0.35
46280,7.94,-0.7,0.35
46311,7.94,-0.7,0.35
46342,7.94,-0.7,0.35
46374,7.94,-0.7,0.35
46405,7.94,0.75,0.35
46437,7.94,0.75,0.35
46469,5.6,0.75,0.36
46500,-2.74,0.75,0.38
46537,-7.68,0.75,0.39
46569,-8.72,0.75,0.4
46600,-4.27,0.75,0.39
46636,0.85,0.75,0.38
46667,3.91,0.75,0.37
46700,3.33,0.75,0.37
46734,-1.18,0.75,0.38
46766,-4.34,0.75,0.39
46798,-5.25,0.75,0.39
46830,-3.83,0.75,0.39
46861,-0.39,0.75,0.38
46892,1.38,0.75,0.37
46923,1.16,0.75,0.37
46954,-0.47,0.75,0.38
46987,-2.18,0.75,0.38
47018,-2.97,0.75,0.38
47050,-2.57,0.75,0.38
47082,-1.14,0.75,0.38
47113,-0.3,0.75,0.38
47144,-0.25,0.75,0.38
47175,-0.68,0.75,0.38
47207,-1.17,-0.75,0.38
47239,-1.49,-0.75,0.38
47270,0.19,-0.75,0.37
47302,5.55,-0.75,0.36
47333,13.12,-0.75,0.34
47364,14.98,-0.75,0.34
47395,12.71,-0.75,0.34
47428,8.09,-0.75,0.35
47459,4.18,-0.75,0.36
47491,2.97,-0.75,0.37
47523,5.52,-0.75,0.36
47554,9,-0.75,0.35
47585,11.51,-0.75,0.35
47616,11.54,-0.75,0.34
47648,9.66,-0.75,0.35
47681,7.3,-0.75,0.36
47712,5.92,-0.75,0.36
47743,6.55,-0.75,0.36
47774,8.04,-0.75,0.35
47805,9.36,-0.75,0.35
47837,9.72,-0.75,0.35
47868,9.15,-0.75,0.35
47900,8.28,-0.75,0.35
47940,7.61,-0.75,0.35
47971,7.79,-0.75,0.35
48004,8.11,-0.75,0.35
48035,8.4,-0.75,0.35
48066,8.35,-0.75,0.35
48097,8.32,-0.75,0.35
48129,8.34,-0.75,0.35
48160,8.29,-0.75,0.35
48193,8.32,-0.75,0.35
48225,8.29,-0.75,0.35
48256,8.29,-0.75,0.35
48287,8.3,-0.75,0.35
48318,8.3,-0.75,0.35
48350,8.28,-0.75,0.35
48383,8.3,-0.75,0.35
48415,8.29,-0.75,0.35
48446,8.29,-0.75,0.35
48477,8.29,-0.75,0.35
48508,8.3,-0.75,0.35
48540,8.29,-0.75,0.35
48572,8.29,-0.75,0.35
48605,8.29,-0.75,0.35
48636,8.29,-0.75,0.35
48667,8.3,-0.75,0.35
48698,8.29,-0.75,0.35
48730,8.3,-0.75,0.35
48761,8.29,-0.75,0.35
48793,8.29,-0.75,0.35
48826,8.29,-0.75,0.35
48857,8.29,-0.75,0.35
48888,8.29,-0.75,0.35
48919,8.29,-0.75,0.35
48950,8.29,-0.75,0.35
48983,8.29,-0.75,0.35
49014,8.29,-0.75,0.35
49046,8.29,0.8,0.35
49078,8.29,0.8,0.35
49109,3.92,0.8,0.36
49140,-2.93,0.8,0.38
49171,-8.41,0.8,0.4
49203,-9.76,0.8,0.4
49236,-6.84,0.8,0.4
49267,-1.37,0.8,0.38
49298,3.21,0.8,0.37
49329,3.58,0.8,0.37
49361,0.13,0.8,0.37
49392,-3.88,0.8,0.38
49423,-6.04,0.8,0.39
49455,-5.43,0.8,0.39
49488,-2.89,0.8,0.38
49519,0.01,0.8,0.38
49550,1.48,0.8,0.37
49581,0.15,0.8,0.37
49612,-1.93,0.8,0.38
49644,-3.41,0.8,0.38
49675,-3.52,0.8,0.39
49708,-2.55,0.8,0.38
49739,-1.22,0.8,0.38
49771,-0.31,0.8,0.38
49802,-0.64,0.8,0.38
49833,-1.3,0.8,0.38
49864,-1.9,0.8,0.38
49896,-2.07,0.8,0.38
49927,-1.87,0.8,0.38
49960,-1.69,0.8,0.38
49991,-1.61,0.8,0.38
50022,-1.65,0.8,0.38
50053,-1.63,0.8,0.38
50085,-1.63,0.8,0.38
50116,-1.64,0.8,0.38
50149,-1.64,0.8,0.38
50181,-1.64,0.8,0.38
50212,-1.65,0.8,0.38
50243,-1.65,-0.8,0.38
50274,-1.66,-0.8,0.38
50306,0.78,-0.8,0.37
50338,6.65,-0.8,0.36
50369,12.67,-0.8,0.34
50401,15.53,-0.8,0.33
50433,12.59,-0.8,0.34
50464,7.66,-0.8,0.35
50495,3.89,-0.8,0.36
50526,2.96,-0.8,0.37
50558,4.88,-0.8,0.36
50591,8.43,-0.8,0.35
50622,11.49,-0.8,0.34
50653,11.85,-0.8,0.34
50684,9.79,-0.8,0.35
50715,7.33,-0.8,0.35
50747,5.98,-0.8,0.36
50778,6.34,-0.8,0.36
50810,7.79,-0.8,0.35
50843,9.33,-0.8,0.35
50874,10.04,-0.8,0.35
50905,9.39,-0.8,0.35
50936,8.43,-0.8,0.35
50967,7.79,-0.8,0.35
50999,7.84,-0.8,0.35
51031,8.21,-0.8,0.35
51063,8.58,-0.8,0.35
51094,8.67,-0.8,0.35
51125,8.57,-0.8,0.35
51156,8.57,-0.8,0.35
51188,8.57,-0.8,0.35
51219,8.57,-0.8,0.35
51252,8.57,-0.8,0.35
51284,8.55,-0.8,0.35
51315,8.55,-0.8,0.35
51346,8.54,-0.8,0.35
51378,8.53,-0.8,0.35
51409,8.52,-0.8,0.35
51441,8.53,-0.8,0.35
51472,8.51,-0.8,0.35
51504,8.51,-0.8,0.35
51536,8.49,-0.8,0.35
51567,8.49,-0.8,0.35
51598,8.48,-0.8,0.35
51629,8.47,-0.8,0.35
51661,8.47,-0.8,0.35
51693,8.47,-0.8,0.35
51726,8.46,-0.8,0.35
51757,8.46,-0.8,0.35
51788,8.45,-0.8,0.35
51819,8.45,-0.8,0.35
51850,8.44,-0.8,0.35
51882,8.44,-0.8,0.35
51915,8.43,-0.8,0.35
51947,8.43,0.85,0.35
51978,8.33,0.85,0.35
52009,3.83,0.85,0.36
52040,-3.45,0.85,0.38
52071,-9.34,0.85,0.4
52103,-10.87,0.85,0.4
52134,-7.9,0.85,0.4
52167,-2.07,0.85,0.38
52198,3.84,0.85,0.37
52229,3.59,0.85,0.36
52260,-0.04,0.85,0.37
52292,-4.45,0.85,0.38
52323,-6.96,0.85,0.39
52355,-6.49,0.85,0.39
52387,-3.78,0.85,0.39
52419,-0.53,0.85,0.38
52450,1.33,0.85,0.37
52481,-0.04,0.85,0.37
52512,-2.36,0.85,0.38
52545,-4.14,0.85,0.39
52576,-4.38,0.85,0.39
52608,-3.31,0.85,0.38
52639,-1.34,0.85,0.38
52670,-0.62,0.85,0.38
52702,-0.95,0.85,0.38
52733,-1.76,0.85,0.38
52765,-2.54,0.85,0.38
52797,-2.82,0.85,0.38
52828,-2.56,0.85,0.38
52860,-2.24,0.85,0.38
52891,-1.99,0.85,0.38
52922,-2.03,0.85,0.38
52953,-2.06,0.85,0.38
52984,-2.03,0.85,0.38
53017,-2.07,0.85,0.38
53049,-2.05,0.85,0.38
53081,-2.04,-0.85,0.38
53112,-2.05,-0.85,0.38
53143,0.95,-0.85,0.37
53174,7.17,-0.85,0.36
53206,13.4,-0.85,0.34
53237,16.04,-0.85,0.33
53269,14.13,-0.85,0.34
53301,9.26,-0.85,0.35
53332,3.61,-0.85,0.36
53363,2.73,-0.85,0.37
53395,4.8,-0.85,0.36
53426,8.58,-0.85,0.35
53458,11.82,-0.85,0.34
53489,12.58,-0.85,0.34
53522,10.91,-0.85,0.35
53553,7.37,-0.85,0.35
53584,5.87,-0.85,0.36
53615,6.21,-0.85,0.36
53647,7.76,-0.85,0.35
53678,9.48,-0.85,0.35
53710,10.36,-0.85,0.35
53741,9.95,-0.85,0.35
53773,8.92,-0.85,0.35
53804,7.78,-0.85,0.35
53835,7.78,-0.85,0.35
53866,8.23,-0.85,0.35
53899,8.72,-0.85,0.35
53930,8.91,-0.85,0.35
53962,8.78,-0.85,0.35
53993,8.66,-0.85,0.35
54024,8.68,-0.85,0.35
54056,8.66,-0.85,0.35
54087,8.66,-0.85,0.35
54118,8.66,-0.85,0.35
54150,8.67,-0.85,0.35
54181,8.65,-0.85,0.35
54213,8.64,-0.85,0.35
54245,8.65,-0.85,0.35
54276,8.63,-0.85,0.35
54307,8.63,-0.85,0.35
54338,8.63,-0.85,0.35
54370,8.63,-0.85,0.35
54402,8.63,-0.85,0.35
54435,8.62,-0.85,0.35
54466,8.62,-0.85,0.35
54497,8.62,-0.85,0.35
54528,8.61,-0.85,0.35
54559,8.61,-0.85,0.35
54592,8.6,-0.85,0.35
54624,8.61,-0.85,0.35
54656,8.6,-0.85,0.35
54687,8.6,0.9,0.35
54718,8.61,0.9,0.35
54749,5.97,0.9,0.36
54780,-1.38,0.9,0.38
54813,-8.43,0.9,0.4
54844,-10.82,0.9,0.41
54876,-8.43,0.9,0.4
54907,-0.22,0.9,0.38
54938,4.29,0.9,0.37
54970,4.41,0.9,0.36
55001,0.76,0.9,0.37
55032,-4.06,0.9,0.38
55065,-7.04,0.9,0.39
55096,-6.85,0.9,0.4
55128,-4.11,0.9,0.39
55159,0.5,0.9,0.38
55190,1.88,0.9,0.37
55221,0.6,0.9,0.37
55253,-1.95,0.9,0.38
55285,-4.07,0.9,0.39
55317,-4.57,0.9,0.39
55348,-2.92,0.9,0.39
55379,-1.2,0.9,0.38
55411,-0.24,0.9,0.38
55442,-0.51,0.9,0.38
55474,-1.44,0.9,0.38
55506,-2.41,0.9,0.38
55538,-2.85,0.9,0.38
55569,-2.61,0.9,0.38
55600,-2,0.9,0.38
55643,-1.67,0.9,0.38
55676,-1.75,0.9,0.38
55708,-1.83,0.9,0.38
55739,-1.82,0.9,0.38
55770,-1.84,0.9,0.38
55802,-1.82,0.9,0.38
55833,-1.82,0.9,0.38
55865,-1.83,0.9,0.38
55896,-1.82,0.9,0.38
55928,-1.83,0.9,0.38
55960,-1.83,0.9,0.38
55991,-1.83,0.9,0.38
56022,-1.84,0.9,0.38
56053,-1.85,0.9,0.38
56084,-1.86,0.9,0.38
56117,-1.87,0.9,0.38
56149,-1.87,0.9,0.38
56181,-1.88,-0.9,0.38
56212,-1.88,-0.9,0.38
56243,1.24,-0.9,0.38
56274,7.78,-0.9,0.36
56307,14.43,-0.9,0.34
56338,17.35,-0.9,0.33
56370,15.55,-0.9,0.33
56402,10.4,-0.9,0.35
56433,4.11,-0.9,0.36
56464,2.83,-0.9,0.37
56495,4.79,-0.9,0.36
56527,8.8,-0.9,0.35
56560,12.56,-0.9,0.34
56591,13.79,-0.9,0.34
56622,12.22,-0.9,0.34
56654,8.31,-0.9,0.35
56685,6.39,-0.9,0.36
56716,6.46,-0.9,0.36
56747,8.03,-0.9,0.35
56779,10.05,-0.9,0.35
56812,11.29,-0.9,0.35
56843,11.1,-0.9,0.35
56874,9.56,-0.9,0.35
56905,8.48,-0.9,0.35
56936,8.24,-0.9,0.35
56968,8.71,-0.9,0.35
56999,9.36,-0.9,0.35
57032,9.76,-0.9,0.35
57064,9.69,-0.9,0.35
57095,9.4,-0.9,0.35
57126,9.3,-0.9,0.35
57157,9.36,-0.9,0.35
57188,9.33,-0.9,0.35
57220,9.33,-0.9,0.35
57253,9.33,-0.9,0.35
57285,9.33,-0.9,0.35
57316,9.31,-0.9,0.35
57347,9.33,-0.9,0.35
57378,9.33,-0.9,0.35
57410,9.33,-0.9,0.35
57441,9.32,-0.9,0.35
57473,9.33,-0.9,0.35
57505,9.33,-0.9,0.35
57536,9.33,-0.9,0.35
57567,9.33,-0.9,0.35
57599,9.33,-0.9,0.35
57630,9.33,-0.9,0.35
57662,9.33,0.95,0.35
57694,9.33,0.95,0.35
57726,7.38,0.95,0.36
57757,-2.4,0.95,0.38
57788,-9.45,0.95,0.4
57819,-12.35,0.95,0.41
57850,-10.49,0.95,0.41
57882,-4.7,0.95,0.39
57915,1.77,0.95,0.37
57946,4.82,0.95,0.36
57977,1.88,0.95,0.37
58008,-3.25,0.95,0.38
58040,-7.25,0.95,0.4
58071,-8.04,0.95,0.4
58102,-5.57,0.95,0.39
58134,-1.81,0.95,0.38
58167,0.49,0.95,0.37
58198,-0.14,0.95,0.37
58229,-3.64,0.95,0.38
58260,-5.88,0.95,0.39
58291,-6.35,0.95,0.39
58324,-5.13,0.95,0.39
58355,-3.21,0.95,0.38
58387,-1.81,0.95,0.38
58419,-1.95,-0.95,0.38
58450,-2.93,-0.95,0.38
58481,-0.43,-0.95,0.38
58512,5.7,-0.95,0.36
58543,12.83,-0.95,0.34
58575,16.56,-0.95,0.33
58606,15.57,-0.95,0.33
58639,10.7,-0.95,0.34
58670,3.76,-0.95,0.36
58701,1.73,-0.95,0.37
58732,3.1,-0.95,0.37
58764,6.93,-0.95,0.36
58795,11.07,-0.95,0.34
58828,13.04,-0.95,0.34
58859,12.02,-0.95,0.34
58890,8.1,-0.95,0.35
58921,5.72,-0.95,0.36
58953,5.33,-0.95,0.36
58984,6.65,-0.95,0.36
59016,8.74,-0.95,0.35
59047,10.31,-0.95,0.35
59080,10.48,-0.95,0.34
59111,9.09,-0.95,0.35
59142,7.85,-0.95,0.35
59173,7.3,-0.95,0.35
59204,7.63,-0.95,0.35
59237,8.31,-0.95,0.35
59269,8.84,-0.95,0.35
59300,8.92,-0.95,0.35
59341,8.63,-0.95,0.35
59372,8.47,-0.95,0.35
59403,8.52,-0.95,0.35
59435,8.5,-0.95,0.35
59466,8.51,-0.95,0.35
59497,8.53,-0.95,0.35
59529,8.52,-0.95,0.35
59562,8.54,-0.95,0.35
59593,8.53,-0.95,0.35
59624,8.54,-0.95,0.35
59655,8.52,-0.95,0.35
59686,8.54,-0.95,0.35
59718,8.53,-0.95,0.35
59749,8.53,-0.95,0.35
59782,8.54,-0.95,0.35
59813,8.54,-0.95,0.35
59844,8.54,-0.95,0.35
59875,8.54,-0.95,0.35
59906,8.55,-0.95,0.35
59939,8.55,-0.95,0.35
59971,8.55,-0.95,0.35
60003,8.56,-0.95,0.35
60034,8.56,-0.95,0.35
60065,8.56,-0.95,0.35
60096,8.56,-0.95,0.35
60128,8.56,-0.95,0.35
60160,8.57,-0.95,0.35
60192,8.57,-0.95,0.35
60224,8.57,1,0.35
60255,8.59,1,0.35
60286,4.92,1,0.36
60317,-3.28,1,0.38
60349,-10.84,1,0.4
60381,-14.3,1,0.41
60412,-12.79,1,0.41
60445,-6.84,1,0.39
60476,2.28,1,0.37
60507,4.46,1,0.36
60538,1.71,1,0.37
60570,-3.98,1,0.38
60601,-8.87,1,0.4
60633,-10.35,1,0.4
60664,-8.11,1,0.39
60696,-3.77,1,0.38
60727,0.71,1,0.37
60758,0.42,1,0.37
60789,-2.39,1,0.38
60822,-5.55,1,0.39
60853,-7.21,1,0.39
60885,-6.63,1,0.39
60917,-3.75,1,0.38
60948,-1.86,1,0.38
60979,-1.5,1,0.38
61010,-2.5,1,0.38
61042,-3.98,1,0.38
61075,-5.05,1,0.39
61106,-5.07,1,0.39
61137,-4.38,1,0.38
61168,-3.37,1,0.38
61199,-3.05,1,0.38
61231,-3.25,1,0.38
61262,-3.57,1,0.38
61294,-3.84,1,0.38
61327,-3.91,1,0.38
61358,-3.85,1,0.38
61389,-3.88,1,0.38
61420,-3.87,1,0.38
61451,-3.87,-1,0.38
61484,-3.87,-1,0.38
61515,-1.54,-1,0.38
61547,5.15,-1,0.36
61579,12.99,-1,0.34
61610,17.16,-1,0.32
61641,14.57,-1,0.33
61672,8.35,-1,0.34
61703,2.33,-1,0.36
61736,-0.55,-1,0.37
61767,0.44,-1,0.37
61799,4.58,-1,0.36
61830,11.12,-1,0.34
61861,13.04,-1,0.34
61892,11.45,-1,0.34
61924,7.82,-1,0.34
61955,4.5,-1,0.36
61988,3.29,-1,0.36
62020,4.44,-1,0.36
62051,7.87,-1,0.35
62082,9.9,-1,0.34
62113,10.15,-1,0.34
62144,8.88,-1,0.34
62177,7.11,-1,0.35
62208,5.89,-1,0.35
62240,5.92,-1,0.35
62271,7.16,-1,0.35
62303,8.07,-1,0.35
62334,8.37,-1,0.35
62365,8.07,-1,0.35
62397,7.63,-1,0.35
62430,7.26,-1,0.35
62461,7.25,-1,0.35
62492,7.45,-1,0.35
62523,7.51,-1,0.35
62554,7.53,-1,0.35
62585,7.58,-1,0.35
62617,7.62,-1,0.35
62650,7.64,-1,0.35
62682,7.67,-1,0.35
62713,7.73,-1,0.35
62744,7.74,-1,0.35
62775,7.78,-1,0.35
62806,7.81,1.05,0.35
62839,7.84,1.05,0.35
62870,4.47,1.05,0.36
62902,-4.04,1.05,0.38
62933,-14.21,1.05,0.4
62965,-16.61,1.05,0.42
62996,-14.26,1.05,0.41
63027,-7.36,1.05,0.4
63058,0.7,1.05,0.37
63090,4.59,1.05,0.36
63123,2.96,1.05,0.36
63154,-5.38,1.05,0.38
63185,-11.1,1.05,0.4
63216,-12.92,1.05,0.41
63248,-10.54,1.05,0.4
63280,-5.4,1.05,0.39
63311,-0.66,1.05,0.37
63344,0.65,1.05,0.37
63375,-3.03,1.05,0.38
63406,-6.97,1.05,0.39
63437,-9.23,1.05,0.4
63468,-8.8,1.05,0.4
63501,-6.31,1.05,0.39
63533,-3.47,1.05,0.38
63564,-2.05,1.05,0.38
63596,-3.21,1.05,0.38
63627,-5.17,1.05,0.38
63658,-6.69,1.05,0.39
63689,-6.87,1.05,0.39
63720,-5.98,1.05,0.39
63752,-4.76,1.05,0.38
63785,-3.94,1.05,0.38
63816,-3.97,1.05,0.38
63847,-4.74,1.05,0.38
63878,-5.31,1.05,0.39
63909,-5.52,1.05,0.39
63941,-5.35,1.05,0.39
63973,-5.15,1.05,0.38
64005,-5.07,1.05,0.38
64037,-5.11,1.05,0.38
64068,-5.07,1.05,0.38
64099,-5.11,1.05,0.38
64130,-5.05,1.05,0.38
64161,-5.04,1.05,0.38
64194,-5.03,1.05,0.38
64226,-5.03,1.05,0.38
64258,-5.03,1.05,0.38
64289,-5.04,1.05,0.38
