time_ms,roll_deg,u_deg,motor_pos
2161,-163.49,0,0.46
2193,-163.48,0,0.46
2226,-163.48,0,0.46
2258,-163.48,0,0.46
2290,-163.49,0,0.46
2322,-163.49,0,0.46
2355,-163.48,0,0.46
2387,-163.49,0,0.46
2419,-163.5,0,0.46
2450,-163.5,0,0.46
2483,-163.5,0,0.46
2516,-163.51,0,0.46
2548,-163.51,0,0.46
2580,-163.5,0,0.46
2611,-163.5,0,0.46
2643,-163.5,0,0.46
2676,-163.5,0,0.46
2708,-163.5,0,0.46
2740,-163.51,0,0.46
2772,-163.51,0,0.46
2803,-163.52,0,0.46
2836,-163.52,0,0.46
2869,-163.51,0,0.46
2900,-163.52,0,0.46
2942,-163.52,0,0.46
2975,-163.52,0,0.46
3007,-163.53,0,0.46
3039,-163.53,0,0.46
3071,-163.53,0,0.46
3102,-163.53,0,0.46
3135,-163.52,0,0.46
3168,-163.53,0,0.46
3200,-163.54,0,0.46
3237,-163.53,0,0.46
3270,-163.54,0,0.46
3301,-163.54,0,0.46
3333,-163.54,0,0.46
3365,-163.56,0,0.46
3397,-163.56,0,0.46
3430,-163.56,0,0.46
3462,-163.55,0,0.46
3493,-163.55,0,0.46
3525,-163.55,0,0.46
3557,-163.55,0,0.46
3589,-163.55,0,0.46
3621,-163.55,0,0.46
3653,-163.55,0,0.46
3685,-163.55,0,0.46
3717,-163.55,0,0.46
3750,-163.55,0,0.46
3782,-163.55,0,0.46
3814,-163.55,0,0.46
3845,-163.55,0,0.46
3878,-163.55,0,0.46
3911,-163.55,0,0.46
3942,-163.55,0,0.46
3974,-163.55,0,0.46
4006,-163.55,0,0.46
4038,-163.55,0,0.46
4071,-163.55,0,0.46
4103,-163.55,0,0.46
4135,-163.55,0,0.46
4167,-163.55,0,0.46
4199,-163.55,0,0.46
4232,-163.55,0,0.46
4264,-163.55,0,0.46
4295,-163.55,0,0.46
4327,-163.55,0,0.46
4359,-163.55,0,0.46
4392,-163.55,0,0.46
4424,-163.55,0,0.46
4455,-163.55,0,0.46
4487,-163.55,0,0.46
4520,-163.55,0,0.46
4553,-163.55,0,0.46
4584,-163.55,0,0.46
4616,-163.55,0,0.46
4648,-163.55,0,0.46
4680,-163.55,0,0.46
4713,-163.55,0,0.46
4745,-163.55,0,0.46
4776,-163.56,0,0.46
4808,-163.56,0,0.46
4841,-163.56,0,0.46
4874,-163.56,0,0.46
4906,-163.56,0,0.46
4937,-163.56,0,0.46
4969,-163.56,0,0.46
5002,-163.56,0,0.46
5035,-163.56,0,0.46
5066,-163.56,0,0.46
5098,-163.56,0,0.46
5130,-163.56,0,0.46
5162,-163.56,0,0.46
5194,-163.56,0,0.46
5226,-163.56,0,0.46
5257,-163.54,0,0.46
5288,-163.57,0,0.46
5319,-163.57,0,0.46
5351,-163.55,0,0.46
5383,-163.55,0,0.46
5416,-163.55,0,0.46
5447,-163.55,0,0.46
5478,-163.52,0,0.46
5509,-163.52,0,0.46
5540,-163.55,0,0.46
5573,-163.54,0,0.46
5605,-163.52,0,0.46
5637,-163.52,0,0.46
5668,-163.52,0,0.46
5699,-163.52,0,0.46
5730,-163.51,0,0.46
5761,-163.51,0,0.46
5794,-163.51,0,0.46
5826,-163.51,0,0.46
5858,-163.51,0,0.46
5889,-163.52,0,0.46
5920,-163.52,0,0.46
5951,-163.5,0,0.46
5983,-163.5,0,0.46
6014,-163.5,0,0.46
6047,-163.5,0,0.46
6078,-163.5,0,0.46
6109,-163.5,0,0.46
6140,-163.5,0,0.46
6172,-163.5,0,0.46
6204,-163.49,0,0.46
6236,-163.49,0,0.46
6268,-163.49,0,0.46
6299,-163.49,0,0.46
6331,-163.49,0,0.46
6362,-163.49,0,0.46
6393,-163.49,0,0.46
6426,-163.49,0,0.46
6458,-163.49,0,0.46
6489,-163.49,0,0.46
6521,-163.49,0,0.46
6552,-163.49,0,0.46
6583,-163.49,0,0.46
6614,-163.5,0,0.46
6646,-163.5,0,0.46
6679,-163.49,0,0.46
6710,-163.5,0,0.46
6741,-163.5,0,0.46
6773,-163.5,0,0.46
6804,-163.51,0,0.46
6836,-163.49,0,0.46
6868,-163.49,0,0.46
6900,-163.52,0,0.46
6940,-163.5,0,0.46
6972,-163.52,0,0.46
7003,-163.5,0,0.46
7034,-163.52,0,0.46
7065,-163.54,0,0.46
7097,-163.51,0,0.46
7130,-163.52,0,0.46
7162,-163.54,0,0.46
7193,-163.5,0,0.46
7224,-163.53,0,0.46
7255,-163.52,0,0.46
7287,-163.52,0,0.46
7318,-163.54,0,0.46
7351,-163.51,0,0.46
7382,-163.53,0.05,0.46
7413,-163.54,0.05,0.46
7444,-163.76,0.05,0.46
7475,-163.96,0.05,0.46
7507,-163.84,0.05,0.46
7540,-163.66,0.05,0.46
7571,-163.71,0.05,0.46
7603,-163.87,0.05,0.46
7634,-163.83,0.05,0.46
7665,-163.64,0.05,0.46
7696,-163.72,0.05,0.46
7727,-163.89,0.05,0.46
7759,-163.8,0.05,0.46
7792,-163.69,0.05,0.46
7823,-163.7,0.05,0.46
7854,-163.85,0.05,0.46
7885,-163.78,0.05,0.46
7916,-163.67,0.05,0.46
7949,-163.72,0.05,0.46
7980,-163.83,0.05,0.46
8012,-163.77,0.05,0.46
8044,-163.69,0.05,0.46
8075,-163.72,0.05,0.46
8106,-163.79,0.05,0.46
8138,-163.78,0.05,0.46
8169,-163.69,0.05,0.46
8201,-163.69,0.05,0.46
8232,-163.81,0.05,0.46
8264,-163.79,0.05,0.46
8295,-163.68,-0.05,0.46
8327,-163.72,-0.05,0.46
8358,-163.46,-0.05,0.46
8390,-163.02,-0.05,0.46
8421,-162.9,-0.05,0.46
8453,-163.19,-0.05,0.46
8485,-163.41,-0.05,0.46
8516,-163.14,-0.05,0.46
8547,-162.93,-0.05,0.46
8578,-163.18,-0.05,0.46
8611,-163.34,-0.05,0.46
8643,-163.17,-0.05,0.46
8674,-163.02,-0.05,0.46
8706,-163.19,-0.05,0.46
8737,-163.27,-0.05,0.46
8768,-163.11,-0.05,0.46
8799,-163.03,-0.05,0.46
8830,-163.21,-0.05,0.46
8863,-163.27,-0.05,0.46
8895,-163.11,-0.05,0.46
8926,-163.05,-0.05,0.46
8957,-163.22,-0.05,0.46
8988,-163.22,-0.05,0.46
9020,-163.09,-0.05,0.46
9051,-163.09,-0.05,0.46
9082,-163.22,-0.05,0.46
9115,-163.23,-0.05,0.46
9147,-163.1,-0.05,0.46
9178,-163.09,-0.05,0.46
9209,-163.22,-0.05,0.46
9240,-163.19,-0.05,0.46
9271,-163.09,-0.05,0.46
9303,-163.12,-0.05,0.46
9334,-163.22,-0.05,0.46
9367,-163.19,-0.05,0.46
9398,-163.1,-0.05,0.46
9429,-163.17,-0.05,0.46
9460,-163.21,-0.05,0.46
9491,-163.16,-0.05,0.46
9523,-163.13,-0.05,0.46
9555,-163.17,-0.05,0.46
9587,-163.19,-0.05,0.46
9619,-163.15,-0.05,0.46
9650,-163.16,-0.05,0.46
9681,-163.19,-0.05,0.46
9712,-163.19,0.1,0.46
9744,-163.2,0.1,0.46
9776,-164.06,0.1,0.46
9808,-164.85,0.1,0.46
9839,-164.46,0.1,0.46
9870,-163.71,0.1,0.46
9901,-163.66,0.1,0.46
9932,-164.35,0.1,0.46
9965,-164.71,0.1,0.46
9997,-164.38,0.1,0.46
10029,-163.86,0.1,0.46
10060,-163.94,0.1,0.46
10091,-164.31,0.1,0.46
10122,-164.38,0.1,0.46
10153,-164.12,0.1,0.46
10185,-163.89,0.1,0.46
10217,-164.09,0.1,0.46
10249,-164.31,0.1,0.46
10280,-164.15,0.1,0.46
10312,-163.99,0.1,0.46
10343,-164.06,0.1,0.46
10374,-164.23,0.1,0.46
10405,-164.22,0.1,0.46
10436,-164.04,0.1,0.46
10469,-164.02,0.1,0.46
10501,-164.17,0.1,0.46
10532,-164.16,0.1,0.46
10563,-164.05,0.1,0.46
10594,-164.06,0.1,0.46
10625,-164.13,0.1,0.46
10657,-164.15,0.1,0.46
10689,-164.08,0.1,0.46
10721,-164.04,0.1,0.46
10752,-164.14,0.1,0.46
10783,-164.14,0.1,0.46
10814,-164.07,-0.1,0.46
10846,-164.06,-0.1,0.46
10877,-163.18,-0.1,0.46
10910,-162.23,-0.1,0.45
10941,-162.49,-0.1,0.45
10973,-163.37,-0.1,0.46
11004,-163.33,-0.1,0.46
11035,-162.68,-0.1,0.46
11066,-162.44,-0.1,0.45
11099,-163,-0.1,0.46
11130,-163.26,-0.1,0.46
11162,-162.98,-0.1,0.46
11193,-162.54,-0.1,0.46
11224,-162.77,-0.1,0.46
11255,-163.1,-0.1,0.46
11286,-163.03,-0.1,0.46
11318,-162.67,-0.1,0.46
11351,-162.67,-0.1,0.46
11382,-162.96,-0.1,0.46
11413,-162.99,-0.1,0.46
11445,-162.72,-0.1,0.46
11476,-162.71,-0.1,0.46
11507,-162.9,-0.1,0.46
11538,-162.95,-0.1,0.46
11571,-162.77,-0.1,0.46
11603,-162.71,-0.1,0.46
11634,-162.93,-0.1,0.46
11665,-162.89,-0.1,0.46
11696,-162.75,-0.1,0.46
11727,-162.76,-0.1,0.46
11759,-162.87,-0.1,0.46
11791,-162.87,-0.1,0.46
11823,-162.78,-0.1,0.46
11855,-162.77,-0.1,0.46
11886,-162.9,-0.1,0.46
11917,-162.86,-0.1,0.46
11948,-162.76,-0.1,0.46
11979,-162.81,-0.1,0.46
12012,-162.88,-0.1,0.46
12043,-162.85,-0.1,0.46
12075,-162.79,-0.1,0.46
12106,-162.84,-0.1,0.46
12137,-162.87,-0.1,0.46
12168,-162.82,-0.1,0.46
12200,-162.79,-0.1,0.46
12239,-162.85,-0.1,0.46
12272,-162.86,-0.1,0.46
12304,-162.8,-0.1,0.46
12335,-162.79,-0.1,0.46
12366,-162.86,-0.1,0.46
12398,-162.83,-0.1,0.46
12429,-162.79,0.15,0.46
12460,-162.83,0.15,0.46
12491,-164.02,0.15,0.46
12524,-165.5,0.15,0.46
12556,-165.34,0.15,0.46
12587,-164.16,0.15,0.46
12618,-163.79,0.15,0.46
12649,-164.84,0.15,0.46
12680,-165.06,0.15,0.46
12713,-164.2,0.15,0.46
12744,-163.65,0.15,0.46
12776,-164.08,0.15,0.46
12808,-164.73,0.15,0.46
12839,-164.65,0.15,0.46
12870,-164.2,0.15,0.46
12901,-163.92,0.15,0.46
12932,-164.21,0.15,0.46
12964,-164.46,0.15,0.46
12996,-164.42,0.15,0.46
13028,-164.18,0.15,0.46
13059,-164.1,0.15,0.46
13090,-164.32,0.15,0.46
13121,-164.4,0.15,0.46
13152,-164.24,0.15,0.46
13183,-164.12,0.15,0.46
13216,-164.22,0.15,0.46
13247,-164.34,0.15,0.46
13279,-164.29,0.15,0.46
13310,-164.17,0.15,0.46
13341,-164.22,0.15,0.46
13372,-164.31,0.15,0.46
13404,-164.28,0.15,0.46
13435,-164.2,0.15,0.46
13468,-164.2,0.15,0.46
13499,-164.28,0.15,0.46
13530,-164.28,0.15,0.46
13561,-164.21,0.15,0.46
13593,-164.21,0.15,0.46
13624,-164.26,0.15,0.46
13656,-164.25,0.15,0.46
13689,-164.22,0.15,0.46
13720,-164.23,0.15,0.46
13751,-164.26,-0.15,0.46
13782,-164.15,-0.15,0.46
13814,-162.46,-0.15,0.46
13845,-161.24,-0.15,0.45
13877,-162,-0.15,0.45
13910,-163.13,-0.15,0.46
13941,-163.18,-0.15,0.46
13972,-161.71,-0.15,0.45
14003,-161.81,-0.15,0.45
14034,-162.87,-0.15,0.46
14066,-163.07,-0.15,0.46
14097,-162.33,-0.15,0.45
14130,-161.83,-0.15,0.45
14162,-162.25,-0.15,0.45
14193,-162.87,-0.15,0.46
14224,-162.57,-0.15,0.46
14255,-162,-0.15,0.45
14286,-162.15,-0.15,0.45
14318,-162.64,-0.15,0.46
14349,-162.65,-0.15,0.46
14382,-162.3,-0.15,0.45
14413,-162.14,-0.15,0.45
14444,-162.49,-0.15,0.45
14475,-162.61,-0.15,0.46
14506,-162.34,-0.15,0.45
14537,-162.15,-0.15,0.45
14570,-162.38,-0.15,0.45
14601,-162.56,-0.15,0.46
14633,-162.42,-0.15,0.45
14664,-162.21,-0.15,0.45
14695,-162.37,-0.15,0.45
14726,-162.54,-0.15,0.45
14758,-162.42,-0.15,0.45
14789,-162.26,-0.15,0.45
14821,-162.34,-0.15,0.45
14853,-162.49,-0.15,0.45
14884,-162.39,-0.15,0.45
14915,-162.29,-0.15,0.45
14946,-162.39,-0.15,0.45
14978,-162.49,-0.15,0.45
15010,-162.41,-0.15,0.45
15043,-162.3,-0.15,0.45
15074,-162.39,-0.15,0.45
15105,-162.5,-0.15,0.45
15136,-162.39,-0.15,0.45
15168,-162.34,-0.15,0.45
15199,-162.43,-0.15,0.45
15231,-162.49,-0.15,0.45
15263,-162.4,0.2,0.45
15295,-162.35,0.2,0.45
15326,-164.41,0.2,0.46
15357,-166.01,0.2,0.46
15388,-165.36,0.2,0.46
15420,-163.86,0.2,0.46
15451,-163.45,0.2,0.46
15484,-164.69,0.2,0.46
15516,-165.64,0.2,0.46
15547,-164.53,0.2,0.46
15578,-163.79,0.2,0.46
15609,-164.25,0.2,0.46
15640,-164.99,0.2,0.46
15672,-165.18,0.2,0.46
15703,-164.55,0.2,0.46
15736,-164.03,0.2,0.46
15767,-164.57,0.2,0.46
15798,-164.96,0.2,0.46
15829,-164.9,0.2,0.46
15861,-164.56,0.2,0.46
15892,-164.27,0.2,0.46
15925,-164.43,0.2,0.46
15956,-164.69,0.2,0.46
15987,-164.65,0.2,0.46
16018,-164.46,0.2,0.46
16050,-164.37,0.2,0.46
16081,-164.54,-0.2,0.46
16113,-164.63,-0.2,0.46
16144,-163.07,-0.2,0.46
16177,-160.95,-0.2,0.45
16208,-161.81,-0.2,0.45
16239,-163.29,-0.2,0.46
16270,-163.25,-0.2,0.46
16301,-161.72,-0.2,0.45
16333,-161.28,-0.2,0.45
16366,-162.61,-0.2,0.46
16397,-163.26,-0.2,0.46
16428,-161.95,-0.2,0.45
16459,-161.62,-0.2,0.45
16490,-162.4,-0.2,0.45
16522,-162.84,-0.2,0.46
16553,-162.32,-0.2,0.45
16585,-161.67,-0.2,0.45
16618,-162.02,-0.2,0.45
16649,-162.62,-0.2,0.45
16680,-162.37,-0.2,0.45
16711,-161.89,-0.2,0.45
16742,-161.93,-0.2,0.45
16774,-162.37,-0.2,0.45
16805,-162.48,-0.2,0.45
16838,-162.15,-0.2,0.45
16869,-161.92,-0.2,0.45
16900,-162.28,-0.2,0.45
16942,-162.31,-0.2,0.45
16975,-162.06,-0.2,0.45
17006,-162.05,-0.2,0.45
17038,-162.27,-0.2,0.45
17070,-162.33,-0.2,0.45
17101,-162.06,-0.2,0.45
17132,-162.1,-0.2,0.45
17163,-162.27,-0.2,0.45
17194,-162.27,-0.2,0.45
17227,-162.12,-0.2,0.45
17258,-162.12,-0.2,0.45
17290,-162.24,-0.2,0.45
17321,-162.22,-0.2,0.45
17353,-162.1,-0.2,0.45
17384,-162.14,-0.2,0.45
17415,-162.24,-0.2,0.45
17446,-162.2,-0.2,0.45
17479,-162.11,-0.2,0.45
17510,-162.15,-0.2,0.45
17542,-162.23,-0.2,0.45
17573,-162.16,-0.2,0.45
17604,-162.11,-0.2,0.45
17635,-162.19,-0.2,0.45
17668,-162.24,-0.2,0.45
17699,-162.16,-0.2,0.45
17731,-162.12,-0.2,0.45
17762,-162.22,-0.2,0.45
17793,-162.19,0.25,0.45
17824,-162.26,0.25,0.45
17856,-164.46,0.25,0.46
17888,-166.24,0.25,0.47
17920,-165.49,0.25,0.46
17952,-163.83,0.25,0.46
17983,-163.75,0.25,0.46
18014,-165.3,0.25,0.46
18045,-165.7,0.25,0.46
18076,-164.54,0.25,0.46
18107,-163.82,0.25,0.46
18140,-164.35,0.25,0.46
18172,-165.13,0.25,0.46
18204,-165.09,0.25,0.46
18235,-164.34,0.25,0.46
18266,-164.15,0.25,0.46
18297,-164.7,0.25,0.46
18329,-165.1,0.25,0.46
18360,-164.98,0.25,0.46
18393,-164.58,0.25,0.46
18424,-164.37,0.25,0.46
18455,-164.69,0.25,0.46
18486,-164.91,0.25,0.46
18517,-164.85,0.25,0.46
18549,-164.66,0.25,0.46
18581,-164.51,0.25,0.46
18612,-164.56,0.25,0.46
18644,-164.69,0.25,0.46
18675,-164.66,0.25,0.46
18707,-164.58,0.25,0.46
18738,-164.57,0.25,0.46
18769,-164.63,-0.25,0.46
18800,-164.62,-0.25,0.46
18843,-161.87,-0.25,0.45
18875,-160.67,-0.25,0.45
18907,-162.49,-0.25,0.45
18938,-163.53,-0.25,0.46
18969,-162.63,-0.25,0.45
19000,-161.18,-0.25,0.45
19035,-161.64,-0.25,0.45
19067,-163.2,-0.25,0.46
19098,-162.68,-0.25,0.45
19129,-161.67,-0.25,0.45
19160,-161.69,-0.25,0.45
19192,-162.5,-0.25,0.45
19225,-162.88,-0.25,0.45
19256,-162.31,-0.25,0.45
19287,-161.72,-0.25,0.45
19318,-162.3,-0.25,0.45
19349,-162.66,-0.25,0.45
19381,-162.37,-0.25,0.45
19412,-161.94,-0.25,0.45
19445,-162,-0.25,0.45
19477,-162.42,-0.25,0.45
19508,-162.4,-0.25,0.45
19539,-162.01,-0.25,0.45
19570,-162.05,-0.25,0.45
19601,-162.37,-0.25,0.45
19634,-162.4,-0.25,0.45
19665,-162.16,-0.25,0.45
19697,-162.05,-0.25,0.45
19728,-162.34,-0.25,0.45
19759,-162.37,-0.25,0.45
19790,-162.12,-0.25,0.45
19822,-162.06,-0.25,0.45
19853,-162.3,-0.25,0.45
19885,-162.37,-0.25,0.45
19916,-162.22,-0.25,0.45
19948,-162.14,-0.25,0.45
19979,-162.3,-0.25,0.45
20010,-162.3,-0.25,0.45
20042,-162.18,-0.25,0.45
20074,-162.17,-0.25,0.45
20105,-162.3,-0.25,0.45
20137,-162.3,-0.25,0.45
20168,-162.17,-0.25,0.45
20200,-162.22,-0.25,0.45
20242,-162.3,-0.25,0.45
20274,-162.24,-0.25,0.45
20305,-162.18,-0.25,0.45
20338,-162.25,-0.25,0.45
20370,-162.28,-0.25,0.45
20401,-162.23,-0.25,0.45
20432,-162.25,-0.25,0.45
20463,-162.27,-0.25,0.45
20495,-162.26,-0.25,0.45
20527,-162.21,-0.25,0.45
20558,-162.21,-0.25,0.45
20590,-162.28,0.3,0.45
20621,-162.6,0.3,0.45
20652,-165.1,0.3,0.46
20683,-166.57,0.3,0.47
20714,-165.45,0.3,0.46
20747,-163.79,0.3,0.46
20779,-163.75,0.3,0.46
20811,-165.35,0.3,0.46
20842,-165.78,0.3,0.47
20873,-164.43,0.3,0.46
20904,-164.03,0.3,0.46
20936,-164.8,0.3,0.46
20967,-165.53,0.3,0.46
20999,-165.35,0.3,0.46
21031,-164.58,0.3,0.46
21062,-164.51,0.3,0.46
21093,-165.17,0.3,0.46
21124,-165.35,0.3,0.46
21156,-164.98,0.3,0.46
21188,-164.64,0.3,0.46
21219,-164.65,0.3,0.46
21252,-164.97,0.3,0.46
21283,-165.16,0.3,0.46
21314,-165,0.3,0.46
21345,-164.83,0.3,0.46
21376,-164.77,0.3,0.46
21407,-164.84,0.3,0.46
21440,-164.93,0.3,0.46
21472,-164.92,0.3,0.46
21503,-164.84,0.3,0.46
21534,-164.83,0.3,0.46
21565,-164.89,0.3,0.46
21597,-164.91,0.3,0.46
21629,-164.89,0.3,0.46
21661,-164.89,0.3,0.46
21693,-164.89,0.3,0.46
21724,-164.9,0.3,0.46
21755,-164.9,0.3,0.46
21786,-164.87,0.3,0.46
21818,-164.87,0.3,0.46
21851,-164.9,-0.3,0.46
21883,-164.9,-0.3,0.46
21914,-162.08,-0.3,0.45
21945,-160.87,-0.3,0.45
21976,-162.15,-0.3,0.45
22008,-163.65,-0.3,0.45
22040,-163.42,-0.3,0.45
22071,-161.8,-0.3,0.45
22104,-161.46,-0.3,0.45
22135,-163.23,-0.3,0.45
22166,-163.29,-0.3,0.45
22197,-162.27,-0.3,0.45
22228,-161.76,-0.3,0.45
22260,-162.38,-0.3,0.45
22292,-163.08,-0.3,0.45
22323,-162.89,-0.3,0.45
22355,-162.13,-0.3,0.45
22386,-162.24,-0.3,0.45
22417,-162.84,-0.3,0.45
22448,-162.85,-0.3,0.45
22481,-162.4,-0.3,0.45
22512,-162.13,-0.3,0.45
22544,-162.44,-0.3,0.45
22576,-162.77,-0.3,0.45
22607,-162.49,-0.3,0.45
22638,-162.21,-0.3,0.45
22669,-162.42,-0.3,0.45
22702,-162.67,-0.3,0.45
22734,-162.55,-0.3,0.45
22765,-162.32,-0.3,0.45
22797,-162.37,-0.3,0.45
22828,-162.59,-0.3,0.45
22859,-162.51,-0.3,0.45
22890,-162.35,-0.3,0.45
22921,-162.42,-0.3,0.45
22953,-162.57,-0.3,0.45
22986,-162.53,-0.3,0.45
23017,-162.4,-0.3,0.45
23048,-162.46,-0.3,0.45
23079,-162.55,-0.3,0.45
23110,-162.5,-0.3,0.45
23143,-162.42,-0.3,0.45
23174,-162.47,-0.3,0.45
23206,-162.53,-0.3,0.45
23238,-162.5,-0.3,0.45
23269,-162.45,-0.3,0.45
23300,-162.48,-0.3,0.45
23343,-162.49,-0.3,0.45
23375,-162.45,-0.3,0.45
23407,-162.45,-0.3,0.45
23439,-162.5,-0.3,0.45
23470,-162.49,-0.3,0.45
23501,-162.48,-0.3,0.45
23532,-162.48,-0.3,0.45
23563,-162.5,-0.3,0.45
23595,-162.51,-0.3,0.45
23628,-162.48,-0.3,0.45
23659,-162.48,-0.3,0.45
23690,-162.48,-0.3,0.45
23721,-162.47,-0.3,0.45
23753,-162.49,0.35,0.45
23785,-162.52,0.35,0.45
23816,-164.38,0.35,0.46
23848,-166.6,0.35,0.47
23880,-165.62,0.35,0.47
23911,-164.01,0.35,0.46
23942,-163.96,0.35,0.46
23973,-165.55,0.35,0.46
24005,-166.24,0.35,0.47
24038,-165.04,0.35,0.46
24069,-164.17,0.35,0.46
24100,-165.05,0.35,0.46
24143,-165.8,0.35,0.47
24174,-165.23,0.35,0.46
24207,-164.54,0.35,0.46
24239,-164.74,0.35,0.46
24270,-165.42,0.35,0.47
24301,-165.4,0.35,0.46
24333,-164.93,0.35,0.46
24364,-164.75,0.35,0.46
24396,-165.1,0.35,0.46
24427,-165.34,0.35,0.46
24459,-165.2,0.35,0.46
24491,-164.92,0.35,0.46
24522,-164.87,0.35,0.46
24553,-165.01,0.35,0.46
24584,-165.1,0.35,0.46
24615,-165.08,0.35,0.46
24648,-165.01,0.35,0.46
24680,-164.96,0.35,0.46
24712,-164.98,0.35,0.46
24743,-165.02,0.35,0.46
24774,-165.02,0.35,0.46
24805,-165.02,0.35,0.46
24838,-165.02,0.35,0.46
24869,-165.03,0.35,0.46
24902,-165.03,0.35,0.46
24933,-165.01,-0.35,0.46
24964,-164.76,-0.35,0.46
24995,-162.3,-0.35,0.45
25026,-161.03,-0.35,0.45
25058,-162.28,-0.35,0.45
25091,-163.8,-0.35,0.45
25122,-163.64,-0.35,0.45
25153,-161.65,-0.35,0.45
25184,-161.97,-0.35,0.45
25215,-163.35,-0.35,0.45
25247,-163.51,-0.35,0.45
25278,-162.57,-0.35,0.45
25310,-161.95,-0.35,0.45
25343,-162.46,-0.35,0.45
25374,-163.32,-0.35,0.45
25405,-162.93,-0.35,0.45
25436,-162.23,-0.35,0.45
25467,-162.35,-0.35,0.45
25499,-162.91,-0.35,0.45
25531,-163,-0.35,0.45
25563,-162.63,-0.35,0.45
25594,-162.37,-0.35,0.45
25625,-162.72,-0.35,0.45
25657,-162.94,-0.35,0.45
25688,-162.69,-0.35,0.45
25719,-162.39,-0.35,0.45
25751,-162.57,-0.35,0.45
25782,-162.82,-0.35,0.45
25815,-162.73,-0.35,0.45
25846,-162.51,-0.35,0.45
25877,-162.61,-0.35,0.45
25908,-162.75,-0.35,0.45
25939,-162.7,-0.35,0.45
25970,-162.56,-0.35,0.45
26003,-162.61,-0.35,0.45
26034,-162.74,-0.35,0.45
26066,-162.7,-0.35,0.45
26097,-162.6,-0.35,0.45
26128,-162.67,-0.35,0.45
26159,-162.71,-0.35,0.45
26191,-162.65,-0.35,0.45
26222,-162.62,-0.35,0.45
26254,-162.67,-0.35,0.45
26286,-162.7,-0.35,0.45
26317,-162.62,-0.35,0.45
26348,-162.63,-0.35,0.45
26379,-162.71,-0.35,0.45
26411,-162.68,-0.35,0.45
26444,-162.63,-0.35,0.45
26475,-162.65,-0.35,0.45
26507,-162.67,-0.35,0.45
26538,-162.66,-0.35,0.45
26569,-162.65,-0.35,0.45
26600,-162.65,-0.35,0.45
26644,-162.67,-0.35,0.45
26676,-162.65,-0.35,0.45
26707,-162.65,0.4,0.45
26738,-162.77,0.4,0.45
26770,-165.18,0.4,0.46
26801,-166.91,0.4,0.47
26832,-165.93,0.4,0.47
26864,-164.26,0.4,0.46
26897,-164.1,0.4,0.46
26928,-165.64,0.4,0.47
26959,-166.16,0.4,0.47
26990,-164.79,0.4,0.46
27021,-164.41,0.4,0.46
27053,-165.26,0.4,0.46
27085,-165.93,0.4,0.47
27117,-165.61,0.4,0.47
27149,-164.86,0.4,0.46
27180,-164.97,0.4,0.46
27211,-165.66,0.4,0.47
27242,-165.64,0.4,0.47
27273,-165.13,0.4,0.46
27305,-164.89,0.4,0.46
27337,-165.16,0.4,0.46
27369,-165.51,0.4,0.47
27400,-165.42,0.4,0.47
27440,-165.11,0.4,0.46
27471,-165.1,0.4,0.46
27502,-165.28,0.4,0.46
27533,-165.37,0.4,0.47
27565,-165.32,-0.4,0.47
27598,-165.22,-0.4,0.46
27629,-163.44,-0.4,0.45
27660,-161.39,-0.4,0.45
27691,-162.59,-0.4,0.45
27722,-164.06,-0.4,0.45
27753,-163.9,-0.4,0.45
27785,-162.35,-0.4,0.45
27817,-161.9,-0.4,0.45
27849,-163.22,-0.4,0.45
27881,-163.89,-0.4,0.45
27912,-162.88,-0.4,0.45
27943,-162.23,-0.4,0.45
27974,-162.68,-0.4,0.45
28007,-163.45,-0.4,0.45
28038,-163.41,-0.4,0.45
28070,-162.7,-0.4,0.45
28101,-162.58,-0.4,0.45
28133,-163.15,-0.4,0.45
28164,-163.26,-0.4,0.45
28195,-162.88,-0.4,0.45
28226,-162.57,-0.4,0.45
28258,-162.83,-0.4,0.45
28289,-163.13,-0.4,0.45
28322,-163.03,-0.4,0.45
28353,-162.68,-0.4,0.45
28384,-162.95,-0.4,0.45
28415,-163.1,-0.4,0.45
28446,-162.91,-0.4,0.45
28477,-162.74,-0.4,0.45
28510,-162.86,-0.4,0.45
28542,-163.03,-0.4,0.45
28573,-162.91,-0.4,0.45
28604,-162.77,-0.4,0.45
28635,-162.89,-0.4,0.45
28666,-163,-0.4,0.45
28697,-162.91,-0.4,0.45
28729,-162.82,-0.4,0.45
28761,-162.89,-0.4,0.45
28793,-162.95,-0.4,0.45
28824,-162.87,-0.4,0.45
28855,-162.84,-0.4,0.45
28886,-162.9,-0.4,0.45
28917,-162.9,-0.4,0.45
28950,-162.84,-0.4,0.45
28981,-162.85,-0.4,0.45
29013,-162.91,-0.4,0.45
29044,-162.84,-0.4,0.45
29075,-162.81,-0.4,0.45
29106,-162.88,-0.4,0.45
29138,-162.9,-0.4,0.45
29170,-162.86,-0.4,0.45
29202,-162.85,-0.4,0.45
29234,-162.85,0.45,0.45
29265,-163.17,0.45,0.45
29296,-165.87,0.45,0.47
29327,-167.18,0.45,0.47
29359,-165.88,0.45,0.47
29390,-164.29,0.45,0.46
29423,-164.5,0.45,0.46
29455,-166.16,0.45,0.47
29486,-166.17,0.45,0.47
29517,-164.75,0.45,0.46
29548,-164.72,0.45,0.46
29579,-165.71,0.45,0.47
29612,-166.16,0.45,0.47
29643,-165.61,0.45,0.47
29675,-164.94,0.45,0.46
29706,-165.38,0.45,0.46
29738,-165.97,0.45,0.47
29769,-165.68,0.45,0.47
29800,-165.18,0.45,0.47
29843,-165.29,0.45,0.46
29875,-165.64,0.45,0.47
29907,-165.72,0.45,0.47
29938,-165.43,0.45,0.47
29969,-165.27,0.45,0.47
30000,-165.4,0.45,0.47
30034,-165.55,0.45,0.47
30067,-165.55,0.45,0.47
30098,-165.44,0.45,0.47
30129,-165.39,0.45,0.47
30160,-165.45,0.45,0.47
30191,-165.51,0.45,0.47
30224,-165.5,0.45,0.47
30256,-165.47,0.45,0.47
30288,-165.45,-0.45,0.47
30319,-165.33,-0.45,0.47
30350,-162.93,-0.45,0.45
30381,-161.57,-0.45,0.45
30413,-162.71,-0.45,0.45
30445,-164.24,-0.45,0.45
30477,-164.24,-0.45,0.45
30508,-162.29,-0.45,0.45
30539,-162.41,-0.45,0.45
30571,-163.75,-0.45,0.45
30602,-164.04,-0.45,0.45
30633,-163.2,-0.45,0.45
30665,-162.5,-0.45,0.45
30696,-162.87,-0.45,0.45
30729,-163.62,-0.45,0.45
30760,-163.45,-0.45,0.45
30791,-162.78,-0.45,0.45
30822,-162.87,-0.45,0.45
30854,-163.38,-0.45,0.45
30885,-163.45,-0.45,0.45
30917,-163.07,-0.45,0.45
30949,-162.84,-0.45,0.45
30980,-163.24,-0.45,0.45
31011,-163.38,-0.45,0.45
31043,-163.07,-0.45,0.45
31074,-162.91,-0.45,0.45
31106,-163.14,-0.45,0.45
31137,-163.31,-0.45,0.45
31170,-163.17,-0.45,0.45
31201,-162.99,-0.45,0.45
31232,-163.13,-0.45,0.45
31263,-163.25,-0.45,0.45
31294,-163.15,-0.45,0.45
31326,-163.04,-0.45,0.45
31359,-163.13,-0.45,0.45
31391,-163.21,-0.45,0.45
31422,-163.13,-0.45,0.45
31453,-163.11,-0.45,0.45
31484,-163.17,-0.45,0.45
31515,-163.17,-0.45,0.45
31548,-163.14,-0.45,0.45
31580,-163.15,-0.45,0.45
31612,-163.16,-0.45,0.45
31643,-163.14,-0.45,0.45
31674,-163.14,-0.45,0.45
31705,-163.17,-0.45,0.45
31736,-163.19,-0.45,0.45
31768,-163.15,-0.45,0.45
31801,-163.14,-0.45,0.45
31832,-163.17,-0.45,0.45
31863,-163.17,0.5,0.45
31894,-163.17,0.5,0.45
31926,-165.46,0.5,0.47
31958,-167.53,0.5,0.47
31990,-166.74,0.5,0.47
32022,-164.9,0.5,0.46
32053,-164.96,0.5,0.46
32084,-166.67,0.5,0.47
32115,-166.87,0.5,0.47
32146,-165.39,0.5,0.47
32179,-164.89,0.5,0.46
32211,-165.85,0.5,0.47
32242,-166.55,0.5,0.47
32274,-165.72,0.5,0.47
32305,-165.15,0.5,0.47
32336,-165.64,0.5,0.47
32367,-166.27,0.5,0.47
32398,-165.88,0.5,0.47
32431,-165.33,0.5,0.47
32463,-165.43,0.5,0.47
32494,-165.85,0.5,0.47
32525,-166,0.5,0.47
32556,-165.73,0.5,0.47
32588,-165.49,0.5,0.47
32620,-165.63,0.5,0.47
32651,-165.8,0.5,0.47
32683,-165.78,0.5,0.47
32715,-165.66,0.5,0.47
32746,-165.61,0.5,0.47
32777,-165.69,0.5,0.47
32808,-165.77,0.5,0.47
32839,-165.73,0.5,0.47
32872,-165.65,0.5,0.47
32903,-165.66,0.5,0.47
32935,-165.72,0.5,0.47
32966,-165.74,0.5,0.47
32997,-165.68,0.5,0.47
33028,-165.68,0.5,0.47
33060,-165.74,0.5,0.47
33091,-165.73,0.5,0.47
33124,-165.68,0.5,0.47
33156,-165.7,0.5,0.47
33187,-165.73,0.5,0.47
33218,-165.73,-0.5,0.47
33249,-165.56,-0.5,0.47
33281,-162.99,-0.5,0.45
33313,-161.95,-0.5,0.45
33344,-163.23,-0.5,0.45
33376,-164.62,-0.5,0.45
33407,-164,-0.5,0.45
33438,-162.56,-0.5,0.45
33469,-162.9,-0.5,0.45
33501,-164.17,-0.5,0.45
33533,-164.27,-0.5,0.45
33565,-163.42,-0.5,0.45
33597,-162.87,-0.5,0.45
33628,-163.56,-0.5,0.45
33659,-164.06,-0.5,0.45
33690,-163.71,-0.5,0.45
33722,-163.07,-0.5,0.45
33753,-163.28,-0.5,0.45
33785,-163.77,-0.5,0.45
33817,-163.74,-0.5,0.45
33848,-163.28,-0.5,0.45
33880,-163.33,-0.5,0.45
33911,-163.61,-0.5,0.45
33942,-163.68,-0.5,0.45
33974,-163.39,-0.5,0.45
34005,-163.3,-0.5,0.45
34038,-163.54,-0.5,0.45
34069,-163.58,-0.5,0.45
34100,-163.4,-0.5,0.45
34143,-163.44,-0.5,0.45
34175,-163.56,-0.5,0.45
34206,-163.54,-0.5,0.45
34239,-163.42,-0.5,0.45
34270,-163.48,-0.5,0.45
34301,-163.53,-0.5,0.45
34332,-163.48,-0.5,0.45
34364,-163.46,-0.5,0.45
34395,-163.48,-0.5,0.45
34427,-163.48,-0.5,0.45
34459,-163.48,-0.5,0.45
34490,-163.48,-0.5,0.45
34521,-163.48,-0.5,0.45
34552,-163.48,-0.5,0.45
34584,-163.48,-0.5,0.45
34616,-163.48,-0.5,0.45
34649,-163.49,-0.5,0.45
34680,-163.48,0.55,0.45
34711,-163.6,0.55,0.45
34743,-166.42,0.55,0.47
34774,-168.22,0.55,0.47
34805,-166.97,0.55,0.47
34837,-165.04,0.55,0.47
34870,-165.03,0.55,0.46
34901,-166.87,0.55,0.47
34932,-167.22,0.55,0.47
34963,-165.58,0.55,0.47
34994,-165.32,0.55,0.46
35026,-166.44,0.55,0.47
35058,-167.01,0.55,0.47
35090,-166.45,0.55,0.47
35122,-165.64,0.55,0.47
35153,-166.1,0.55,0.47
35184,-166.81,0.55,0.47
35215,-166.54,0.55,0.47
35246,-165.88,0.55,0.47
35278,-165.91,0.55,0.47
35310,-166.36,0.55,0.47
35342,-166.56,0.55,0.47
35373,-166.26,0.55,0.47
35404,-165.99,-0.55,0.47
35435,-166.15,-0.55,0.47
35467,-164.12,-0.55,0.45
35498,-162.51,-0.55,0.44
35531,-163.44,-0.55,0.45
35563,-164.97,-0.55,0.45
35594,-164.82,-0.55,0.45
35625,-163.35,-0.55,0.45
35656,-163.24,-0.55,0.45
35688,-164.54,-0.55,0.45
35720,-164.91,-0.55,0.45
35751,-164.14,-0.55,0.45
35783,-163.45,-0.55,0.45
35814,-164,-0.55,0.45
35845,-164.59,-0.55,0.45
35877,-164.34,-0.55,0.45
35908,-163.67,-0.55,0.45
35940,-163.74,-0.55,0.45
35973,-164.29,-0.55,0.45
36004,-164.35,-0.55,0.45
36035,-163.84,-0.55,0.45
36066,-163.82,-0.55,0.45
36097,-164.11,-0.55,0.45
36129,-164.2,-0.55,0.45
36160,-163.97,-0.55,0.45
36192,-163.94,-0.55,0.45
36224,-164.16,-0.55,0.45
36256,-164.17,-0.55,0.45
36287,-163.93,-0.55,0.45
36318,-164,-0.55,0.45
36349,-164.12,-0.55,0.45
36381,-164.08,-0.55,0.45
36412,-163.98,-0.55,0.45
36444,-163.99,-0.55,0.45
36476,-164.08,-0.55,0.45
36507,-164.03,-0.55,0.45
36538,-163.97,-0.55,0.45
36569,-164.01,-0.55,0.45
36600,-164.04,-0.55,0.45
36644,-163.99,-0.55,0.45
36676,-164,-0.55,0.45
36707,-164.03,-0.55,0.45
36738,-164,-0.55,0.45
36769,-164,-0.55,0.45
36800,-163.99,-0.55,0.45
36836,-163.99,-0.55,0.45
36867,-163.99,-0.55,0.45
36898,-163.99,-0.55,0.45
36929,-163.98,-0.55,0.45
36961,-163.98,-0.55,0.45
36993,-163.98,-0.55,0.45
37025,-163.96,-0.55,0.45
37057,-163.97,-0.55,0.45
37088,-163.97,-0.55,0.45
37119,-163.97,-0.55,0.45
37151,-163.97,-0.55,0.45
37183,-163.97,-0.55,0.45
37215,-163.97,-0.55,0.45
37248,-163.96,-0.55,0.45
37279,-163.95,0.6,0.45
37310,-164.2,0.6,0.45
37341,-167.47,0.6,0.47
37373,-169.26,0.6,0.47
37404,-167.83,0.6,0.47
37436,-165.72,0.6,0.47
37468,-165.81,0.6,0.47
37499,-168.37,0.6,0.47
37530,-168.12,0.6,0.47
37561,-166.33,0.6,0.47
37593,-166.08,0.6,0.47
37626,-167.27,0.6,0.47
37657,-167.91,0.6,0.47
37689,-167.31,0.6,0.47
37720,-166.28,0.6,0.47
37751,-166.9,0.6,0.47
37782,-167.68,0.6,0.47
37813,-167.41,0.6,0.47
37846,-166.72,0.6,0.47
37878,-166.65,0.6,0.47
37909,-167.14,0.6,0.47
37940,-167.4,0.6,0.47
37972,-167.1,0.6,0.47
38003,-166.76,0.6,0.47
38034,-166.96,0.6,0.47
38065,-167.19,0.6,0.47
38098,-167.12,0.6,0.47
38130,-166.93,0.6,0.47
38161,-166.88,0.6,0.47
38192,-167.1,0.6,0.47
38223,-167.12,0.6,0.47
38254,-166.97,-0.6,0.47
38287,-166.89,-0.6,0.47
38318,-164.39,-0.6,0.45
38351,-162.72,-0.6,0.44
38382,-164.51,-0.6,0.45
38413,-165.84,-0.6,0.45
38444,-165.21,-0.6,0.45
38475,-163.51,-0.6,0.45
38506,-163.59,-0.6,0.44
38539,-165.1,-0.6,0.45
38570,-165.37,-0.6,0.45
38602,-164.38,-0.6,0.45
38633,-163.74,-0.6,0.45
38664,-164.49,-0.6,0.45
38695,-165.11,-0.6,0.45
38727,-164.71,-0.6,0.45
38759,-163.92,-0.6,0.45
38791,-164.12,-0.6,0.45
38823,-164.75,-0.6,0.45
38854,-164.68,-0.6,0.45
38885,-164.18,-0.6,0.45
38916,-164.16,-0.6,0.45
38948,-164.56,-0.6,0.45
38981,-164.7,-0.6,0.45
39012,-164.35,-0.6,0.45
39043,-164.16,-0.6,0.45
39074,-164.54,-0.6,0.45
39105,-164.59,-0.6,0.45
39136,-164.34,-0.6,0.45
39168,-164.27,-0.6,0.45
39200,-164.44,-0.6,0.45
39243,-164.52,-0.6,0.45
39275,-164.33,-0.6,0.45
39306,-164.36,-0.6,0.45
39337,-164.51,-0.6,0.45
39368,-164.46,-0.6,0.45
39400,-164.36,-0.6,0.45
39435,-164.43,-0.6,0.45
39466,-164.46,-0.6,0.45
39497,-164.41,-0.6,0.45
39528,-164.39,-0.6,0.45
39560,-164.42,-0.6,0.45
39592,-164.44,-0.6,0.45
39623,-164.41,-0.6,0.45
39655,-164.41,-0.6,0.45
39686,-164.45,-0.6,0.45
39717,-164.43,-0.6,0.45
39748,-164.41,-0.6,0.45
39780,-164.43,-0.6,0.45
39811,-164.43,-0.6,0.45
39844,-164.43,-0.6,0.45
39875,-164.4,-0.6,0.45
39907,-164.43,-0.6,0.45
39938,-164.43,-0.6,0.45
39969,-164.41,-0.6,0.45
40001,-164.42,0.65,0.45
40033,-164.6,0.65,0.45
40064,-168.05,0.65,0.47
40096,-170.17,0.65,0.47
40127,-167.86,0.65,0.47
40158,-165.97,0.65,0.47
40189,-166.92,0.65,0.47
40221,-169.12,0.65,0.47
40253,-169.05,0.65,0.47
40285,-167.09,0.65,0.47
40317,-166.61,0.65,0.47
40348,-168.26,0.65,0.47
40379,-168.61,0.65,0.47
40410,-167.79,0.65,0.47
40442,-166.95,0.65,0.47
40473,-167.46,0.65,0.47
40506,-168.35,0.65,0.47
40537,-168.22,0.65,0.47
40569,-167.33,0.65,0.47
40600,-167.42,0.65,0.47
40643,-168,0.65,0.47
40675,-168.01,0.65,0.47
40708,-167.66,0.65,0.47
40739,-167.51,0.65,0.47
40770,-167.83,0.65,0.47
40801,-167.87,0.65,0.47
40832,-167.67,0.65,0.47
40863,-167.57,0.65,0.47
40895,-167.67,0.65,0.47
40927,-167.78,0.65,0.47
40959,-167.72,0.65,0.47
40990,-167.6,0.65,0.47
41021,-167.72,0.65,0.47
41052,-167.77,0.65,0.47
41084,-167.67,0.65,0.47
41115,-167.65,0.65,0.47
41148,-167.71,0.65,0.47
41179,-167.73,0.65,0.47
41211,-167.68,0.65,0.47
41242,-167.66,0.65,0.47
41273,-167.7,0.65,0.47
41305,-167.72,-0.65,0.47
41337,-167.64,-0.65,0.47
41368,-164.75,-0.65,0.44
41400,-162.92,-0.65,0.44
41442,-165.73,-0.65,0.45
41474,-166.42,-0.65,0.45
41506,-164.95,-0.65,0.45
41539,-163.51,-0.65,0.44
41570,-164.68,-0.65,0.45
41601,-166.09,-0.65,0.45
41632,-165.1,-0.65,0.45
41663,-164.12,-0.65,0.44
41695,-164.46,-0.65,0.44
41726,-165.37,-0.65,0.45
41758,-165.56,-0.65,0.45
41791,-164.74,-0.65,0.45
41822,-164.42,-0.65,0.44
41853,-165.18,-0.65,0.45
41884,-165.33,-0.65,0.45
41915,-164.84,-0.65,0.45
41947,-164.5,-0.65,0.45
41979,-164.8,-0.65,0.45
42011,-165.19,-0.65,0.45
42042,-164.86,-0.65,0.45
42073,-164.56,-0.65,0.45
42104,-164.85,-0.65,0.45
42136,-165.13,-0.65,0.45
42167,-164.92,-0.65,0.45
42199,-164.68,-0.65,0.45
42230,-164.8,-0.65,0.45
42262,-165.01,-0.65,0.45
42293,-164.91,-0.65,0.45
42325,-164.73,-0.65,0.45
42356,-164.83,-0.65,0.45
42388,-164.98,-0.65,0.45
42419,-164.9,-0.65,0.45
42451,-164.8,-0.65,0.45
42483,-164.85,-0.65,0.45
42514,-164.91,-0.65,0.45
42545,-164.89,-0.65,0.45
42576,-164.87,-0.65,0.45
42608,-164.89,-0.65,0.45
42640,-164.9,-0.65,0.45
42672,-164.85,-0.65,0.45
42704,-164.85,-0.65,0.45
42735,-164.89,-0.65,0.45
42766,-164.88,-0.65,0.45
42797,-164.85,-0.65,0.45
42829,-164.86,-0.65,0.45
42862,-164.89,-0.65,0.45
42894,-164.89,-0.65,0.45
42925,-164.84,-0.65,0.45
42956,-164.89,0.7,0.45
42987,-164.93,0.7,0.45
43018,-168.09,0.7,0.47
43051,-170.78,0.7,0.47
43082,-169.75,0.7,0.47
43114,-167.21,0.7,0.47
43145,-167.16,0.7,0.47
43177,-169.5,0.7,0.47
43208,-169.91,0.7,0.47
43239,-168.02,0.7,0.47
43270,-167.11,0.7,0.47
43303,-168.24,0.7,0.47
43334,-169.26,0.7,0.47
43366,-168.98,0.7,0.47
43397,-167.62,0.7,0.47
43428,-167.87,0.7,0.47
43459,-168.86,0.7,0.47
43491,-168.98,0.7,0.47
43523,-168.28,0.7,0.47
43555,-167.86,0.7,0.47
43586,-168.23,0.7,0.47
43618,-168.74,0.7,0.47
43649,-168.57,0.7,0.47
43680,-168.15,0.7,0.47
43712,-168.14,0.7,0.47
43745,-168.41,0.7,0.47
43776,-168.45,0.7,0.47
43807,-168.3,0.7,0.47
43838,-168.26,0.7,0.47
43869,-168.39,0.7,0.47
43900,-168.44,0.7,0.47
43944,-168.27,0.7,0.47
43975,-168.3,0.7,0.47
44007,-168.39,0.7,0.47
44038,-168.34,0.7,0.47
44070,-168.31,0.7,0.47
44101,-168.33,0.7,0.47
44133,-168.36,0.7,0.47
44165,-168.36,0.7,0.47
44197,-168.34,0.7,0.47
44229,-168.34,0.7,0.47
44260,-168.35,0.7,0.47
44291,-168.34,0.7,0.47
44322,-168.33,0.7,0.47
44354,-168.33,0.7,0.47
44387,-168.33,-0.7,0.47
44419,-168.3,-0.7,0.47
44450,-164.15,-0.7,0.44
44481,-163.36,-0.7,0.44
44512,-165.43,-0.7,0.44
44545,-166.98,-0.7,0.45
44576,-166.08,-0.7,0.45
44608,-164.07,-0.7,0.44
44640,-164.34,-0.7,0.44
44671,-166.55,-0.7,0.45
44702,-165.97,-0.7,0.45
44733,-164.63,-0.7,0.44
44765,-164.6,-0.7,0.44
44798,-165.54,-0.7,0.45
44829,-166.04,-0.7,0.45
44860,-165.07,-0.7,0.45
44891,-164.66,-0.7,0.44
44922,-165.41,-0.7,0.44
44953,-165.82,-0.7,0.45
44985,-165.38,-0.7,0.45
45017,-164.88,-0.7,0.44
45049,-165.08,-0.7,0.44
45081,-165.55,-0.7,0.45
45112,-165.39,-0.7,0.45
45143,-164.95,-0.7,0.44
45174,-165.15,-0.7,0.44
45206,-165.51,-0.7,0.45
45237,-165.4,-0.7,0.45
45270,-165.08,-0.7,0.44
45301,-165.14,-0.7,0.44
45332,-165.42,-0.7,0.45
45363,-165.34,-0.7,0.45
45395,-165.11,-0.7,0.44
45426,-165.18,-0.7,0.44
45459,-165.39,-0.7,0.45
45490,-165.33,-0.7,0.45
45522,-165.17,-0.7,0.44
45553,-165.28,-0.7,0.44
45584,-165.33,-0.7,0.45
45615,-165.26,-0.7,0.44
45647,-165.19,-0.7,0.44
45679,-165.26,-0.7,0.44
45711,-165.33,-0.7,0.45
45742,-165.26,-0.7,0.44
45773,-165.22,-0.7,0.44
45804,-165.3,-0.7,0.44
45836,-165.31,-0.7,0.44
45867,-165.26,-0.7,0.44
45900,-165.26,-0.7,0.44
45943,-165.31,0.75,0.44
45974,-165.48,0.75,0.44
46005,-169.25,0.75,0.47
46036,-171.58,0.75,0.48
46068,-170.01,0.75,0.47
46101,-167.39,0.75,0.47
46132,-167.24,0.75,0.47
46164,-169.66,0.75,0.47
46195,-170.41,0.75,0.47
46226,-168.3,0.75,0.47
46257,-167.63,0.75,0.47
46288,-168.9,0.75,0.47
46320,-169.91,0.75,0.47
46353,-169.51,0.75,0.47
46384,-168.33,0.75,0.47
46415,-168.43,0.75,0.47
46446,-169.49,0.75,0.47
46477,-169.57,0.75,0.47
46509,-168.8,0.75,0.47
46541,-168.33,0.75,0.47
46573,-168.73,0.75,0.47
46605,-169.27,0.75,0.47
46636,-169.18,0.75,0.47
46667,-168.67,0.75,0.47
46698,-168.6,0.75,0.47
46729,-168.94,-0.75,0.47
46762,-169.05,-0.75,0.47
46793,-165.94,-0.75,0.44
46825,-163.22,-0.75,0.44
46856,-165.56,-0.75,0.44
46887,-167.55,-0.75,0.45
46919,-166.64,-0.75,0.45
46950,-164.28,-0.75,0.44
46982,-164.44,-0.75,0.44
47014,-166.64,-0.75,0.45
47046,-166.93,-0.75,0.45
47077,-164.87,-0.75,0.44
47108,-164.81,-0.75,0.44
47139,-165.93,-0.75,0.44
47171,-166.53,-0.75,0.45
47203,-165.77,-0.75,0.44
47234,-164.84,-0.75,0.44
47267,-165.4,-0.75,0.44
47298,-166.29,-0.75,0.45
47329,-165.78,-0.75,0.44
47360,-165.15,-0.75,0.44
47391,-165.41,-0.75,0.44
47423,-165.95,-0.75,0.44
47456,-165.94,-0.75,0.44
47487,-165.38,-0.75,0.44
47518,-165.49,-0.75,0.44
47549,-165.95,-0.75,0.44
47580,-165.81,-0.75,0.44
47612,-165.39,-0.75,0.44
47643,-165.46,-0.75,0.44
47676,-165.79,-0.75,0.44
47708,-165.76,-0.75,0.44
47739,-165.43,-0.75,0.44
47770,-165.58,-0.75,0.44
47801,-165.81,-0.75,0.44
47832,-165.6,-0.75,0.44
47865,-165.4,-0.75,0.44
47896,-165.57,-0.75,0.44
47928,-165.73,-0.75,0.44
47959,-165.58,-0.75,0.44
47991,-165.46,-0.75,0.44
48022,-165.58,-0.75,0.44
48053,-165.72,-0.75,0.44
48084,-165.6,-0.75,0.44
48117,-165.48,-0.75,0.44
48148,-165.59,-0.75,0.44
48180,-165.67,-0.75,0.44
48211,-165.57,-0.75,0.44
48242,-165.53,-0.75,0.44
48273,-165.6,-0.75,0.44
48305,-165.65,-0.75,0.44
48336,-165.57,-0.75,0.44
48368,-165.53,-0.75,0.44
48400,-165.61,-0.75,0.44
48442,-165.57,-0.75,0.44
48473,-165.55,-0.75,0.44
48504,-165.59,-0.75,0.44
48535,-165.6,-0.75,0.44
48568,-165.57,0.8,0.44
48599,-165.61,0.8,0.44
48631,-169.2,0.8,0.47
48662,-172.04,0.8,0.48
48693,-169.76,0.8,0.47
48725,-167.36,0.8,0.47
48757,-168.04,0.8,0.47
48788,-170.62,0.8,0.47
48821,-171.03,0.8,0.48
48852,-168.28,0.8,0.47
48883,-168.17,0.8,0.47
48914,-169.63,0.8,0.47
48945,-170.41,0.8,0.47
48978,-169.66,0.8,0.47
49010,-168.5,0.8,0.47
49041,-168.72,0.8,0.47
49073,-170.07,0.8,0.47
49104,-169.82,0.8,0.47
49135,-168.98,0.8,0.47
49166,-168.8,0.8,0.47
49197,-169.37,0.8,0.47
49230,-169.8,0.8,0.47
49262,-169.62,0.8,0.47
49293,-168.97,0.8,0.47
49324,-169.16,0.8,0.47
49355,-169.51,0.8,0.47
49387,-169.54,0.8,0.47
49419,-169.31,0.8,0.47
49450,-169.11,0.8,0.47
49482,-169.26,0.8,0.47
49514,-169.49,0.8,0.47
49545,-169.35,0.8,0.47
49576,-169.21,0.8,0.47
49607,-169.27,0.8,0.47
49638,-169.38,0.8,0.47
49671,-169.36,0.8,0.47
49702,-169.27,0.8,0.47
49734,-169.26,0.8,0.47
49765,-169.4,-0.8,0.47
49796,-169.23,-0.8,0.47
49827,-165.3,-0.8,0.44
49859,-163.3,-0.8,0.44
49890,-165.28,-0.8,0.44
49923,-167.59,-0.8,0.45
49954,-167.15,-0.8,0.45
49985,-164.18,-0.8,0.44
50017,-164.9,-0.8,0.44
50048,-167.1,-0.8,0.45
50079,-166.92,-0.8,0.45
50112,-165.24,-0.8,0.44
50143,-164.91,-0.8,0.44
50175,-165.94,-0.8,0.44
50206,-166.66,-0.8,0.45
50237,-165.77,-0.8,0.44
50268,-165.05,-0.8,0.44
50299,-165.82,-0.8,0.44
50332,-166.53,-0.8,0.45
50364,-166.12,-0.8,0.44
50395,-165.4,-0.8,0.44
50427,-165.7,-0.8,0.44
50458,-166.23,-0.8,0.44
50489,-166.12,-0.8,0.44
50520,-165.52,-0.8,0.44
50551,-165.56,-0.8,0.44
50584,-166.08,-0.8,0.44
50616,-166.09,-0.8,0.44
50647,-165.7,-0.8,0.44
50678,-165.66,-0.8,0.44
50709,-165.96,-0.8,0.44
50741,-165.99,-0.8,0.44
50773,-165.7,-0.8,0.44
50804,-165.65,-0.8,0.44
50836,-165.94,-0.8,0.44
50868,-165.89,-0.8,0.44
50899,-165.68,-0.8,0.44
50930,-165.74,-0.8,0.44
50961,-165.9,-0.8,0.44
50992,-165.9,-0.8,0.44
51025,-165.74,-0.8,0.44
51056,-165.74,-0.8,0.44
51088,-165.91,-0.8,0.44
51119,-165.83,-0.8,0.44
51150,-165.72,-0.8,0.44
51181,-165.82,-0.8,0.44
51214,-165.88,-0.8,0.44
51245,-165.83,-0.8,0.44
51277,-165.79,-0.8,0.44
51309,-165.81,-0.8,0.44
51340,-165.88,-0.8,0.44
51371,-165.8,-0.8,0.44
51402,-165.78,-0.8,0.44
51435,-165.86,-0.8,0.44
51467,-165.86,0.85,0.44
51498,-165.79,0.85,0.44
51530,-169.07,0.85,0.47
51561,-172.73,0.85,0.48
51592,-170.36,0.85,0.47
51623,-168.06,0.85,0.47
51654,-168.87,0.85,0.47
51686,-171.46,0.85,0.47
51719,-171.72,0.85,0.48
51750,-169.57,0.85,0.47
51781,-169,0.85,0.47
51812,-170.44,0.85,0.47
51843,-171.16,0.85,0.47
51875,-170.42,0.85,0.47
51907,-169.27,0.85,0.47
51939,-169.51,0.85,0.47
51971,-170.61,0.85,0.47
52002,-170.57,0.85,0.47
52033,-169.77,0.85,0.47
52064,-169.59,0.85,0.47
52095,-170.1,0.85,0.47
52127,-170.53,0.85,0.47
52159,-170.39,0.85,0.47
52191,-169.86,0.85,0.47
52222,-169.92,0.85,0.47
52253,-170.23,0.85,0.47
52284,-170.24,0.85,0.47
52316,-170.05,0.85,0.47
52347,-169.87,0.85,0.47
52380,-170.02,0.85,0.47
52412,-170.23,0.85,0.47
52443,-170.1,0.85,0.47
52474,-169.94,0.85,0.47
52505,-170.02,0.85,0.47
52537,-170.11,0.85,0.47
52570,-170.11,0.85,0.47
52601,-170.03,-0.85,0.47
52633,-169.97,-0.85,0.47
52664,-165.26,-0.85,0.44
52695,-163.8,-0.85,0.44
52726,-166.06,-0.85,0.44
52757,-168.24,-0.85,0.45
52790,-167.42,-0.85,0.45
52822,-164.94,-0.85,0.44
52853,-164.94,-0.85,0.44
52884,-167.65,-0.85,0.44
52915,-167.14,-0.85,0.45
52947,-165.56,-0.85,0.44
52979,-165.48,-0.85,0.44
53010,-166.56,-0.85,0.44
53042,-167.19,-0.85,0.44
53074,-166.46,-0.85,0.44
53105,-165.57,-0.85,0.44
53136,-166.46,-0.85,0.44
53167,-166.97,-0.85,0.44
53198,-166.47,-0.85,0.44
53231,-165.87,-0.85,0.44
53262,-166.08,-0.85,0.44
53294,-166.64,-0.85,0.44
53326,-166.51,-0.85,0.44
53357,-165.97,-0.85,0.44
53388,-166.12,-0.85,0.44
53420,-166.59,-0.85,0.44
53451,-166.54,-0.85,0.44
53483,-166.17,-0.85,0.44
53515,-166.1,-0.85,0.44
53546,-166.48,-0.85,0.44
53577,-166.48,-0.85,0.44
53608,-166.17,-0.85,0.44
53640,-166.16,-0.85,0.44
53673,-166.44,-0.85,0.44
53704,-166.44,-0.85,0.44
53736,-166.21,-0.85,0.44
53767,-166.24,-0.85,0.44
53798,-166.41,-0.85,0.44
53829,-166.35,-0.85,0.44
53860,-166.17,-0.85,0.44
53892,-166.23,-0.85,0.44
53925,-166.39,-0.85,0.44
53956,-166.28,-0.85,0.44
53987,-166.14,-0.85,0.44
54018,-166.23,-0.85,0.44
54049,-166.27,-0.85,0.44
54081,-166.17,-0.85,0.44
54113,-166.1,-0.85,0.44
54145,-166.18,-0.85,0.44
54177,-166.22,0.9,0.44
54208,-166.23,0.9,0.44
54239,-170.28,0.9,0.47
54270,-172.72,0.9,0.48
54302,-170.92,0.9,0.48
54334,-168.2,0.9,0.47
54365,-168.11,0.9,0.47
54398,-170.63,0.9,0.47
54429,-171.42,0.9,0.48
54460,-169.21,0.9,0.47
54491,-168.51,0.9,0.47
54523,-169.82,0.9,0.47
54554,-170.89,0.9,0.48
54587,-170.51,0.9,0.47
54618,-169.31,0.9,0.47
54649,-169.36,0.9,0.47
54681,-170.42,0.9,0.47
54712,-170.54,0.9,0.47
54744,-169.78,0.9,0.47
54776,-169.34,0.9,0.47
54807,-169.71,0.9,0.47
54839,-170.23,0.9,0.47
54870,-170.15,0.9,0.47
54901,-169.62,0.9,0.47
54932,-169.6,0.9,0.47
54963,-169.99,0.9,0.47
54996,-170.13,0.9,0.47
55028,-169.95,0.9,0.47
55060,-169.68,0.9,0.47
55091,-169.79,0.9,0.47
55122,-169.97,0.9,0.47
55153,-169.89,0.9,0.47
55184,-169.68,0.9,0.47
55215,-169.66,0.9,0.47
55247,-169.79,0.9,0.47
55280,-169.79,0.9,0.47
55311,-169.68,0.9,0.47
55342,-169.69,0.9,0.47
55373,-169.74,0.9,0.47
55404,-169.7,0.9,0.47
55437,-169.63,0.9,0.47
55468,-169.64,0.9,0.47
55500,-169.68,0.9,0.47
55542,-169.62,0.9,0.47
55573,-169.61,0.9,0.47
55604,-169.63,0.9,0.47
55636,-169.63,0.9,0.47
55668,-169.59,-0.9,0.47
55701,-169.51,-0.9,0.47
55732,-165.63,-0.9,0.44
55763,-163.54,-0.9,0.44
55794,-166.13,-0.9,0.44
55825,-168.08,-0.9,0.44
55857,-166.78,-0.9,0.44
55889,-164.35,-0.9,0.44
55920,-164.79,-0.9,0.44
55952,-167.12,-0.9,0.44
55983,-166.72,-0.9,0.44
56015,-165.12,-0.9,0.44
56046,-165.19,-0.9,0.44
56078,-166.37,-0.9,0.44
56109,-166.95,-0.9,0.44
56141,-166.06,-0.9,0.44
56173,-165.19,-0.9,0.44
56204,-166.18,-0.9,0.44
56235,-166.67,-0.9,0.44
56266,-166.16,-0.9,0.44
56298,-165.54,-0.9,0.44
56330,-165.75,-0.9,0.44
56361,-166.31,-0.9,0.44
56393,-166.34,-0.9,0.44
56425,-165.7,-0.9,0.44
56456,-165.79,-0.9,0.44
56487,-166.21,-0.9,0.44
56518,-166.25,-0.9,0.44
56550,-165.88,-0.9,0.44
56582,-165.73,-0.9,0.44
56613,-166.01,-0.9,0.44
56645,-166.15,-0.9,0.44
56676,-165.87,-0.9,0.44
56707,-165.8,-0.9,0.44
56738,-165.96,-0.9,0.44
56770,-166.04,-0.9,0.44
56803,-165.91,-0.9,0.44
56835,-165.8,-0.9,0.44
56866,-165.98,-0.9,0.44
56897,-166,-0.9,0.44
56928,-165.84,-0.9,0.44
56959,-165.82,-0.9,0.44
56991,-165.95,-0.9,0.44
57023,-165.97,-0.9,0.44
57055,-165.84,-0.9,0.44
57086,-165.84,-0.9,0.44
57117,-165.91,-0.9,0.44
57148,-165.9,0.95,0.44
57180,-165.97,0.95,0.44
57211,-170.1,0.95,0.47
57243,-172.53,0.95,0.48
57274,-170.76,0.95,0.48
57307,-168.05,0.95,0.47
57338,-168.6,0.95,0.47
57369,-171.21,0.95,0.48
57400,-171.27,0.95,0.48
57439,-168.51,0.95,0.47
57471,-168.7,0.95,0.47
57503,-170.14,0.95,0.47
57535,-170.77,0.95,0.48
57567,-169.98,0.95,0.47
57598,-168.81,0.95,0.47
57629,-169.59,0.95,0.47
57660,-170.47,0.95,0.48
57691,-170.17,0.95,0.48
57722,-169.38,0.95,0.47
57755,-169.22,0.95,0.47
57787,-169.77,0.95,0.47
57818,-170.22,0.95,0.48
57850,-169.8,0.95,0.47
57881,-169.35,-0.95,0.47
57912,-169.52,-0.95,0.47
57944,-166.05,-0.95,0.44
57975,-163.32,-0.95,0.44
58008,-164.78,-0.95,0.44
58039,-167.95,-0.95,0.44
58070,-167.05,-0.95,0.44
58101,-164.53,-0.95,0.44
58132,-164.51,-0.95,0.44
58164,-166.82,-0.95,0.44
58196,-167.33,-0.95,0.44
58227,-165.74,-0.95,0.44
58259,-164.92,-0.95,0.44
58290,-166.12,-0.95,0.44
58321,-166.92,-0.95,0.44
58353,-166.24,-0.95,0.44
58385,-165.24,-0.95,0.44
58416,-165.6,-0.95,0.44
58448,-166.5,-0.95,0.44
58480,-166.5,-0.95,0.44
58511,-165.64,-0.95,0.44
58542,-165.6,-0.95,0.44
58573,-166.18,-0.95,0.44
58604,-166.41,-0.95,0.44
58635,-165.98,-0.95,0.44
58666,-165.61,-0.95,0.44
58699,-165.9,-0.95,0.44
58730,-166.23,-0.95,0.44
58761,-165.99,-0.95,0.44
58792,-165.69,-0.95,0.44
58824,-165.82,-0.95,0.44
58855,-166.08,-0.95,0.44
58886,-166.03,-0.95,0.44
58917,-165.78,-0.95,0.44
58949,-165.77,-0.95,0.44
58980,-165.98,-0.95,0.44
59012,-165.96,-0.95,0.44
59043,-165.78,-0.95,0.44
59074,-165.8,-0.95,0.44
59105,-165.95,-0.95,0.44
59138,-165.94,-0.95,0.44
59169,-165.83,-0.95,0.44
59202,-165.84,-0.95,0.44
59233,-165.96,-0.95,0.44
59264,-165.88,-0.95,0.44
59295,-165.8,-0.95,0.44
59326,-165.88,-0.95,0.44
59358,-165.94,-0.95,0.44
59391,-165.87,-0.95,0.44
59423,-165.83,-0.95,0.44
59454,-165.89,-0.95,0.44
59485,-165.9,-0.95,0.44
59516,-165.86,-0.95,0.44
59548,-165.85,-0.95,0.44
59579,-165.91,-0.95,0.44
59611,-165.92,-0.95,0.44
59643,-165.86,-0.95,0.44
59674,-165.88,1,0.44
59705,-166.45,1,0.44
59736,-171.19,1,0.48
59768,-172.73,1,0.48
59800,-170.37,1,0.48
59844,-167.68,1,0.47
59875,-170.31,1,0.47
59906,-171.97,1,0.48
59937,-170.27,1,0.48
59968,-168.49,1,0.47
60001,-169.2,1,0.47
60032,-170.65,1,0.48
60064,-170.91,1,0.48
60095,-169.46,1,0.48
60127,-169.06,1,0.47
60158,-170.07,1,0.47
60189,-170.74,1,0.48
60221,-170.18,1,0.48
60253,-169.46,1,0.47
60285,-169.54,1,0.47
60316,-170.32,1,0.48
60347,-170.39,1,0.48
60378,-169.85,1,0.48
60409,-169.54,1,0.47
60442,-169.91,1,0.47
60473,-170.26,1,0.48
60505,-170.2,1,0.48
60536,-169.87,1,0.47
60567,-169.71,1,0.47
60598,-169.95,1,0.47
60630,-170.06,1,0.48
60661,-169.95,1,0.48
60693,-169.78,1,0.47
60724,-169.8,1,0.47
60756,-169.93,1,0.47
60787,-169.91,1,0.47
60819,-169.8,1,0.47
60850,-169.78,1,0.47
60881,-169.87,1,0.47
60913,-169.89,-1,0.47
60945,-169.81,-1,0.47
60977,-165.95,-1,0.44
61008,-162.9,-1,0.43
61039,-165.58,-1,0.44
61070,-168.13,-1,0.44
61102,-167.08,-1,0.44
61133,-164.27,-1,0.44
61165,-164.15,-1,0.44
61197,-166.71,-1,0.44
61228,-166.99,-1,0.44
61260,-165.14,-1,0.44
61291,-164.73,-1,0.44
61322,-165.89,-1,0.44
61354,-166.93,-1,0.44
61385,-166.29,-1,0.44
61418,-165.11,-1,0.44
61449,-165.65,-1,0.44
61480,-166.55,-1,0.44
61511,-166.35,-1,0.44
61543,-165.59,-1,0.44
61574,-165.33,-1,0.44
61606,-165.93,-1,0.44
61638,-166.39,-1,0.44
61670,-166.07,-1,0.44
61701,-165.44,-1,0.44
61732,-165.76,-1,0.44
61763,-166.18,-1,0.44
61794,-166.06,-1,0.44
61825,-165.66,-1,0.44
61858,-165.55,-1,0.44
61889,-165.89,-1,0.44
61920,-166.08,-1,0.44
61951,-165.75,-1,0.44
61983,-165.58,-1,0.44
62014,-165.8,-1,0.44
62045,-165.99,-1,0.44
62076,-165.87,-1,0.44
62108,-165.68,-1,0.44
62139,-165.7,-1,0.44
62171,-165.86,-1,0.44
62202,-165.82,-1,0.44
62233,-165.7,-1,0.44
62264,-165.73,1.05,0.44
62297,-165.87,1.05,0.44
62328,-169.85,1.05,0.48
62360,-172.99,1.05,0.48
62392,-171.49,1.05,0.48
62423,-167.99,1.05,0.47
62454,-168.66,1.05,0.47
62485,-171.4,1.05,0.48
62517,-171.84,1.05,0.48
62550,-169.56,1.05,0.47
62582,-168.62,1.05,0.47
62613,-170.45,1.05,0.48
62644,-171.2,1.05,0.48
62675,-170.4,1.05,0.48
62707,-169.27,1.05,0.47
62739,-169.53,1.05,0.47
62772,-170.65,1.05,0.48
62803,-170.54,1.05,0.48
62834,-169.74,1.05,0.48
62865,-169.64,1.05,0.47
62897,-170.19,1.05,0.48
62928,-170.6,1.05,0.48
62960,-170.33,1.05,0.48
62991,-169.88,1.05,0.47
63023,-169.94,1.05,0.48
63054,-170.42,1.05,0.48
63085,-170.3,1.05,0.48
63116,-169.98,1.05,0.48
63148,-169.86,1.05,0.48
63179,-170.1,1.05,0.48
63211,-170.24,1.05,0.48
