time_s,base_tilt_deg,angle_deg,error_deg,command_deg
0.00000,0.0000,0.0000,0.0000,0.0008
0.03125,0.0000,0.0000,0.0000,0.0004
0.06250,0.0000,-0.0024,0.0024,0.0008
0.09375,0.0000,-0.0021,0.0021,0.0013
0.12500,0.0000,-0.0013,0.0013,0.0015
0.15625,0.0000,-0.0029,0.0029,0.0030
0.18750,0.0000,-0.0045,0.0045,0.0029
0.21875,0.0000,-0.0085,0.0085,0.0036
0.25000,0.0000,-0.0087,0.0087,0.0035
0.28125,0.0000,-0.0080,0.0080,0.0034
0.31250,0.0000,-0.0071,0.0071,0.0017
0.34375,0.0000,-0.0069,0.0069,0.0018
0.37500,0.0000,-0.0025,0.0025,0.0006
0.40625,0.0000,-0.0012,0.0012,-0.0004
0.43750,0.0000,-0.0004,0.0004,-0.0001
0.46875,0.0000,0.0019,-0.0019,-0.0014
0.50000,0.0000,0.0011,-0.0011,-0.0007
0.53125,0.0000,0.0030,-0.0030,-0.0010
0.56250,0.0000,0.0024,-0.0024,0.0002
0.59375,0.0000,0.0017,-0.0017,0.0008
0.62500,0.0000,-0.0015,0.0015,0.0017
0.65625,0.0000,-0.0040,0.0040,0.0031
0.68750,0.0000,-0.0054,0.0054,0.0038
0.71875,0.0000,-0.0083,0.0083,0.0056
0.75000,0.0000,-0.0107,0.0107,0.0058
0.78125,0.0000,-0.0150,0.0150,0.0066
0.81250,0.0000,-0.0155,0.0155,0.0066
0.84375,0.0000,-0.0149,0.0149,0.0066
0.87500,0.0000,-0.0141,0.0141,0.0058
0.90625,0.0000,-0.0140,0.0140,0.0063
0.93750,0.0000,-0.0121,0.0121,0.0058
0.96875,0.0000,-0.0129,0.0129,0.0053
1.00000,6.0000,5.9864,-5.9864,0.0832
1.03125,6.0000,5.9881,-5.9881,0.1952
1.06250,6.0000,5.7576,-5.7576,0.3800
1.09375,6.0000,5.3292,-5.3292,0.6103
1.12500,6.0000,4.7723,-4.7723,0.8629
1.15625,6.0000,4.1770,-4.1770,1.1233
1.18750,6.0000,3.6028,-3.6028,1.3776
1.21875,6.0000,3.0516,-3.0516,1.6171
1.25000,6.0000,2.5169,-2.5169,1.8368
1.28125,6.0000,2.0122,-2.0122,2.0324
1.31250,6.0000,1.5559,-1.5559,2.2042
1.34375,6.0000,1.1571,-1.1571,2.3504
1.37500,6.0000,0.8096,-0.8096,2.4721
1.40625,6.0000,0.5162,-0.5162,2.5709
1.43750,6.0000,0.2858,-0.2858,2.6481
1.46875,6.0000,0.1189,-0.1189,2.7072
1.50000,6.0000,0.0039,-0.0039,2.7508
1.53125,6.0000,-0.0805,0.0805,2.7808
1.56250,6.0000,-0.1499,0.1499,2.7991
1.59375,6.0000,-0.2053,0.2053,2.8089
1.62500,6.0000,-0.2412,0.2412,2.8115
1.65625,6.0000,-0.2587,0.2587,2.8096
1.68750,6.0000,-0.2594,0.2594,2.8039
1.71875,6.0000,-0.2450,0.2450,2.7953
1.75000,6.0000,-0.2159,0.2159,2.7852
1.78125,6.0000,-0.1763,0.1763,2.7734
1.81250,6.0000,-0.1387,0.1387,2.7627
1.84375,6.0000,-0.1111,0.1111,2.7508
1.87500,6.0000,-0.0992,0.0992,2.7420
1.90625,6.0000,-0.0910,0.0910,2.7335
1.93750,6.0000,-0.0843,0.0843,2.7269
1.96875,6.0000,-0.0723,0.0723,2.7224
2.00000,6.0000,-0.0532,0.0532,2.7173
2.03125,6.0000,-0.0320,0.0320,2.7144
2.06250,6.0000,-0.0086,0.0086,2.7114
2.09375,6.0000,0.0055,-0.0055,2.7087
2.12500,6.0000,0.0067,-0.0067,2.7063
2.15625,6.0000,-0.0010,0.0010,2.7044
2.18750,6.0000,-0.0104,0.0104,2.7035
2.21875,6.0000,-0.0159,0.0159,2.7019
2.25000,6.0000,-0.0153,0.0153,2.7008
2.28125,6.0000,-0.0038,0.0038,2.6989
2.31250,6.0000,0.0142,-0.0142,2.6973
2.34375,6.0000,0.0320,-0.0320,2.6958
2.37500,6.0000,0.0402,-0.0402,2.6956
2.40625,6.0000,0.0358,-0.0358,2.6961
2.43750,6.0000,0.0203,-0.0203,2.6968
2.46875,6.0000,0.0026,-0.0026,2.6979
2.50000,6.0000,-0.0067,0.0067,2.6985
2.53125,6.0000,-0.0044,0.0044,2.6973
2.56250,6.0000,0.0070,-0.0070,2.6960
2.59375,6.0000,0.0257,-0.0257,2.6943
2.62500,6.0000,0.0413,-0.0413,2.6918
2.65625,6.0000,0.0458,-0.0458,2.6904
2.68750,6.0000,0.0411,-0.0411,2.6889
2.71875,6.0000,0.0296,-0.0296,2.6880
2.75000,6.0000,0.0195,-0.0195,2.6874
2.78125,6.0000,0.0172,-0.0172,2.6862
2.81250,6.0000,0.0245,-0.0245,2.6865
2.84375,6.0000,0.0407,-0.0407,2.6859
2.87500,6.0000,0.0540,-0.0540,2.6861
2.90625,6.0000,0.0603,-0.0603,2.6879
2.93750,6.0000,0.0566,-0.0566,2.6895
2.96875,6.0000,0.0400,-0.0400,2.6906
3.00000,6.0000,0.0197,-0.0197,2.6928
3.03125,6.0000,0.0080,-0.0080,2.6944
3.06250,6.0000,0.0050,-0.0050,2.6957
3.09375,6.0000,0.0100,-0.0100,2.6963
3.12500,6.0000,0.0202,-0.0202,2.6960
3.15625,6.0000,0.0315,-0.0315,2.6963
3.18750,6.0000,0.0383,-0.0383,2.6966
3.21875,6.0000,0.0330,-0.0330,2.6963
3.25000,6.0000,0.0174,-0.0174,2.6969
3.28125,6.0000,0.0035,-0.0035,2.6967
3.31250,6.0000,-0.0031,0.0031,2.6965
3.34375,6.0000,0.0011,-0.0011,2.6965
3.37500,6.0000,0.0130,-0.0130,2.6964
3.40625,6.0000,0.0261,-0.0261,2.6972
3.43750,6.0000,0.0346,-0.0346,2.6984
3.46875,6.0000,0.0326,-0.0326,2.7003
3.50000,6.0000,0.0200,-0.0200,2.7027
3.53125,6.0000,0.0013,-0.0013,2.7046
3.56250,6.0000,-0.0163,0.0163,2.7056
3.59375,6.0000,-0.0240,0.0240,2.7072
3.62500,6.0000,-0.0178,0.0178,2.7075
3.65625,6.0000,-0.0070,0.0070,2.7082
3.68750,6.0000,0.0037,-0.0037,2.7079
3.71875,6.0000,0.0082,-0.0082,2.7070
3.75000,6.0000,0.0067,-0.0067,2.7069
3.78125,6.0000,0.0007,-0.0007,2.7061
3.81250,6.0000,-0.0110,0.0110,2.7070
3.84375,6.0000,-0.0202,0.0202,2.7082
3.87500,6.0000,-0.0242,0.0242,2.7101
3.90625,6.0000,-0.0208,0.0208,2.7101
3.93750,6.0000,-0.0135,0.0135,2.7102
3.96875,6.0000,-0.0013,0.0013,2.7093
4.00000,6.0000,0.0066,-0.0066,2.7082
4.03125,6.0000,0.0048,-0.0048,2.7091
4.06250,6.0000,-0.0050,0.0050,2.7094
4.09375,6.0000,-0.0217,0.0217,2.7098
4.12500,6.0000,-0.0323,0.0323,2.7094
4.15625,6.0000,-0.0298,0.0298,2.7088
4.18750,6.0000,-0.0158,0.0158,2.7087
4.21875,6.0000,0.0002,-0.0002,2.7076
4.25000,6.0000,0.0080,-0.0080,2.7068
4.28125,6.0000,0.0090,-0.0090,2.7060
4.31250,6.0000,0.0046,-0.0046,2.7049
4.34375,6.0000,-0.0040,0.0040,2.7042
4.37500,6.0000,-0.0123,0.0123,2.7037
4.40625,6.0000,-0.0157,0.0157,2.7034
4.43750,6.0000,-0.0111,0.0111,2.7041
4.46875,6.0000,0.0003,-0.0003,2.7035
4.50000,6.0000,0.0105,-0.0105,2.7038
4.53125,6.0000,0.0178,-0.0178,2.7035
4.56250,6.0000,0.0164,-0.0164,2.7025
4.59375,6.0000,0.0078,-0.0078,2.7020
4.62500,6.0000,-0.0012,0.0012,2.7011
4.65625,6.0000,-0.0077,0.0077,2.7014
4.68750,6.0000,-0.0076,0.0076,2.7014
4.71875,6.0000,-0.0026,0.0026,2.7011
4.75000,6.0000,0.0070,-0.0070,2.7011
4.78125,6.0000,0.0187,-0.0187,2.7014
4.81250,6.0000,0.0246,-0.0246,2.7014
4.84375,6.0000,0.0194,-0.0194,2.7011
4.87500,6.0000,0.0074,-0.0074,2.7011
4.90625,6.0000,-0.0030,0.0030,2.6998
4.93750,6.0000,-0.0078,0.0078,2.6999
4.96875,6.0000,-0.0023,0.0023,2.7001
5.00000,6.0000,0.0064,-0.0064,2.7006
5.03125,6.0000,0.0142,-0.0142,2.6998
5.06250,6.0000,0.0195,-0.0195,2.6996
5.09375,6.0000,0.0243,-0.0243,2.6984
5.12500,6.0000,0.0223,-0.0223,2.6977
5.15625,6.0000,0.0144,-0.0144,2.6980
5.18750,6.0000,0.0051,-0.0051,2.6989
5.21875,6.0000,-0.0018,0.0018,2.6990
5.25000,6.0000,-0.0024,0.0024,2.7006
5.28125,6.0000,0.0070,-0.0070,2.7009
5.31250,6.0000,0.0159,-0.0159,2.7016
5.34375,6.0000,0.0208,-0.0208,2.7021
5.37500,6.0000,0.0185,-0.0185,2.7040
5.40625,6.0000,0.0099,-0.0099,2.7058
5.43750,6.0000,-0.0058,0.0058,2.7086
5.46875,6.0000,-0.0206,0.0206,2.7108
5.50000,6.0000,-0.0298,0.0298,2.7119
5.53125,6.0000,-0.0289,0.0289,2.7128
5.56250,6.0000,-0.0185,0.0185,2.7120
5.59375,6.0000,-0.0077,0.0077,2.7116
5.62500,6.0000,-0.0006,0.0006,2.7100
5.65625,6.0000,-0.0024,0.0024,2.7092
5.68750,6.0000,-0.0084,0.0084,2.7073
5.71875,6.0000,-0.0162,0.0162,2.7062
5.75000,6.0000,-0.0185,0.0185,2.7050
5.78125,6.0000,-0.0150,0.0150,2.7051
5.81250,6.0000,-0.0060,0.0060,2.7050
5.84375,6.0000,0.0028,-0.0028,2.7054
5.87500,6.0000,0.0097,-0.0097,2.7057
5.90625,6.0000,0.0108,-0.0108,2.7051
5.93750,6.0000,0.0055,-0.0055,2.7048
5.96875,6.0000,-0.0018,0.0018,2.7041
6.00000,6.0000,-0.0092,0.0092,2.7037
6.03125,6.0000,-0.0125,0.0125,2.7034
6.06250,6.0000,-0.0094,0.0094,2.7032
6.09375,6.0000,-0.0008,0.0008,2.7023
6.12500,6.0000,0.0092,-0.0092,2.7010
6.15625,6.0000,0.0183,-0.0183,2.6999
6.18750,6.0000,0.0227,-0.0227,2.6978
6.21875,6.0000,0.0194,-0.0194,2.6982
6.25000,6.0000,0.0140,-0.0140,2.6968
6.28125,6.0000,0.0039,-0.0039,2.6972
6.31250,6.0000,0.0017,-0.0017,2.6960
6.34375,6.0000,0.0067,-0.0067,2.6955
6.37500,6.0000,0.0192,-0.0192,2.6938
6.40625,6.0000,0.0311,-0.0311,2.6928
6.43750,6.0000,0.0394,-0.0394,2.6909
6.46875,6.0000,0.0394,-0.0394,2.6890
6.50000,6.0000,0.0353,-0.0353,2.6882
6.53125,6.0000,0.0312,-0.0312,2.6870
6.56250,6.0000,0.0264,-0.0264,2.6876
6.59375,6.0000,0.0264,-0.0264,2.6878
6.62500,6.0000,0.0297,-0.0297,2.6885
6.65625,6.0000,0.0371,-0.0371,2.6898
6.68750,6.0000,0.0443,-0.0443,2.6904
6.71875,6.0000,0.0444,-0.0444,2.6922
6.75000,6.0000,0.0380,-0.0380,2.6931
6.78125,6.0000,0.0251,-0.0251,2.6943
6.81250,6.0000,0.0134,-0.0134,2.6958
6.84375,6.0000,0.0073,-0.0073,2.6967
6.87500,6.0000,0.0062,-0.0062,2.6969
6.90625,6.0000,0.0109,-0.0109,2.6972
6.93750,6.0000,0.0206,-0.0206,2.6969
6.96875,6.0000,0.0280,-0.0280,2.6975
7.00000,6.0000,0.0296,-0.0296,2.6969
7.03125,6.0000,0.0217,-0.0217,2.6981
7.06250,6.0000,0.0127,-0.0127,2.6989
7.09375,6.0000,0.0032,-0.0032,2.6998
7.12500,6.0000,-0.0027,0.0027,2.7001
7.15625,6.0000,-0.0016,0.0016,2.7005
7.18750,6.0000,0.0072,-0.0072,2.7002
7.21875,6.0000,0.0169,-0.0169,2.7000
7.25000,6.0000,0.0226,-0.0226,2.6990
7.28125,6.0000,0.0212,-0.0212,2.6986
7.31250,6.0000,0.0161,-0.0161,2.6978
7.34375,6.0000,0.0091,-0.0091,2.6964
7.37500,6.0000,0.0044,-0.0044,2.6957
7.40625,6.0000,0.0072,-0.0072,2.6947
7.43750,6.0000,0.0148,-0.0148,2.6941
7.46875,6.0000,0.0248,-0.0248,2.6929
7.50000,6.0000,0.0332,-0.0332,2.6923
7.53125,6.0000,0.0387,-0.0387,2.6914
7.56250,6.0000,0.0375,-0.0375,2.6916
7.59375,6.0000,0.0312,-0.0312,2.6924
7.62500,6.0000,0.0212,-0.0212,2.6933
7.65625,6.0000,0.0124,-0.0124,2.6944
7.68750,6.0000,0.0107,-0.0107,2.6959
7.71875,6.0000,0.0160,-0.0160,2.6959
7.75000,6.0000,0.0218,-0.0218,2.6966
7.78125,6.0000,0.0281,-0.0281,2.6965
7.81250,6.0000,0.0288,-0.0288,2.6972
7.84375,6.0000,0.0240,-0.0240,2.6984
7.87500,6.0000,0.0135,-0.0135,2.7003
7.90625,6.0000,0.0016,-0.0016,2.7019
7.93750,6.0000,-0.0072,0.0072,2.7043
7.96875,6.0000,-0.0079,0.0079,2.7040
8.00000,6.0000,-0.0046,0.0046,2.7039
8.03125,6.0000,0.0058,-0.0058,2.7029
8.06250,6.0000,0.0150,-0.0150,2.7017
8.09375,6.0000,0.0173,-0.0173,2.7009
8.12500,6.0000,0.0124,-0.0124,2.7013
8.15625,6.0000,0.0041,-0.0041,2.7013
8.18750,6.0000,-0.0046,0.0046,2.7019
8.21875,6.0000,-0.0070,0.0070,2.7006
8.25000,6.0000,-0.0028,0.0028,2.7001
8.28125,6.0000,0.0102,-0.0102,2.6996
8.31250,6.0000,0.0218,-0.0218,2.6999
8.34375,6.0000,0.0249,-0.0249,2.7004
8.37500,6.0000,0.0181,-0.0181,2.7030
8.40625,6.0000,0.0071,-0.0071,2.7051
8.43750,6.0000,-0.0076,0.0076,2.7073
8.46875,6.0000,-0.0189,0.0189,2.7093
8.50000,6.0000,-0.0223,0.0223,2.7106
8.53125,6.0000,-0.0187,0.0187,2.7106
8.56250,6.0000,-0.0114,0.0114,2.7116
8.59375,6.0000,-0.0032,0.0032,2.7106
8.62500,6.0000,-0.0035,0.0035,2.7100
8.65625,6.0000,-0.0076,0.0076,2.7083
8.68750,6.0000,-0.0129,0.0129,2.7069
8.71875,6.0000,-0.0151,0.0151,2.7046
8.75000,6.0000,-0.0140,0.0140,2.7042
8.78125,6.0000,-0.0064,0.0064,2.7024
8.81250,6.0000,0.0013,-0.0013,2.7011
8.84375,6.0000,0.0116,-0.0116,2.6999
8.87500,6.0000,0.0207,-0.0207,2.6986
8.90625,6.0000,0.0235,-0.0235,2.6978
8.93750,6.0000,0.0194,-0.0194,2.6981
8.96875,6.0000,0.0117,-0.0117,2.6981
9.00000,6.0000,0.0033,-0.0033,2.6978
9.03125,6.0000,0.0007,-0.0007,2.6986
9.06250,6.0000,0.0071,-0.0071,2.6984
9.09375,6.0000,0.0145,-0.0145,2.6989
9.12500,6.0000,0.0209,-0.0209,2.6991
9.15625,6.0000,0.0228,-0.0228,2.6985
9.18750,6.0000,0.0194,-0.0194,2.6991
9.21875,6.0000,0.0147,-0.0147,2.6979
9.25000,6.0000,0.0066,-0.0066,2.6987
9.28125,6.0000,0.0035,-0.0035,2.6993
9.31250,6.0000,0.0027,-0.0027,2.7001
9.34375,6.0000,0.0050,-0.0050,2.7019
9.37500,6.0000,0.0102,-0.0102,2.7038
9.40625,6.0000,0.0123,-0.0123,2.7061
9.43750,6.0000,0.0085,-0.0085,2.7088
9.46875,6.0000,-0.0018,0.0018,2.7109
9.50000,6.0000,-0.0160,0.0160,2.7128
9.53125,6.0000,-0.0273,0.0273,2.7140
9.56250,6.0000,-0.0327,0.0327,2.7156
9.59375,6.0000,-0.0314,0.0314,2.7156
9.62500,6.0000,-0.0282,0.0282,2.7155
9.65625,6.0000,-0.0214,0.0214,2.7151
9.68750,6.0000,-0.0144,0.0144,2.7143
9.71875,6.0000,-0.0124,0.0124,2.7137
9.75000,6.0000,-0.0161,0.0161,2.7134
9.78125,6.0000,-0.0232,0.0232,2.7115
9.81250,6.0000,-0.0292,0.0292,2.7099
9.84375,6.0000,-0.0253,0.0253,2.7071
9.87500,6.0000,-0.0141,0.0141,2.7049
9.90625,6.0000,0.0005,-0.0005,2.7038
9.93750,6.0000,0.0113,-0.0113,2.7029
9.96875,6.0000,0.0135,-0.0135,2.7038
10.00000,6.0000,0.0101,-0.0101,2.7049
10.03125,6.0000,0.0012,-0.0012,2.7052
10.06250,6.0000,-0.0096,0.0096,2.7061
10.09375,6.0000,-0.0143,0.0143,2.7062
10.12500,6.0000,-0.0133,0.0133,2.7054
10.15625,6.0000,-0.0075,0.0075,2.7050
10.18750,6.0000,0.0023,-0.0023,2.7043
10.21875,6.0000,0.0092,-0.0092,2.7046
10.25000,6.0000,0.0109,-0.0109,2.7055
10.28125,6.0000,0.0048,-0.0048,2.7072
10.31250,6.0000,-0.0062,0.0062,2.7095
10.34375,6.0000,-0.0179,0.0179,2.7114
10.37500,6.0000,-0.0262,0.0262,2.7131
10.40625,6.0000,-0.0273,0.0273,2.7142
10.43750,6.0000,-0.0231,0.0231,2.7141
10.46875,6.0000,-0.0174,0.0174,2.7125
10.50000,6.0000,-0.0121,0.0121,2.7121
10.53125,6.0000,-0.0070,0.0070,2.7098
10.56250,6.0000,-0.0100,0.0100,2.7082
10.59375,6.0000,-0.0138,0.0138,2.7069
10.62500,6.0000,-0.0148,0.0148,2.7062
10.65625,6.0000,-0.0124,0.0124,2.7049
10.68750,6.0000,-0.0083,0.0083,2.7047
10.71875,6.0000,0.0003,-0.0003,2.7049
10.75000,6.0000,0.0076,-0.0076,2.7048
10.78125,6.0000,0.0087,-0.0087,2.7061
10.81250,6.0000,0.0051,-0.0051,2.7060
10.84375,6.0000,-0.0045,0.0045,2.7066
10.87500,6.0000,-0.0113,0.0113,2.7065
10.90625,6.0000,-0.0145,0.0145,2.7064
10.93750,6.0000,-0.0127,0.0127,2.7071
10.96875,6.0000,-0.0074,0.0074,2.7066
11.00000,6.0000,-0.0035,0.0035,2.7078
11.03125,6.0000,0.0016,-0.0016,2.7071
11.06250,6.0000,0.0008,-0.0008,2.7073
11.09375,6.0000,-0.0014,0.0014,2.7077
11.12500,6.0000,-0.0067,0.0067,2.7087
11.15625,6.0000,-0.0143,0.0143,2.7096
11.18750,6.0000,-0.0209,0.0209,2.7108
11.21875,6.0000,-0.0220,0.0220,2.7107
11.25000,6.0000,-0.0180,0.0180,2.7100
11.28125,6.0000,-0.0097,0.0097,2.7083
11.31250,6.0000,-0.0017,0.0017,2.7061
11.34375,6.0000,0.0030,-0.0030,2.7043
11.37500,6.0000,0.0040,-0.0040,2.7018
11.40625,6.0000,0.0013,-0.0013,2.7003
11.43750,6.0000,0.0009,-0.0009,2.6989
11.46875,6.0000,0.0030,-0.0030,2.6980
11.50000,6.0000,0.0085,-0.0085,2.6965
11.53125,6.0000,0.0159,-0.0159,2.6942
11.56250,6.0000,0.0249,-0.0249,2.6924
11.59375,6.0000,0.0350,-0.0350,2.6903
11.62500,6.0000,0.0391,-0.0391,2.6897
11.65625,6.0000,0.0372,-0.0372,2.6883
11.68750,6.0000,0.0295,-0.0295,2.6882
11.71875,6.0000,0.0262,-0.0262,2.6884
11.75000,6.0000,0.0280,-0.0280,2.6891
11.78125,6.0000,0.0319,-0.0319,2.6908
11.81250,6.0000,0.0347,-0.0347,2.6931
11.84375,6.0000,0.0339,-0.0339,2.6966
11.87500,6.0000,0.0287,-0.0287,2.6990
11.90625,6.0000,0.0171,-0.0171,2.7016
11.93750,6.0000,0.0055,-0.0055,2.7041
11.96875,6.0000,-0.0041,0.0041,2.7055
12.00000,6.0000,-0.0114,0.0114,2.7070
12.03125,6.0000,-0.0129,0.0129,2.7079
12.06250,6.0000,-0.0100,0.0100,2.7077
12.09375,6.0000,-0.0053,0.0053,2.7077
12.12500,6.0000,0.0003,-0.0003,2.7063
12.15625,6.0000,0.0017,-0.0017,2.7048
12.18750,6.0000,0.0010,-0.0010,2.7035
12.21875,6.0000,-0.0003,0.0003,2.7029
12.25000,6.0000,-0.0017,0.0017,2.7024
12.28125,6.0000,-0.0035,0.0035,2.7009
12.31250,6.0000,-0.0018,0.0018,2.7012
12.34375,6.0000,0.0077,-0.0077,2.7001
12.37500,6.0000,0.0149,-0.0149,2.6999
12.40625,6.0000,0.0188,-0.0188,2.6998
12.43750,6.0000,0.0171,-0.0171,2.6997
12.46875,6.0000,0.0117,-0.0117,2.7005
12.50000,6.0000,0.0060,-0.0060,2.7008
12.53125,6.0000,0.0003,-0.0003,2.7008
12.56250,6.0000,-0.0015,0.0015,2.7001
12.59375,6.0000,0.0031,-0.0031,2.6993
12.62500,6.0000,0.0126,-0.0126,2.6974
12.65625,6.0000,0.0208,-0.0208,2.6963
12.68750,6.0000,0.0265,-0.0265,2.6960
12.71875,6.0000,0.0261,-0.0261,2.6964
12.75000,6.0000,0.0195,-0.0195,2.6970
12.78125,6.0000,0.0106,-0.0106,2.6988
12.81250,6.0000,0.0053,-0.0053,2.6997
12.84375,6.0000,0.0029,-0.0029,2.7009
12.87500,6.0000,0.0053,-0.0053,2.7016
12.90625,6.0000,0.0096,-0.0096,2.7029
12.93750,6.0000,0.0126,-0.0126,2.7036
12.96875,6.0000,0.0097,-0.0097,2.7053
13.00000,6.0000,0.0033,-0.0033,2.7071
13.03125,6.0000,-0.0066,0.0066,2.7087
13.06250,6.0000,-0.0167,0.0167,2.7102
13.09375,6.0000,-0.0218,0.0218,2.7111
13.12500,6.0000,-0.0211,0.0211,2.7109
13.15625,6.0000,-0.0166,0.0166,2.7109
13.18750,6.0000,-0.0093,0.0093,2.7104
13.21875,6.0000,-0.0051,0.0051,2.7093
13.25000,6.0000,-0.0057,0.0057,2.7087
13.28125,6.0000,-0.0079,0.0079,2.7078
13.31250,6.0000,-0.0117,0.0117,2.7064
13.34375,6.0000,-0.0140,0.0140,2.7049
13.37500,6.0000,-0.0109,0.0109,2.7043
13.40625,6.0000,-0.0023,0.0023,2.7033
13.43750,6.0000,0.0046,-0.0046,2.7031
13.46875,6.0000,0.0096,-0.0096,2.7031
13.50000,6.0000,0.0105,-0.0105,2.7030
13.53125,6.0000,0.0077,-0.0077,2.7038
13.56250,6.0000,0.0029,-0.0029,2.7041
13.59375,6.0000,-0.0044,0.0044,2.7049
13.62500,6.0000,-0.0092,0.0092,2.7045
13.65625,6.0000,-0.0094,0.0094,2.7053
13.68750,6.0000,-0.0029,0.0029,2.7043
13.71875,6.0000,0.0023,-0.0023,2.7051
13.75000,6.0000,0.0076,-0.0076,2.7058
13.78125,6.0000,0.0059,-0.0059,2.7066
13.81250,6.0000,-0.0017,0.0017,2.7077
13.84375,6.0000,-0.0099,0.0099,2.7083
13.87500,6.0000,-0.0159,0.0159,2.7088
13.90625,6.0000,-0.0176,0.0176,2.7090
13.93750,6.0000,-0.0153,0.0153,2.7076
13.96875,6.0000,-0.0107,0.0107,2.7070
14.00000,6.0000,-0.0012,0.0012,2.7047
14.03125,6.0000,0.0051,-0.0051,2.7034
14.06250,6.0000,0.0089,-0.0089,2.7028
14.09375,6.0000,0.0073,-0.0073,2.7031
14.12500,6.0000,0.0009,-0.0009,2.7037
14.15625,6.0000,-0.0063,0.0063,2.7054
14.18750,6.0000,-0.0088,0.0088,2.7064
14.21875,6.0000,-0.0086,0.0086,2.7075
14.25000,6.0000,-0.0054,0.0054,2.7074
14.28125,6.0000,-0.0024,0.0024,2.7067
14.31250,6.0000,0.0004,-0.0004,2.7059
14.34375,6.0000,0.0018,-0.0018,2.7040
14.37500,6.0000,-0.0003,0.0003,2.7038
14.40625,6.0000,-0.0016,0.0016,2.7021
14.43750,6.0000,-0.0044,0.0044,2.7017
14.46875,6.0000,-0.0014,0.0014,2.7018
14.50000,6.0000,0.0048,-0.0048,2.7008
14.53125,6.0000,0.0094,-0.0094,2.7009
14.56250,6.0000,0.0145,-0.0145,2.7005
14.59375,6.0000,0.0156,-0.0156,2.7002
14.62500,6.0000,0.0132,-0.0132,2.7000
14.65625,6.0000,0.0086,-0.0086,2.6998
14.68750,6.0000,0.0041,-0.0041,2.6998
14.71875,6.0000,0.0024,-0.0024,2.6997
14.75000,6.0000,0.0045,-0.0045,2.6988
14.78125,6.0000,0.0096,-0.0096,2.6977
14.81250,6.0000,0.0173,-0.0173,2.6965
14.84375,6.0000,0.0246,-0.0246,2.6944
14.87500,6.0000,0.0271,-0.0271,2.6924
14.90625,6.0000,0.0273,-0.0273,2.6908
14.93750,6.0000,0.0271,-0.0271,2.6900
14.96875,6.0000,0.0270,-0.0270,2.6886
15.00000,6.0000,0.0264,-0.0264,2.6883
15.03125,6.0000,0.0310,-0.0310,2.6885
15.06250,6.0000,0.0373,-0.0373,2.6884
15.09375,6.0000,0.0410,-0.0410,2.6897
15.12500,6.0000,0.0418,-0.0418,2.6912
15.15625,6.0000,0.0364,-0.0364,2.6925
15.18750,6.0000,0.0268,-0.0268,2.6939
15.21875,6.0000,0.0184,-0.0184,2.6939
15.25000,6.0000,0.0138,-0.0138,2.6925
15.28125,6.0000,0.0161,-0.0161,2.6914
15.31250,6.0000,0.0262,-0.0262,2.6888
15.34375,6.0000,0.0361,-0.0361,2.6873
15.37500,6.0000,0.0449,-0.0449,2.6858
15.40625,6.0000,0.0482,-0.0482,2.6840
15.43750,6.0000,0.0469,-0.0469,2.6830
15.46875,6.0000,0.0456,-0.0456,2.6827
15.50000,6.0000,0.0443,-0.0443,2.6823
15.53125,6.0000,0.0423,-0.0423,2.6834
15.56250,6.0000,0.0432,-0.0432,2.6840
15.59375,6.0000,0.0442,-0.0442,2.6865
15.62500,6.0000,0.0468,-0.0468,2.6878
15.65625,6.0000,0.0435,-0.0435,2.6897
15.68750,6.0000,0.0382,-0.0382,2.6917
15.71875,6.0000,0.0313,-0.0313,2.6928
15.75000,6.0000,0.0226,-0.0226,2.6949
15.78125,6.0000,0.0166,-0.0166,2.6961
15.81250,6.0000,0.0120,-0.0120,2.6974
15.84375,6.0000,0.0115,-0.0115,2.6974
15.87500,6.0000,0.0140,-0.0140,2.6983
15.90625,6.0000,0.0197,-0.0197,2.6999
15.93750,6.0000,0.0205,-0.0205,2.7019
15.96875,6.0000,0.0126,-0.0126,2.7041
16.00000,6.0000,0.0005,-0.0005,2.7061
16.03125,6.0000,-0.0094,0.0094,2.7073
16.06250,6.0000,-0.0141,0.0141,2.7081
16.09375,6.0000,-0.0137,0.0137,2.7078
16.12500,6.0000,-0.0108,0.0108,2.7078
16.15625,6.0000,-0.0051,0.0051,2.7072
16.18750,6.0000,-0.0008,0.0008,2.7077
16.21875,6.0000,0.0007,-0.0007,2.7086
16.25000,6.0000,-0.0041,0.0041,2.7096
16.28125,6.0000,-0.0132,0.0132,2.7108
16.31250,6.0000,-0.0206,0.0206,2.7115
16.34375,6.0000,-0.0233,0.0233,2.7112
16.37500,6.0000,-0.0214,0.0214,2.7119
16.40625,6.0000,-0.0148,0.0148,2.7109
16.43750,6.0000,-0.0116,0.0116,2.7109
16.46875,6.0000,-0.0084,0.0084,2.7096
16.50000,6.0000,-0.0086,0.0086,2.7081
16.53125,6.0000,-0.0088,0.0088,2.7059
16.56250,6.0000,-0.0083,0.0083,2.7050
16.59375,6.0000,-0.0054,0.0054,2.7029
16.62500,6.0000,-0.0040,0.0040,2.7014
16.65625,6.0000,0.0015,-0.0015,2.7001
16.68750,6.0000,0.0102,-0.0102,2.6979
16.71875,6.0000,0.0175,-0.0175,2.6967
16.75000,6.0000,0.0235,-0.0235,2.6945
16.78125,6.0000,0.0245,-0.0245,2.6933
16.81250,6.0000,0.0244,-0.0244,2.6912
16.84375,6.0000,0.0232,-0.0232,2.6892
16.87500,6.0000,0.0257,-0.0257,2.6875
16.90625,6.0000,0.0322,-0.0322,2.6868
16.93750,6.0000,0.0396,-0.0396,2.6869
16.96875,6.0000,0.0436,-0.0436,2.6890
17.00000,6.0000,0.0430,-0.0430,2.6914
17.03125,6.0000,0.0355,-0.0355,2.6947
17.06250,6.0000,0.0251,-0.0251,2.6971
17.09375,6.0000,0.0138,-0.0138,2.6992
17.12500,6.0000,0.0061,-0.0061,2.7014
17.15625,6.0000,0.0027,-0.0027,2.7026
17.18750,6.0000,0.0006,-0.0006,2.7047
17.21875,6.0000,0.0011,-0.0011,2.7059
17.25000,6.0000,-0.0001,0.0001,2.7072
17.28125,6.0000,-0.0016,0.0016,2.7072
17.31250,6.0000,-0.0045,0.0045,2.7066
17.34375,6.0000,-0.0061,0.0061,2.7050
17.37500,6.0000,-0.0058,0.0058,2.7044
17.40625,6.0000,-0.0028,0.0028,2.7041
17.43750,6.0000,-0.0017,0.0017,2.7052
17.46875,6.0000,-0.0020,0.0020,2.7054
17.50000,6.0000,-0.0036,0.0036,2.7062
17.53125,6.0000,-0.0017,0.0017,2.7062
17.56250,6.0000,0.0000,-0.0000,2.7070
17.59375,6.0000,-0.0003,0.0003,2.7074
17.62500,6.0000,-0.0058,0.0058,2.7073
17.65625,6.0000,-0.0117,0.0117,2.7067
17.68750,6.0000,-0.0127,0.0127,2.7067
17.71875,6.0000,-0.0078,0.0078,2.7060
17.75000,6.0000,-0.0040,0.0040,2.7052
17.78125,6.0000,-0.0013,0.0013,2.7049
17.81250,6.0000,0.0020,-0.0020,2.7034
17.84375,6.0000,0.0038,-0.0038,2.7017
17.87500,6.0000,0.0063,-0.0063,2.6995
17.90625,6.0000,0.0087,-0.0087,2.6977
17.93750,6.0000,0.0117,-0.0117,2.6968
17.96875,6.0000,0.0143,-0.0143,2.6953
18.00000,6.0000,0.0153,-0.0153,2.6950
18.03125,6.0000,0.0198,-0.0198,2.6943
18.06250,6.0000,0.0242,-0.0242,2.6946
18.09375,6.0000,0.0274,-0.0274,2.6947
18.12500,6.0000,0.0255,-0.0255,2.6961
18.15625,6.0000,0.0214,-0.0214,2.6977
18.18750,6.0000,0.0147,-0.0147,2.6990
18.21875,6.0000,0.0077,-0.0077,2.7004
18.25000,6.0000,0.0041,-0.0041,2.7013
18.28125,6.0000,0.0039,-0.0039,2.7027
18.31250,6.0000,0.0057,-0.0057,2.7043
18.34375,6.0000,0.0053,-0.0053,2.7048
18.37500,6.0000,0.0013,-0.0013,2.7050
18.40625,6.0000,-0.0012,0.0012,2.7048
18.43750,6.0000,-0.0014,0.0014,2.7033
18.46875,6.0000,-0.0015,0.0015,2.7025
18.50000,6.0000,0.0009,-0.0009,2.7015
18.53125,6.0000,0.0032,-0.0032,2.7000
18.56250,6.0000,0.0062,-0.0062,2.6984
18.59375,6.0000,0.0122,-0.0122,2.6970
18.62500,6.0000,0.0195,-0.0195,2.6947
18.65625,6.0000,0.0237,-0.0237,2.6951
18.68750,6.0000,0.0267,-0.0267,2.6936
18.71875,6.0000,0.0219,-0.0219,2.6948
18.75000,6.0000,0.0197,-0.0197,2.6940
18.78125,6.0000,0.0168,-0.0168,2.6950
18.81250,6.0000,0.0192,-0.0192,2.6949
18.84375,6.0000,0.0206,-0.0206,2.6954
18.87500,6.0000,0.0220,-0.0220,2.6949
18.90625,6.0000,0.0224,-0.0224,2.6940
18.93750,6.0000,0.0241,-0.0241,2.6938
18.96875,6.0000,0.0266,-0.0266,2.6930
19.00000,6.0000,0.0249,-0.0249,2.6938
19.03125,6.0000,0.0223,-0.0223,2.6950
19.06250,6.0000,0.0183,-0.0183,2.6961
19.09375,6.0000,0.0149,-0.0149,2.6974
19.12500,6.0000,0.0148,-0.0148,2.6982
19.15625,6.0000,0.0159,-0.0159,2.6995
19.18750,6.0000,0.0164,-0.0164,2.7002
19.21875,6.0000,0.0126,-0.0126,2.7012
19.25000,6.0000,0.0078,-0.0078,2.7018
19.28125,6.0000,0.0033,-0.0033,2.7022
19.31250,6.0000,0.0008,-0.0008,2.7025
19.34375,6.0000,0.0005,-0.0005,2.7026
19.37500,6.0000,0.0019,-0.0019,2.7036
19.40625,6.0000,0.0042,-0.0042,2.7032
19.43750,6.0000,0.0038,-0.0038,2.7028
19.46875,6.0000,0.0049,-0.0049,2.7022
19.50000,6.0000,0.0069,-0.0069,2.7004
19.53125,6.0000,0.0073,-0.0073,2.7003
19.56250,6.0000,0.0089,-0.0089,2.6987
19.59375,6.0000,0.0075,-0.0075,2.6975
19.62500,6.0000,0.0096,-0.0096,2.6973
19.65625,6.0000,0.0157,-0.0157,2.6972
19.68750,6.0000,0.0194,-0.0194,2.6975
19.71875,6.0000,0.0190,-0.0190,2.6991
19.75000,6.0000,0.0164,-0.0164,2.6991
19.78125,6.0000,0.0107,-0.0107,2.6998
19.81250,6.0000,0.0086,-0.0086,2.6998
19.84375,6.0000,0.0076,-0.0076,2.7005
19.87500,6.0000,0.0075,-0.0075,2.7000
19.90625,6.0000,0.0057,-0.0057,2.6996
19.93750,6.0000,0.0077,-0.0077,2.6990
19.96875,6.0000,0.0131,-0.0131,2.6980
20.00000,0.0000,-5.9825,5.9825,2.6176
20.03125,0.0000,-5.9810,5.9810,2.5039
20.06250,0.0000,-5.7455,5.7455,2.3169
20.09375,0.0000,-5.3140,5.3140,2.0860
20.12500,0.0000,-4.7548,4.7548,1.8329
20.15625,0.0000,-4.1602,4.1602,1.5734
20.18750,0.0000,-3.5863,3.5863,1.3188
20.21875,0.0000,-3.0364,3.0364,1.0799
20.25000,0.0000,-2.4991,2.4991,0.8607
20.28125,0.0000,-1.9924,1.9924,0.6661
20.31250,0.0000,-1.5383,1.5383,0.4963
20.34375,0.0000,-1.1458,1.1458,0.3524
20.37500,0.0000,-0.8066,0.8066,0.2326
20.40625,0.0000,-0.5208,0.5208,0.1355
20.43750,0.0000,-0.2939,0.2939,0.0586
20.46875,0.0000,-0.1274,0.1274,-0.0001
20.50000,0.0000,-0.0091,0.0091,-0.0432
20.53125,0.0000,0.0780,-0.0780,-0.0731
20.56250,0.0000,0.1459,-0.1459,-0.0932
20.59375,0.0000,0.1981,-0.1981,-0.1036
20.62500,0.0000,0.2376,-0.2376,-0.1083
20.65625,0.0000,0.2588,-0.2588,-0.1077
20.68750,0.0000,0.2628,-0.2628,-0.1029
20.71875,0.0000,0.2505,-0.2505,-0.0956
20.75000,0.0000,0.2233,-0.2233,-0.0853
20.78125,0.0000,0.1886,-0.1886,-0.0750
20.81250,0.0000,0.1530,-0.1530,-0.0637
20.84375,0.0000,0.1278,-0.1278,-0.0530
20.87500,0.0000,0.1132,-0.1132,-0.0433
20.90625,0.0000,0.1039,-0.1039,-0.0342
20.93750,0.0000,0.0946,-0.0946,-0.0261
20.96875,0.0000,0.0791,-0.0791,-0.0193
21.00000,0.0000,0.0559,-0.0559,-0.0132
21.03125,0.3906,0.4208,-0.4208,-0.0024
21.06250,0.7812,0.7883,-0.7883,0.0136
21.09375,1.1719,1.1464,-1.1464,0.0417
21.12500,1.5625,1.4902,-1.4902,0.0826
21.15625,1.9531,1.8070,-1.8070,0.1388
21.18750,2.3438,2.0910,-2.0910,0.2107
21.21875,2.7344,2.3370,-2.3370,0.2986
21.25000,3.1250,2.5409,-2.5409,0.4027
21.28125,3.5156,2.7015,-2.7015,0.5214
21.31250,3.9062,2.8215,-2.8215,0.6533
21.34375,4.2969,2.9115,-2.9115,0.7966
21.37500,4.6875,2.9833,-2.9833,0.9479
21.40625,5.0000,2.9647,-2.9647,1.1078
21.43750,5.0000,2.6256,-2.6256,1.2669
21.46875,5.0000,2.2705,-2.2705,1.4243
21.50000,5.0000,1.9158,-1.9158,1.5718
21.53125,5.0000,1.5725,-1.5725,1.7066
21.56250,5.0000,1.2558,-1.2558,1.8272
21.59375,5.0000,0.9741,-0.9741,1.9321
21.62500,5.0000,0.7282,-0.7282,2.0223
21.65625,5.0000,0.5212,-0.5212,2.0979
21.68750,5.0000,0.3525,-0.3525,2.1593
21.71875,5.0000,0.2193,-0.2193,2.2077
21.75000,5.0000,0.1161,-0.1161,2.2446
21.78125,5.0000,0.0350,-0.0350,2.2719
21.81250,5.0000,-0.0302,0.0302,2.2915
21.84375,5.0000,-0.0830,0.0830,2.3041
21.87500,5.0000,-0.1229,0.1229,2.3112
21.90625,5.0000,-0.1453,0.1453,2.3130
21.93750,5.0000,-0.1494,0.1494,2.3111
21.96875,5.0000,-0.1375,0.1375,2.3072
22.00000,5.0000,-0.1169,0.1169,2.3009
22.03125,5.0000,-0.0977,0.0977,2.2955
22.06250,5.0000,-0.0818,0.0818,2.2881
22.09375,5.0000,-0.0748,0.0748,2.2809
22.12500,5.0000,-0.0682,0.0682,2.2736
22.15625,5.0000,-0.0578,0.0578,2.2668
22.18750,5.0000,-0.0429,0.0429,2.2599
22.21875,5.0000,-0.0253,0.0253,2.2545
22.25000,5.0000,-0.0041,0.0041,2.2484
22.28125,5.0000,0.0154,-0.0154,2.2436
22.31250,5.0000,0.0326,-0.0326,2.2387
22.34375,5.0000,0.0424,-0.0424,2.2353
22.37500,5.0000,0.0453,-0.0453,2.2325
22.40625,5.0000,0.0425,-0.0425,2.2308
22.43750,5.0000,0.0396,-0.0396,2.2296
22.46875,5.0000,0.0411,-0.0411,2.2289
22.50000,5.0000,0.0479,-0.0479,2.2285
22.53125,5.0000,0.0576,-0.0576,2.2274
22.56250,5.0000,0.0657,-0.0657,2.2285
22.59375,5.0000,0.0713,-0.0713,2.2291
22.62500,5.0000,0.0654,-0.0654,2.2313
22.65625,5.0000,0.0528,-0.0528,2.2347
22.68750,5.0000,0.0380,-0.0380,2.2370
22.71875,5.0000,0.0242,-0.0242,2.2396
22.75000,5.0000,0.0196,-0.0196,2.2404
22.78125,5.0000,0.0228,-0.0228,2.2411
22.81250,5.0000,0.0321,-0.0321,2.2410
22.84375,5.0000,0.0392,-0.0392,2.2410
22.87500,5.0000,0.0402,-0.0402,2.2409
22.90625,5.0000,0.0347,-0.0347,2.2401
22.93750,5.0000,0.0260,-0.0260,2.2389
22.96875,5.0000,0.0210,-0.0210,2.2378
23.00000,5.0000,0.0229,-0.0229,2.2373
23.03125,5.0000,0.0297,-0.0297,2.2369
23.06250,5.0000,0.0367,-0.0367,2.2371
23.09375,5.0000,0.0433,-0.0433,2.2381
23.12500,5.0000,0.0469,-0.0469,2.2386
23.15625,5.0000,0.0433,-0.0433,2.2394
23.18750,5.0000,0.0354,-0.0354,2.2408
23.21875,5.0000,0.0258,-0.0258,2.2415
23.25000,5.0000,0.0165,-0.0165,2.2433
23.28125,5.0000,0.0134,-0.0134,2.2442
23.31250,5.0000,0.0143,-0.0143,2.2462
23.34375,5.0000,0.0195,-0.0195,2.2473
23.37500,5.0000,0.0223,-0.0223,2.2494
23.40625,4.9219,-0.0561,0.0561,2.2497
23.43750,4.5312,-0.4539,0.4539,2.2441
23.46875,4.1406,-0.8521,0.8521,2.2298
23.50000,3.7500,-1.2305,1.2305,2.2031
23.53125,3.3594,-1.5745,1.5745,2.1594
23.56250,2.9687,-1.8781,1.8781,2.0996
23.59375,2.5781,-2.1357,2.1357,2.0226
23.62500,2.1875,-2.3529,2.3529,1.9293
23.65625,1.7969,-2.5370,2.5370,1.8201
23.68750,1.4062,-2.6932,2.6932,1.6969
23.71875,1.0156,-2.8209,2.8209,1.5609
23.75000,0.6250,-2.9206,2.9206,1.4139
23.78125,0.2344,-2.9937,2.9937,1.2574
23.81250,0.0000,-2.8850,2.8850,1.0965
23.84375,0.0000,-2.5181,2.5181,0.9347
23.87500,0.0000,-2.1428,2.1428,0.7788
23.90625,0.0000,-1.7761,1.7761,0.6319
23.93750,0.0000,-1.4383,1.4383,0.4986
23.96875,0.0000,-1.1370,1.1370,0.3798
24.00000,0.0000,-0.8745,0.8745,0.2775
24.03125,0.0000,-0.6465,0.6465,0.1908
24.06250,0.0000,-0.4520,0.4520,0.1191
24.09375,0.0000,-0.2871,0.2871,0.0602
24.12500,0.0000,-0.1483,0.1483,0.0141
24.15625,0.0000,-0.0318,0.0318,-0.0210
24.18750,0.0000,0.0576,-0.0576,-0.0474
24.21875,0.0000,0.1170,-0.1170,-0.0650
24.25000,0.0000,0.1528,-0.1528,-0.0757
24.28125,0.0000,0.1702,-0.1702,-0.0812
24.31250,0.0000,0.1749,-0.1749,-0.0823
24.34375,0.0000,0.1747,-0.1747,-0.0814
24.37500,0.0000,0.1737,-0.1737,-0.0783
24.40625,0.0000,0.1755,-0.1755,-0.0737
24.43750,0.0000,0.1756,-0.1756,-0.0685
24.46875,0.0000,0.1677,-0.1677,-0.0631
24.50000,0.0000,0.1521,-0.1521,-0.0579
24.53125,0.0000,0.1329,-0.1329,-0.0526
24.56250,0.0000,0.1145,-0.1145,-0.0465
24.59375,0.0000,0.0980,-0.0980,-0.0412
24.62500,0.0000,0.0825,-0.0825,-0.0347
24.65625,0.0000,0.0735,-0.0735,-0.0296
24.68750,0.0000,0.0677,-0.0677,-0.0254
24.71875,0.0000,0.0642,-0.0642,-0.0214
24.75000,0.0000,0.0605,-0.0605,-0.0181
24.78125,0.0000,0.0509,-0.0509,-0.0157
24.81250,0.0000,0.0364,-0.0364,-0.0136
24.84375,0.0000,0.0232,-0.0232,-0.0114
24.87500,0.0000,0.0155,-0.0155,-0.0094
24.90625,0.0000,0.0127,-0.0127,-0.0077
24.93750,0.0000,0.0133,-0.0133,-0.0061
24.96875,0.0000,0.0170,-0.0170,-0.0051
25.00000,0.0000,0.0204,-0.0204,-0.0045
25.03125,0.0000,0.0206,-0.0206,-0.0032
25.06250,0.0000,0.0159,-0.0159,-0.0026
25.09375,0.0000,0.0053,-0.0053,-0.0017
25.12500,0.0000,-0.0046,0.0046,-0.0019
25.15625,0.0000,-0.0094,0.0094,-0.0019
25.18750,0.0000,-0.0048,0.0048,-0.0032
25.21875,0.0000,0.0040,-0.0040,-0.0039
25.25000,0.0000,0.0150,-0.0150,-0.0049
25.28125,0.0000,0.0216,-0.0216,-0.0055
25.31250,0.0000,0.0220,-0.0220,-0.0059
25.34375,0.0000,0.0172,-0.0172,-0.0062
25.37500,0.0000,0.0101,-0.0101,-0.0063
25.40625,0.0000,0.0046,-0.0046,-0.0072
25.43750,0.0000,0.0037,-0.0037,-0.0077
25.46875,0.0000,0.0104,-0.0104,-0.0093
25.50000,0.0000,0.0200,-0.0200,-0.0110
25.53125,0.0000,0.0306,-0.0306,-0.0116
25.56250,0.0000,0.0385,-0.0385,-0.0119
25.59375,0.0000,0.0370,-0.0370,-0.0109
25.62500,0.0000,0.0279,-0.0279,-0.0091
25.65625,0.0000,0.0157,-0.0157,-0.0059
25.68750,0.0000,0.0055,-0.0055,-0.0028
25.71875,0.0000,-0.0019,0.0019,0.0001
25.75000,0.0000,-0.0045,0.0045,0.0024
25.78125,0.0000,-0.0025,0.0025,0.0039
25.81250,0.0000,0.0002,-0.0002,0.0057
25.84375,0.0000,-0.0002,0.0002,0.0059
25.87500,0.0000,-0.0077,0.0077,0.0083
25.90625,0.0000,-0.0158,0.0158,0.0090
25.93750,0.0000,-0.0278,0.0278,0.0097
25.96875,0.0000,-0.0345,0.0345,0.0087
26.00000,0.0000,-0.0320,0.0320,0.0070
26.03125,-0.3906,-0.4102,0.4102,-0.0016
26.06250,-0.7812,-0.7860,0.7860,-0.0169
26.09375,-1.1719,-1.1476,1.1476,-0.0445
26.12500,-1.5625,-1.4888,1.4888,-0.0864
26.15625,-1.9531,-1.8005,1.8005,-0.1439
26.18750,-2.3438,-2.0767,2.0767,-0.2170
26.21875,-2.7344,-2.3155,2.3155,-0.3070
26.25000,-3.1250,-2.5174,2.5174,-0.4123
26.28125,-3.5156,-2.6782,2.6782,-0.5323
26.31250,-3.9062,-2.8008,2.8008,-0.6643
26.34375,-4.2969,-2.8923,2.8923,-0.8077
26.37500,-4.6875,-2.9652,2.9652,-0.9602
26.40625,-5.0000,-2.9446,2.9446,-1.1197
26.43750,-5.0000,-2.5964,2.5964,-1.2798
26.46875,-5.0000,-2.2356,2.2356,-1.4356
26.50000,-5.0000,-1.8787,1.8787,-1.5834
26.53125,-5.0000,-1.5432,1.5432,-1.7187
26.56250,-5.0000,-1.2336,1.2336,-1.8398
26.59375,-5.0000,-0.9524,0.9524,-1.9461
26.62500,-5.0000,-0.7039,0.7039,-2.0380
26.65625,-5.0000,-0.4923,0.4923,-2.1145
26.68750,-5.0000,-0.3166,0.3166,-2.1754
26.71875,-5.0000,-0.1770,0.1770,-2.2239
26.75000,-5.0000,-0.0737,0.0737,-2.2588
26.78125,-5.0000,0.0048,-0.0048,-2.2852
26.81250,-5.0000,0.0623,-0.0623,-2.3027
26.84375,-5.0000,0.1072,-0.1072,-2.3141
26.87500,-5.0000,0.1394,-0.1394,-2.3200
26.90625,-5.0000,0.1584,-0.1584,-2.3227
26.93750,-5.0000,0.1631,-0.1631,-2.3210
26.96875,-5.0000,0.1593,-0.1593,-2.3183
27.00000,-5.0000,0.1464,-0.1464,-2.3136
27.03125,-5.0000,0.1313,-0.1313,-2.3082
27.06250,-5.0000,0.1172,-0.1172,-2.3040
27.09375,-5.0000,0.1056,-0.1056,-2.2986
27.12500,-5.0000,0.1014,-0.1014,-2.2947
27.15625,-5.0000,0.0967,-0.0967,-2.2897
27.18750,-5.0000,0.0908,-0.0908,-2.2854
27.21875,-5.0000,0.0790,-0.0790,-2.2793
27.25000,-5.0000,0.0647,-0.0647,-2.2754
27.28125,-5.0000,0.0456,-0.0456,-2.2713
27.31250,-5.0000,0.0321,-0.0321,-2.2678
27.34375,-5.0000,0.0255,-0.0255,-2.2649
27.37500,-5.0000,0.0229,-0.0229,-2.2619
27.40625,-5.0000,0.0215,-0.0215,-2.2596
27.43750,-5.0000,0.0187,-0.0187,-2.2584
27.46875,-5.0000,0.0153,-0.0153,-2.2583
27.50000,-5.0000,0.0133,-0.0133,-2.2586
27.53125,-5.0000,0.0124,-0.0124,-2.2602
27.56250,-5.0000,0.0102,-0.0102,-2.2610
27.59375,-5.0000,0.0105,-0.0105,-2.2629
27.62500,-5.0000,0.0127,-0.0127,-2.2648
27.65625,-5.0000,0.0200,-0.0200,-2.2672
27.68750,-5.0000,0.0304,-0.0304,-2.2691
27.71875,-5.0000,0.0406,-0.0406,-2.2700
27.75000,-5.0000,0.0455,-0.0455,-2.2707
27.78125,-5.0000,0.0427,-0.0427,-2.2707
27.81250,-5.0000,0.0372,-0.0372,-2.2698
27.84375,-5.0000,0.0325,-0.0325,-2.2694
27.87500,-5.0000,0.0286,-0.0286,-2.2687
27.90625,-5.0000,0.0285,-0.0285,-2.2682
27.93750,-5.0000,0.0312,-0.0312,-2.2678
27.96875,-5.0000,0.0350,-0.0350,-2.2668
28.00000,-5.0000,0.0376,-0.0376,-2.2655
28.03125,-5.0000,0.0347,-0.0347,-2.2643
28.06250,-5.0000,0.0266,-0.0266,-2.2630
28.09375,-5.0000,0.0181,-0.0181,-2.2622
28.12500,-5.0000,0.0126,-0.0126,-2.2608
28.15625,-5.0000,0.0114,-0.0114,-2.2593
28.18750,-5.0000,0.0113,-0.0113,-2.2579
28.21875,-5.0000,0.0106,-0.0106,-2.2565
28.25000,-5.0000,0.0106,-0.0106,-2.2556
28.28125,-5.0000,0.0102,-0.0102,-2.2551
28.31250,-5.0000,0.0083,-0.0083,-2.2547
28.34375,-5.0000,0.0041,-0.0041,-2.2545
28.37500,-5.0000,-0.0011,0.0011,-2.2543
28.40625,-4.9219,0.0736,-0.0736,-2.2534
28.43750,-4.5312,0.4644,-0.4644,-2.2473
28.46875,-4.1406,0.8558,-0.8558,-2.2324
28.50000,-3.7500,1.2317,-1.2317,-2.2051
28.53125,-3.3594,1.5756,-1.5756,-2.1638
28.56250,-2.9687,1.8792,-1.8792,-2.1060
28.59375,-2.5781,2.1457,-2.1457,-2.0315
28.62500,-2.1875,2.3759,-2.3759,-1.9402
28.65625,-1.7969,2.5694,-2.5694,-1.8323
28.68750,-1.4062,2.7265,-2.7265,-1.7103
28.71875,-1.0156,2.8500,-2.8500,-1.5757
28.75000,-0.6250,2.9475,-2.9475,-1.4299
28.78125,-0.2344,3.0233,-3.0233,-1.2764
28.81250,0.0000,2.9195,-2.9195,-1.1164
28.84375,0.0000,2.5626,-2.5626,-0.9579
28.87500,0.0000,2.1929,-2.1929,-0.8025
28.90625,0.0000,1.8346,-1.8346,-0.6588
28.93750,0.0000,1.4996,-1.4996,-0.5258
28.96875,0.0000,1.2024,-1.2024,-0.4101
29.00000,0.0000,0.9381,-0.9381,-0.3081
29.03125,0.0000,0.7121,-0.7121,-0.2220
29.06250,0.0000,0.5177,-0.5177,-0.1503
29.09375,0.0000,0.3527,-0.3527,-0.0925
29.12500,0.0000,0.2152,-0.2152,-0.0476
29.15625,0.0000,0.1060,-0.1060,-0.0133
29.18750,0.0000,0.0252,-0.0252,0.0110
29.21875,0.0000,-0.0318,0.0318,0.0288
29.25000,0.0000,-0.0676,0.0676,0.0405
29.28125,0.0000,-0.0903,0.0903,0.0469
29.31250,0.0000,-0.1038,0.1038,0.0505
29.34375,0.0000,-0.1084,0.1084,0.0502
29.37500,0.0000,-0.1102,0.1102,0.0482
29.40625,0.0000,-0.1090,0.1090,0.0445
29.43750,0.0000,-0.1052,0.1052,0.0406
29.46875,0.0000,-0.0977,0.0977,0.0356
29.50000,0.0000,-0.0879,0.0879,0.0321
29.53125,0.0000,-0.0736,0.0736,0.0272
29.56250,0.0000,-0.0617,0.0617,0.0236
29.59375,0.0000,-0.0489,0.0489,0.0204
29.62500,0.0000,-0.0391,0.0391,0.0170
29.65625,0.0000,-0.0350,0.0350,0.0141
29.68750,0.0000,-0.0329,0.0329,0.0119
29.71875,0.0000,-0.0306,0.0306,0.0100
29.75000,0.0000,-0.0280,0.0280,0.0080
29.78125,0.0000,-0.0239,0.0239,0.0060
29.81250,0.0000,-0.0164,0.0164,0.0035
29.84375,0.0000,-0.0070,0.0070,0.0016
29.87500,0.0000,0.0022,-0.0022,-0.0002
29.90625,0.0000,0.0067,-0.0067,-0.0013
29.93750,0.0000,0.0062,-0.0062,-0.0012
29.96875,0.0000,0.0029,-0.0029,-0.0013
30.00000,0.0000,-0.0023,0.0023,-0.0017
30.03125,0.0000,-0.0044,0.0044,-0.0017
30.06250,0.0000,-0.0005,0.0005,-0.0015
30.09375,0.0000,0.0053,-0.0053,-0.0007
30.12500,0.0000,0.0081,-0.0081,-0.0006
30.15625,0.0000,0.0058,-0.0058,0.0002
30.18750,0.0000,0.0036,-0.0036,0.0001
30.21875,0.0000,0.0004,-0.0004,-0.0008
30.25000,0.0000,-0.0027,0.0027,-0.0003
30.28125,0.0000,-0.0025,0.0025,-0.0007
30.31250,0.0000,-0.0033,0.0033,-0.0005
30.34375,0.0000,-0.0017,0.0017,-0.0019
30.37500,0.0000,0.0017,-0.0017,-0.0025
30.40625,0.0000,0.0098,-0.0098,-0.0048
30.43750,0.0000,0.0150,-0.0150,-0.0053
30.46875,0.0000,0.0182,-0.0182,-0.0071
30.50000,0.0000,0.0147,-0.0147,-0.0076
30.53125,0.0000,0.0128,-0.0128,-0.0076
30.56250,0.0000,0.0125,-0.0125,-0.0078
30.59375,0.0000,0.0128,-0.0128,-0.0065
30.62500,0.0000,0.0151,-0.0151,-0.0059
30.65625,0.0000,0.0155,-0.0155,-0.0050
30.68750,0.0000,0.0156,-0.0156,-0.0035
30.71875,0.0000,0.0146,-0.0146,-0.0036
30.75000,0.0000,0.0094,-0.0094,-0.0030
30.78125,0.0000,0.0055,-0.0055,-0.0031
30.81250,0.0000,0.0023,-0.0023,-0.0040
30.84375,0.0000,0.0016,-0.0016,-0.0044
30.87500,0.0000,0.0060,-0.0060,-0.0052
30.90625,0.0000,0.0115,-0.0115,-0.0049
30.93750,0.0000,0.0163,-0.0163,-0.0048
30.96875,0.0000,0.0162,-0.0162,-0.0035
31.00000,0.0000,0.0137,-0.0137,-0.0036
31.03125,0.5469,0.5541,-0.5541,0.0036
31.06250,1.0938,1.0975,-1.0975,0.0212
31.09375,1.6406,1.6231,-1.6231,0.0550
31.12500,2.1875,2.1101,-2.1101,0.1107
31.15625,2.7344,2.5480,-2.5480,0.1889
31.18750,3.2812,2.9312,-2.9312,0.2918
31.21875,3.8281,3.2627,-3.2627,0.4178
31.25000,4.3750,3.5410,-3.5410,0.5659
31.28125,4.9219,3.7672,-3.7672,0.7347
31.31250,5.4688,3.9451,-3.9451,0.9218
31.34375,6.0156,4.0800,-4.0800,1.1243
31.37500,6.5625,4.1786,-4.1786,1.3393
31.40625,7.0000,4.1396,-4.1396,1.5631
31.43750,7.0000,3.6427,-3.6427,1.7873
31.46875,7.0000,3.1328,-3.1328,2.0065
31.50000,7.0000,2.6321,-2.6321,2.2133
31.53125,7.0000,2.1598,-2.1598,2.4028
31.56250,7.0000,1.7279,-1.7279,2.5716
31.59375,7.0000,1.3422,-1.3422,2.7193
31.62500,7.0000,1.0051,-1.0051,2.8454
31.65625,7.0000,0.7149,-0.7149,2.9504
31.68750,7.0000,0.4712,-0.4712,3.0356
31.71875,7.0000,0.2740,-0.2740,3.1034
31.75000,7.0000,0.1203,-0.1203,3.1545
31.78125,7.0000,0.0028,-0.0028,3.1924
31.81250,7.0000,-0.0822,0.0822,3.2184
31.84375,7.0000,-0.1415,0.1415,3.2345
31.87500,7.0000,-0.1797,0.1797,3.2426
31.90625,7.0000,-0.1997,0.1997,3.2455
31.93750,7.0000,-0.2052,0.2052,3.2428
31.96875,7.0000,-0.2032,0.2032,3.2374
32.00000,7.0000,-0.1918,0.1918,3.2292
32.03125,7.0000,-0.1732,0.1732,3.2200
32.06250,7.0000,-0.1492,0.1492,3.2100
32.09375,7.0000,-0.1247,0.1247,3.2008
32.12500,7.0000,-0.1019,0.1019,3.1912
32.15625,7.0000,-0.0832,0.0832,3.1837
32.18750,7.0000,-0.0647,0.0647,3.1766
32.21875,7.0000,-0.0501,0.0501,3.1709
32.25000,7.0000,-0.0382,0.0382,3.1661
32.28125,7.0000,-0.0279,0.0279,3.1618
32.31250,7.0000,-0.0181,0.0181,3.1579
32.34375,7.0000,-0.0078,0.0078,3.1542
32.37500,7.0000,0.0021,-0.0021,3.1515
32.40625,7.0000,0.0106,-0.0106,3.1492
32.43750,7.0000,0.0151,-0.0151,3.1469
32.46875,7.0000,0.0165,-0.0165,3.1464
32.50000,7.0000,0.0191,-0.0191,3.1454
32.53125,7.0000,0.0191,-0.0191,3.1461
32.56250,7.0000,0.0197,-0.0197,3.1473
32.59375,7.0000,0.0183,-0.0183,3.1483
32.62500,7.0000,0.0153,-0.0153,3.1479
32.65625,7.0000,0.0134,-0.0134,3.1480
32.68750,7.0000,0.0169,-0.0169,3.1470
32.71875,7.0000,0.0196,-0.0196,3.1455
32.75000,7.0000,0.0203,-0.0203,3.1439
32.78125,7.0000,0.0216,-0.0216,3.1425
32.81250,7.0000,0.0250,-0.0250,3.1402
32.84375,7.0000,0.0291,-0.0291,3.1398
32.87500,7.0000,0.0354,-0.0354,3.1388
32.90625,7.0000,0.0375,-0.0375,3.1395
32.93750,7.0000,0.0380,-0.0380,3.1398
32.96875,7.0000,0.0351,-0.0351,3.1422
33.00000,7.0000,0.0325,-0.0325,3.1434
33.03125,7.0000,0.0255,-0.0255,3.1460
33.06250,7.0000,0.0199,-0.0199,3.1476
33.09375,7.0000,0.0140,-0.0140,3.1491
33.12500,7.0000,0.0113,-0.0113,3.1500
33.15625,7.0000,0.0109,-0.0109,3.1507
33.18750,7.0000,0.0112,-0.0112,3.1511
33.21875,7.0000,0.0110,-0.0110,3.1505
33.25000,7.0000,0.0098,-0.0098,3.1503
33.28125,7.0000,0.0105,-0.0105,3.1496
33.31250,7.0000,0.0110,-0.0110,3.1484
33.34375,7.0000,0.0113,-0.0113,3.1478
33.37500,7.0000,0.0142,-0.0142,3.1476
33.40625,6.8906,-0.0922,0.0922,3.1466
33.43750,6.3437,-0.6385,0.6385,3.1384
33.46875,5.7969,-1.1830,1.1830,3.1187
33.50000,5.2500,-1.7041,1.7041,3.0817
33.53125,4.7031,-2.1836,2.1836,3.0236
33.56250,4.1562,-2.6125,2.6125,2.9417
33.59375,3.6094,-2.9893,2.9893,2.8368
33.62500,3.0625,-3.3119,3.3119,2.7076
33.65625,2.5156,-3.5837,3.5837,2.5568
33.68750,1.9687,-3.8039,3.8039,2.3843
33.71875,1.4219,-3.9770,3.9770,2.1945
33.75000,0.8750,-4.1051,4.1051,1.9885
33.78125,0.3281,-4.1986,4.1986,1.7698
33.81250,0.0000,-4.0437,4.0437,1.5451
33.84375,0.0000,-3.5364,3.5364,1.3196
33.87500,0.0000,-3.0230,3.0230,1.1023
33.90625,0.0000,-2.5231,2.5231,0.8976
33.93750,0.0000,-2.0579,2.0579,0.7120
33.96875,0.0000,-1.6348,1.6348,0.5468
34.00000,0.0000,-1.2601,1.2601,0.4039
34.03125,0.0000,-0.9330,0.9330,0.2819
34.06250,0.0000,-0.6541,0.6541,0.1813
34.09375,0.0000,-0.4199,0.4199,0.0992
34.12500,0.0000,-0.2302,0.2302,0.0348
34.15625,0.0000,-0.0804,0.0804,-0.0151
34.18750,0.0000,0.0326,-0.0326,-0.0516
34.21875,0.0000,0.1158,-0.1158,-0.0764
34.25000,0.0000,0.1730,-0.1730,-0.0927
34.28125,0.0000,0.2067,-0.2067,-0.1010
34.31250,0.0000,0.2255,-0.2255,-0.1037
34.34375,0.0000,0.2334,-0.2334,-0.1015
34.37500,0.0000,0.2325,-0.2325,-0.0959
34.40625,0.0000,0.2224,-0.2224,-0.0876
34.43750,0.0000,0.2044,-0.2044,-0.0783
34.46875,0.0000,0.1805,-0.1805,-0.0682
34.50000,0.0000,0.1558,-0.1558,-0.0582
34.53125,0.0000,0.1318,-0.1318,-0.0482
34.56250,0.0000,0.1090,-0.1090,-0.0391
34.59375,0.0000,0.0872,-0.0872,-0.0304
34.62500,0.0000,0.0688,-0.0688,-0.0249
34.65625,0.0000,0.0531,-0.0531,-0.0201
34.68750,0.0000,0.0461,-0.0461,-0.0176
34.71875,0.0000,0.0419,-0.0419,-0.0160
34.75000,0.0000,0.0382,-0.0382,-0.0158
34.78125,0.0000,0.0337,-0.0337,-0.0147
34.81250,0.0000,0.0320,-0.0320,-0.0147
34.84375,0.0000,0.0293,-0.0293,-0.0142
34.87500,0.0000,0.0288,-0.0288,-0.0138
34.90625,0.0000,0.0296,-0.0296,-0.0136
34.93750,0.0000,0.0312,-0.0312,-0.0143
34.96875,0.0000,0.0326,-0.0326,-0.0137
35.00000,0.0000,0.0353,-0.0353,-0.0132
35.03125,0.0000,0.0335,-0.0335,-0.0118
35.06250,0.0000,0.0279,-0.0279,-0.0088
35.09375,0.0000,0.0204,-0.0204,-0.0067
35.12500,0.0000,0.0109,-0.0109,-0.0043
35.15625,0.0000,0.0060,-0.0060,-0.0027
35.18750,0.0000,0.0050,-0.0050,-0.0017
35.21875,0.0000,0.0059,-0.0059,-0.0019
35.25000,0.0000,0.0063,-0.0063,-0.0027
35.28125,0.0000,0.0074,-0.0074,-0.0028
35.31250,0.0000,0.0091,-0.0091,-0.0035
35.34375,0.0000,0.0072,-0.0072,-0.0034
35.37500,0.0000,0.0049,-0.0049,-0.0042
35.40625,0.0000,0.0035,-0.0035,-0.0053
35.43750,0.0000,0.0070,-0.0070,-0.0065
35.46875,0.0000,0.0144,-0.0144,-0.0077
35.50000,0.0000,0.0206,-0.0206,-0.0093
35.53125,0.0000,0.0235,-0.0235,-0.0094
35.56250,0.0000,0.0254,-0.0254,-0.0093
35.59375,0.0000,0.0228,-0.0228,-0.0088
35.62500,0.0000,0.0178,-0.0178,-0.0072
35.65625,0.0000,0.0140,-0.0140,-0.0080
35.68750,0.0000,0.0102,-0.0102,-0.0084
35.71875,0.0000,0.0145,-0.0145,-0.0096
35.75000,0.0000,0.0226,-0.0226,-0.0101
35.78125,0.0000,0.0289,-0.0289,-0.0106
35.81250,0.0000,0.0286,-0.0286,-0.0111
35.84375,0.0000,0.0250,-0.0250,-0.0105
35.87500,0.0000,0.0233,-0.0233,-0.0117
35.90625,0.0000,0.0207,-0.0207,-0.0117
35.93750,0.0000,0.0222,-0.0222,-0.0122
35.96875,0.0000,0.0246,-0.0246,-0.0134
36.00000,0.0000,0.0276,-0.0276,-0.0132
36.03125,0.1963,0.2294,-0.2294,-0.0104
36.06250,0.3921,0.4269,-0.4269,-0.0022
36.09375,0.5869,0.6111,-0.6111,0.0120
36.12500,0.7804,0.7736,-0.7736,0.0336
36.15625,0.9719,0.9155,-0.9155,0.0631
36.18750,1.1611,1.0404,-1.0404,0.1007
36.21875,1.3476,1.1485,-1.1485,0.1454
36.25000,1.5307,1.2368,-1.2368,0.1977
36.28125,1.7102,1.3064,-1.3064,0.2567
36.31250,1.8856,1.3561,-1.3561,0.3191
36.34375,2.0564,1.3854,-1.3854,0.3876
36.37500,2.2223,1.4029,-1.4029,0.4583
36.40625,2.3828,1.4039,-1.4039,0.5337
36.43750,2.5376,1.3918,-1.3918,0.6110
36.46875,2.6862,1.3649,-1.3649,0.6907
36.50000,2.8284,1.3294,-1.3294,0.7707
36.53125,2.9638,1.2876,-1.2876,0.8500
36.56250,3.0920,1.2415,-1.2415,0.9287
36.59375,3.2128,1.1910,-1.1910,1.0055
36.62500,3.3259,1.1329,-1.1329,1.0797
36.65625,3.4309,1.0680,-1.0680,1.1529
36.68750,3.5277,1.0007,-1.0007,1.2216
36.71875,3.6160,0.9285,-0.9285,1.2886
36.75000,3.6955,0.8582,-0.8582,1.3520
36.78125,3.7662,0.7875,-0.7875,1.4117
36.81250,3.8278,0.7162,-0.7162,1.4671
36.84375,3.8801,0.6453,-0.6453,1.5183
36.87500,3.9231,0.5754,-0.5754,1.5642
36.90625,3.9567,0.5044,-0.5044,1.6064
36.93750,3.9807,0.4331,-0.4331,1.6437
36.96875,3.9952,0.3586,-0.3586,1.6773
37.00000,4.0000,0.2843,-0.2843,1.7060
37.03125,3.9952,0.2113,-0.2113,1.7314
37.06250,3.9807,0.1422,-0.1422,1.7511
37.09375,3.9567,0.0730,-0.0730,1.7685
37.12500,3.9231,0.0060,-0.0060,1.7810
37.15625,3.8801,-0.0661,0.0661,1.7888
37.18750,3.8278,-0.1417,0.1417,1.7930
37.21875,3.7662,-0.2154,0.2154,1.7925
37.25000,3.6955,-0.2891,0.2891,1.7874
37.28125,3.6160,-0.3623,0.3623,1.7793
37.31250,3.5277,-0.4325,0.4325,1.7649
37.34375,3.4309,-0.5026,0.5026,1.7471
37.37500,3.3259,-0.5654,0.5654,1.7250
37.40625,3.2128,-0.6258,0.6258,1.6985
37.43750,3.0920,-0.6890,0.6890,1.6696
37.46875,2.9638,-0.7541,0.7541,1.6355
37.50000,2.8284,-0.8226,0.8226,1.5986
37.53125,2.6862,-0.8865,0.8865,1.5576
37.56250,2.5376,-0.9465,0.9465,1.5132
37.59375,2.3828,-1.0029,1.0029,1.4646
37.62500,2.2223,-1.0566,1.0566,1.4116
37.65625,2.0564,-1.1058,1.1058,1.3549
37.68750,1.8856,-1.1487,1.1487,1.2933
37.71875,1.7102,-1.1893,1.1893,1.2287
37.75000,1.5307,-1.2266,1.2266,1.1612
37.78125,1.3476,-1.2630,1.2630,1.0919
37.81250,1.1611,-1.2984,1.2984,1.0197
37.84375,0.9719,-1.3322,1.3322,0.9461
37.87500,0.7804,-1.3596,1.3596,0.8705
37.90625,0.5869,-1.3822,1.3822,0.7919
37.93750,0.3921,-1.4026,1.4026,0.7118
37.96875,0.1963,-1.4187,1.4187,0.6296
38.00000,0.0000,-1.4328,1.4328,0.5453
38.03125,-0.1963,-1.4455,1.4455,0.4606
38.06250,-0.3921,-1.4546,1.4546,0.3750
38.09375,-0.5869,-1.4618,1.4618,0.2893
38.12500,-0.7804,-1.4658,1.4658,0.2027
38.15625,-0.9719,-1.4660,1.4660,0.1166
38.18750,-1.1611,-1.4597,1.4597,0.0292
38.21875,-1.3476,-1.4508,1.4508,-0.0574
38.25000,-1.5307,-1.4382,1.4382,-0.1443
38.28125,-1.7102,-1.4254,1.4254,-0.2316
38.31250,-1.8856,-1.4116,1.4116,-0.3190
38.34375,-2.0564,-1.3920,1.3920,-0.4054
38.37500,-2.2223,-1.3646,1.3646,-0.4923
38.40625,-2.3828,-1.3334,1.3334,-0.5774
38.43750,-2.5376,-1.2957,1.2957,-0.6621
38.46875,-2.6862,-1.2541,1.2541,-0.7452
38.50000,-2.8284,-1.2080,1.2080,-0.8266
38.53125,-2.9638,-1.1598,1.1598,-0.9066
38.56250,-3.0920,-1.1117,1.1117,-0.9826
38.59375,-3.2128,-1.0616,1.0616,-1.0575
38.62500,-3.3259,-1.0133,1.0133,-1.1265
38.65625,-3.4309,-0.9602,0.9602,-1.1930
38.68750,-3.5277,-0.9087,0.9087,-1.2557
38.71875,-3.6160,-0.8560,0.8560,-1.3152
38.75000,-3.6955,-0.7999,0.7999,-1.3729
38.78125,-3.7662,-0.7410,0.7410,-1.4271
38.81250,-3.8278,-0.6780,0.6780,-1.4795
38.84375,-3.8801,-0.6150,0.6150,-1.5272
38.87500,-3.9231,-0.5499,0.5499,-1.5716
38.90625,-3.9567,-0.4863,0.4863,-1.6116
38.93750,-3.9807,-0.4216,0.4216,-1.6475
38.96875,-3.9952,-0.3544,0.3544,-1.6806
39.00000,-4.0000,-0.2840,0.2840,-1.7104
39.03125,-3.9952,-0.2087,0.2087,-1.7367
39.06250,-3.9807,-0.1303,0.1303,-1.7605
39.09375,-3.9567,-0.0529,0.0529,-1.7792
39.12500,-3.9231,0.0253,-0.0253,-1.7944
39.15625,-3.8801,0.1004,-0.1004,-1.8041
39.18750,-3.8278,0.1748,-0.1748,-1.8086
39.21875,-3.7662,0.2484,-0.2484,-1.8097
39.25000,-3.6955,0.3204,-0.3204,-1.8043
39.28125,-3.6160,0.3967,-0.3967,-1.7966
39.31250,-3.5277,0.4693,-0.4693,-1.7827
39.34375,-3.4309,0.5422,-0.5422,-1.7659
39.37500,-3.3259,0.6095,-0.6095,-1.7440
39.40625,-3.2128,0.6746,-0.6746,-1.7183
39.43750,-3.0920,0.7368,-0.7368,-1.6886
39.46875,-2.9638,0.7982,-0.7982,-1.6541
39.50000,-2.8284,0.8599,-0.8599,-1.6157
39.53125,-2.6862,0.9200,-0.9200,-1.5738
39.56250,-2.5376,0.9780,-0.9780,-1.5274
39.59375,-2.3828,1.0356,-1.0356,-1.4787
39.62500,-2.2223,1.0891,-1.0891,-1.4256
39.65625,-2.0564,1.1399,-1.1399,-1.3693
39.68750,-1.8856,1.1851,-1.1851,-1.3092
39.71875,-1.7102,1.2256,-1.2256,-1.2455
39.75000,-1.5307,1.2630,-1.2630,-1.1791
39.78125,-1.3476,1.2985,-1.2985,-1.1105
39.81250,-1.1611,1.3343,-1.3343,-1.0396
39.84375,-0.9719,1.3708,-1.3708,-0.9674
39.87500,-0.7804,1.4049,-1.4049,-0.8923
39.90625,-0.5869,1.4360,-1.4360,-0.8155
39.93750,-0.3921,1.4592,-1.4592,-0.7359
39.96875,-0.1963,1.4767,-1.4767,-0.6529
40.00000,-0.0000,1.4891,-1.4891,-0.5700
40.03125,0.1963,1.4945,-1.4945,-0.4841
40.06250,0.3921,1.5030,-1.5030,-0.3972
40.09375,0.5869,1.5096,-1.5096,-0.3089
40.12500,0.7804,1.5111,-1.5111,-0.2199
40.15625,0.9719,1.5055,-1.5055,-0.1303
40.18750,1.1611,1.4950,-1.4950,-0.0417
40.21875,1.3476,1.4806,-1.4806,0.0472
40.25000,1.5307,1.4657,-1.4657,0.1348
40.28125,1.7102,1.4474,-1.4474,0.2232
40.31250,1.8856,1.4277,-1.4277,0.3104
40.34375,2.0564,1.4041,-1.4041,0.3977
40.37500,2.2223,1.3786,-1.3786,0.4828
40.40625,2.3828,1.3496,-1.3496,0.5668
40.43750,2.5376,1.3195,-1.3195,0.6483
40.46875,2.6862,1.2855,-1.2855,0.7283
40.50000,2.8284,1.2484,-1.2484,0.8060
40.53125,2.9638,1.2071,-1.2071,0.8824
40.56250,3.0920,1.1638,-1.1638,0.9558
40.59375,3.2128,1.1179,-1.1179,1.0292
40.62500,3.3259,1.0731,-1.0731,1.0988
40.65625,3.4309,1.0217,-1.0217,1.1667
40.68750,3.5277,0.9683,-0.9683,1.2312
40.71875,3.6160,0.9122,-0.9122,1.2933
40.75000,3.6955,0.8538,-0.8538,1.3507
40.78125,3.7662,0.7904,-0.7904,1.4065
40.81250,3.8278,0.7275,-0.7275,1.4578
40.84375,3.8801,0.6610,-0.6610,1.5080
40.87500,3.9231,0.5947,-0.5947,1.5529
40.90625,3.9567,0.5237,-0.5237,1.5957
40.93750,3.9807,0.4549,-0.4549,1.6333
40.96875,3.9952,0.3846,-0.3846,1.6679
41.00000,4.0000,0.3140,-0.3140,1.6979
41.03125,3.9952,0.2389,-0.2389,1.7237
41.06250,3.9807,0.1615,-0.1615,1.7451
41.09375,3.9567,0.0853,-0.0853,1.7638
41.12500,3.9231,0.0115,-0.0115,1.7774
41.15625,3.8801,-0.0654,0.0654,1.7873
41.18750,3.8278,-0.1414,0.1414,1.7927
41.21875,3.7662,-0.2151,0.2151,1.7927
41.25000,3.6955,-0.2871,0.2871,1.7881
41.28125,3.6160,-0.3569,0.3569,1.7789
41.31250,3.5277,-0.4270,0.4270,1.7648
41.34375,3.4309,-0.4981,0.4981,1.7482
41.37500,3.3259,-0.5668,0.5668,1.7253
41.40625,3.2128,-0.6367,0.6367,1.6998
41.43750,3.0920,-0.7001,0.7001,1.6679
41.46875,2.9638,-0.7605,0.7605,1.6333
41.50000,2.8284,-0.8144,0.8144,1.5935
41.53125,2.6862,-0.8693,0.8693,1.5496
41.56250,2.5376,-0.9240,0.9240,1.5024
41.59375,2.3828,-0.9760,0.9760,1.4519
41.62500,2.2223,-1.0267,1.0267,1.3994
41.65625,2.0564,-1.0772,1.0772,1.3423
41.68750,1.8856,-1.1287,1.1287,1.2838
41.71875,1.7102,-1.1724,1.1724,1.2196
41.75000,1.5307,-1.2122,1.2122,1.1536
41.78125,1.3476,-1.2437,1.2437,1.0838
41.81250,1.1611,-1.2746,1.2746,1.0124
41.84375,0.9719,-1.3057,1.3057,0.9393
41.87500,0.7804,-1.3378,1.3378,0.8644
41.90625,0.5869,-1.3697,1.3697,0.7885
41.93750,0.3921,-1.3979,1.3979,0.7097
41.96875,0.1963,-1.4223,1.4223,0.6295
42.00000,0.0000,-1.4389,1.4389,0.5472
42.03125,-0.1963,-1.4496,1.4496,0.4637
42.06250,-0.3921,-1.4569,1.4569,0.3785
42.09375,-0.5869,-1.4635,1.4635,0.2925
42.12500,-0.7804,-1.4677,1.4677,0.2061
42.15625,-0.9719,-1.4688,1.4688,0.1194
42.18750,-1.1611,-1.4679,1.4679,0.0322
42.21875,-1.3476,-1.4639,1.4639,-0.0551
42.25000,-1.5307,-1.4532,1.4532,-0.1431
42.28125,-1.7102,-1.4355,1.4355,-0.2315
42.31250,-1.8856,-1.4114,1.4114,-0.3201
42.34375,-2.0564,-1.3829,1.3829,-0.4081
42.37500,-2.2223,-1.3516,1.3516,-0.4959
42.40625,-2.3828,-1.3195,1.3195,-0.5804
42.43750,-2.5376,-1.2844,1.2844,-0.6635
42.46875,-2.6862,-1.2511,1.2511,-0.7448
42.50000,-2.8284,-1.2161,1.2161,-0.8248
42.53125,-2.9638,-1.1741,1.1741,-0.9029
42.56250,-3.0920,-1.1231,1.1231,-0.9792
42.59375,-3.2128,-1.0684,1.0684,-1.0527
42.62500,-3.3259,-1.0140,1.0140,-1.1233
42.65625,-3.4309,-0.9621,0.9621,-1.1907
42.68750,-3.5277,-0.9113,0.9113,-1.2549
42.71875,-3.6160,-0.8590,0.8590,-1.3151
42.75000,-3.6955,-0.8035,0.8035,-1.3725
42.78125,-3.7662,-0.7469,0.7469,-1.4262
42.81250,-3.8278,-0.6863,0.6863,-1.4777
42.84375,-3.8801,-0.6220,0.6220,-1.5257
42.87500,-3.9231,-0.5522,0.5522,-1.5717
42.90625,-3.9567,-0.4819,0.4819,-1.6130
42.93750,-3.9807,-0.4103,0.4103,-1.6500
42.96875,-3.9952,-0.3423,0.3423,-1.6839
43.00000,-4.0000,-0.2777,0.2777,-1.7129
43.03125,-3.9952,-0.2082,0.2082,-1.7380
43.06250,-3.9807,-0.1344,0.1344,-1.7591
43.09375,-3.9567,-0.0587,0.0587,-1.7758
43.12500,-3.9231,0.0172,-0.0172,-1.7878
43.15625,-3.8801,0.0920,-0.0920,-1.7965
43.18750,-3.8278,0.1635,-0.1635,-1.8004
43.21875,-3.7662,0.2351,-0.2351,-1.7999
43.25000,-3.6955,0.3052,-0.3052,-1.7943
43.28125,-3.6160,0.3728,-0.3728,-1.7846
43.31250,-3.5277,0.4377,-0.4377,-1.7705
43.34375,-3.4309,0.5047,-0.5047,-1.7520
43.37500,-3.3259,0.5746,-0.5746,-1.7297
43.40625,-3.2128,0.6438,-0.6438,-1.7041
43.43750,-3.0920,0.7099,-0.7099,-1.6749
43.46875,-2.9638,0.7742,-0.7742,-1.6421
43.50000,-2.8284,0.8372,-0.8372,-1.6059
43.53125,-2.6862,0.8979,-0.8979,-1.5650
43.56250,-2.5376,0.9568,-0.9568,-1.5208
43.59375,-2.3828,1.0124,-1.0124,-1.4735
43.62500,-2.2223,1.0684,-1.0684,-1.4218
43.65625,-2.0564,1.1272,-1.1272,-1.3677
43.68750,-1.8856,1.1820,-1.1820,-1.3097
43.71875,-1.7102,1.2321,-1.2321,-1.2485
43.75000,-1.5307,1.2760,-1.2760,-1.1841
43.78125,-1.3476,1.3145,-1.3145,-1.1164
43.81250,-1.1611,1.3492,-1.3492,-1.0455
43.84375,-0.9719,1.3809,-1.3809,-0.9721
43.87500,-0.7804,1.4093,-1.4093,-0.8966
43.90625,-0.5869,1.4366,-1.4366,-0.8189
43.93750,-0.3921,1.4638,-1.4638,-0.7401
43.96875,-0.1963,1.4877,-1.4877,-0.6599
44.00000,-0.0000,1.5073,-1.5073,-0.5772
44.03125,0.1963,1.5220,-1.5220,-0.4933
44.06250,0.3921,1.5285,-1.5285,-0.4075
44.09375,0.5869,1.5295,-1.5295,-0.3213
44.12500,0.7804,1.5277,-1.5277,-0.2339
44.15625,0.9719,1.5273,-1.5273,-0.1464
44.18750,1.1611,1.5256,-1.5256,-0.0592
44.21875,1.3476,1.5206,-1.5206,0.0297
44.25000,1.5307,1.5122,-1.5122,0.1180
44.28125,1.7102,1.4942,-1.4942,0.2063
44.31250,1.8856,1.4695,-1.4695,0.2942
44.34375,2.0564,1.4414,-1.4414,0.3806
44.37500,2.2223,1.4112,-1.4112,0.4652
44.40625,2.3828,1.3815,-1.3815,0.5485
44.43750,2.5376,1.3534,-1.3534,0.6302
44.46875,2.6862,1.3242,-1.3242,0.7103
44.50000,2.8284,1.2904,-1.2904,0.7893
44.53125,2.9638,1.2518,-1.2518,0.8673
44.56250,3.0920,1.2062,-1.2062,0.9428
44.59375,3.2128,1.1531,-1.1531,1.0172
44.62500,3.3259,1.0977,-1.0977,1.0889
44.65625,3.4309,1.0399,-1.0399,1.1575
44.68750,3.5277,0.9816,-0.9816,1.2238
44.71875,3.6160,0.9252,-0.9252,1.2884
44.75000,3.6955,0.8670,-0.8670,1.3493
44.78125,3.7662,0.8004,-0.8004,1.4073
44.81250,3.8278,0.7297,-0.7297,1.4629
44.84375,3.8801,0.6581,-0.6581,1.5133
44.87500,3.9231,0.5819,-0.5819,1.5606
44.90625,3.9567,0.5068,-0.5068,1.6037
44.93750,3.9807,0.4325,-0.4325,1.6411
44.96875,3.9952,0.3595,-0.3595,1.6742
45.00000,4.0000,0.2919,-0.2919,1.7030
45.03125,3.9952,0.2271,-0.2271,1.7277
45.06250,3.9807,0.1591,-0.1591,1.7476
45.09375,3.9567,0.0856,-0.0856,1.7634
45.12500,3.9231,0.0118,-0.0118,1.7753
45.15625,3.8801,-0.0605,0.0605,1.7824
45.18750,3.8278,-0.1331,0.1331,1.7851
45.21875,3.7662,-0.2040,0.2040,1.7836
45.25000,3.6955,-0.2717,0.2717,1.7784
45.28125,3.6160,-0.3366,0.3366,1.7686
45.31250,3.5277,-0.4031,0.4031,1.7538
45.34375,3.4309,-0.4709,0.4709,1.7369
45.37500,3.3259,-0.5363,0.5363,1.7142
45.40625,3.2128,-0.6063,0.6063,1.6894
45.43750,3.0920,-0.6745,0.6745,1.6592
45.46875,2.9638,-0.7425,0.7425,1.6260
45.50000,2.8284,-0.8041,0.8041,1.5876
45.53125,2.6862,-0.8620,0.8620,1.5471
45.56250,2.5376,-0.9152,0.9152,1.5024
45.59375,2.3828,-0.9712,0.9712,1.4542
45.62500,2.2223,-1.0282,1.0282,1.4021
45.65625,2.0564,-1.0829,1.0829,1.3460
45.68750,1.8856,-1.1334,1.1334,1.2860
45.71875,1.7102,-1.1788,1.1788,1.2223
45.75000,1.5307,-1.2190,1.2190,1.1551
45.78125,1.3476,-1.2539,1.2539,1.0862
45.81250,1.1611,-1.2831,1.2831,1.0145
45.84375,0.9719,-1.3118,1.3118,0.9411
45.87500,0.7804,-1.3404,1.3404,0.8652
45.90625,0.5869,-1.3683,1.3683,0.7867
45.93750,0.3921,-1.3932,1.3932,0.7069
45.96875,0.1963,-1.4122,1.4122,0.6256
46.00000,0.0000,-1.4287,1.4287,0.5430
46.03125,-0.1963,-1.4433,1.4433,0.4590
46.06250,-0.3921,-1.4538,1.4538,0.3745
46.09375,-0.5869,-1.4576,1.4576,0.2881
46.12500,-0.7804,-1.4584,1.4584,0.2022
46.15625,-0.9719,-1.4559,1.4559,0.1149
46.18750,-1.1611,-1.4541,1.4541,0.0275
46.21875,-1.3476,-1.4496,1.4496,-0.0605
46.25000,-1.5307,-1.4401,1.4401,-0.1481
46.28125,-1.7102,-1.4242,1.4242,-0.2356
46.31250,-1.8856,-1.4044,1.4044,-0.3233
46.34375,-2.0564,-1.3809,1.3809,-0.4101
46.37500,-2.2223,-1.3508,1.3508,-0.4955
46.40625,-2.3828,-1.3165,1.3165,-0.5789
46.43750,-2.5376,-1.2832,1.2832,-0.6610
46.46875,-2.6862,-1.2531,1.2531,-0.7390
46.50000,-2.8284,-1.2206,1.2206,-0.8163
46.53125,-2.9638,-1.1888,1.1888,-0.8913
46.56250,-3.0920,-1.1512,1.1512,-0.9647
46.59375,-3.2128,-1.1064,1.1064,-1.0371
46.62500,-3.3259,-1.0564,1.0564,-1.1068
46.65625,-3.4309,-1.0010,1.0010,-1.1750
46.68750,-3.5277,-0.9450,0.9450,-1.2404
46.71875,-3.6160,-0.8872,0.8872,-1.3042
46.75000,-3.6955,-0.8279,0.8279,-1.3647
46.78125,-3.7662,-0.7636,0.7636,-1.4211
46.81250,-3.8278,-0.6962,0.6962,-1.4750
46.84375,-3.8801,-0.6304,0.6304,-1.5231
46.87500,-3.9231,-0.5608,0.5608,-1.5686
46.90625,-3.9567,-0.4919,0.4919,-1.6091
46.93750,-3.9807,-0.4207,0.4207,-1.6468
46.96875,-3.9952,-0.3506,0.3506,-1.6800
47.00000,-4.0000,-0.2796,0.2796,-1.7089
47.03125,-3.9952,-0.2094,0.2094,-1.7353
47.06250,-3.9807,-0.1408,0.1408,-1.7554
47.09375,-3.9567,-0.0670,0.0670,-1.7728
47.12500,-3.9231,0.0056,-0.0056,-1.7863
47.15625,-3.8801,0.0799,-0.0799,-1.7940
47.18750,-3.8278,0.1580,-0.1580,-1.7979
47.21875,-3.7662,0.2319,-0.2319,-1.7973
47.25000,-3.6955,0.3015,-0.3015,-1.7917
47.28125,-3.6160,0.3698,-0.3698,-1.7825
47.31250,-3.5277,0.4364,-0.4364,-1.7691
47.34375,-3.4309,0.5033,-0.5033,-1.7519
47.37500,-3.3259,0.5713,-0.5713,-1.7311
47.40625,-3.2128,0.6405,-0.6405,-1.7052
47.43750,-3.0920,0.7106,-0.7106,-1.6767
47.46875,-2.9638,0.7760,-0.7760,-1.6433
47.50000,-2.8284,0.8412,-0.8412,-1.6058
47.53125,-2.6862,0.9030,-0.9030,-1.5651
47.56250,-2.5376,0.9596,-0.9596,-1.5195
47.59375,-2.3828,1.0144,-1.0144,-1.4704
47.62500,-2.2223,1.0658,-1.0658,-1.4173
47.65625,-2.0564,1.1151,-1.1151,-1.3613
47.68750,-1.8856,1.1625,-1.1625,-1.3011
47.71875,-1.7102,1.2097,-1.2097,-1.2380
47.75000,-1.5307,1.2527,-1.2527,-1.1719
47.78125,-1.3476,1.2900,-1.2900,-1.1035
47.81250,-1.1611,1.3231,-1.3231,-1.0328
47.84375,-0.9719,1.3546,-1.3546,-0.9607
47.87500,-0.7804,1.3844,-1.3844,-0.8864
47.90625,-0.5869,1.4141,-1.4141,-0.8109
47.93750,-0.3921,1.4417,-1.4417,-0.7324
47.96875,-0.1963,1.4680,-1.4680,-0.6523
48.00000,-0.0000,1.4885,-1.4885,-0.5701
48.03125,0.1963,1.5036,-1.5036,-0.4850
48.06250,0.3921,1.5137,-1.5137,-0.3984
48.09375,0.5869,1.5152,-1.5152,-0.3096
48.12500,0.7804,1.5097,-1.5097,-0.2204
48.15625,0.9719,1.4994,-1.4994,-0.1306
48.18750,1.1611,1.4886,-1.4886,-0.0403
48.21875,1.3476,1.4776,-1.4776,0.0486
48.25000,1.5307,1.4626,-1.4626,0.1366
48.28125,1.7102,1.4464,-1.4464,0.2257
48.31250,1.8856,1.4299,-1.4299,0.3110
48.34375,2.0564,1.4045,-1.4045,0.3980
48.37500,2.2223,1.3793,-1.3793,0.4826
48.40625,2.3828,1.3483,-1.3483,0.5662
48.43750,2.5376,1.3146,-1.3146,0.6479
48.46875,2.6862,1.2802,-1.2802,0.7289
48.50000,2.8284,1.2460,-1.2460,0.8062
48.53125,2.9638,1.2071,-1.2071,0.8831
48.56250,3.0920,1.1680,-1.1680,0.9578
48.59375,3.2128,1.1235,-1.1235,1.0310
48.62500,3.3259,1.0719,-1.0719,1.1017
48.65625,3.4309,1.0146,-1.0146,1.1681
48.68750,3.5277,0.9561,-0.9561,1.2320
48.71875,3.6160,0.9034,-0.9034,1.2926
48.75000,3.6955,0.8510,-0.8510,1.3499
48.78125,3.7662,0.7942,-0.7942,1.4063
48.81250,3.8278,0.7338,-0.7338,1.4592
48.84375,3.8801,0.6655,-0.6655,1.5099
48.87500,3.9231,0.5935,-0.5935,1.5567
48.90625,3.9567,0.5187,-0.5187,1.5991
48.93750,3.9807,0.4436,-0.4436,1.6372
48.96875,3.9952,0.3709,-0.3709,1.6708
49.00000,4.0000,0.3002,-0.3002,1.6995
49.03125,3.9952,0.2302,-0.2302,1.7240
49.06250,3.9807,0.1616,-0.1616,1.7442
49.09375,3.9567,0.0924,-0.0924,1.7595
49.12500,3.9231,0.0217,-0.0217,1.7707
49.15625,3.8801,-0.0487,0.0487,1.7776
49.18750,3.8278,-0.1194,0.1194,1.7806
49.21875,3.7662,-0.1901,0.1901,1.7806
49.25000,3.6955,-0.2609,0.2609,1.7765
49.28125,3.6160,-0.3341,0.3341,1.7695
49.31250,3.5277,-0.4072,0.4072,1.7570
49.34375,3.4309,-0.4803,0.4803,1.7404
49.37500,3.3259,-0.5491,0.5491,1.7179
49.40625,3.2128,-0.6150,0.6150,1.6923
49.43750,3.0920,-0.6772,0.6772,1.6618
49.46875,2.9638,-0.7420,0.7420,1.6275
49.50000,2.8284,-0.8064,0.8064,1.5908
49.53125,2.6862,-0.8664,0.8664,1.5496
49.56250,2.5376,-0.9261,0.9261,1.5049
49.59375,2.3828,-0.9832,0.9832,1.4563
49.62500,2.2223,-1.0363,1.0363,1.4035
49.65625,2.0564,-1.0858,1.0858,1.3469
49.68750,1.8856,-1.1320,1.1320,1.2865
49.71875,1.7102,-1.1756,1.1756,1.2227
49.75000,1.5307,-1.2165,1.2165,1.1562
49.78125,1.3476,-1.2536,1.2536,1.0875
49.81250,1.1611,-1.2877,1.2877,1.0166
49.84375,0.9719,-1.3202,1.3202,0.9427
49.87500,0.7804,-1.3502,1.3502,0.8660
49.90625,0.5869,-1.3743,1.3743,0.7874
49.93750,0.3921,-1.3917,1.3917,0.7076
49.96875,0.1963,-1.4074,1.4074,0.6259
50.00000,0.0000,-1.4262,1.4262,0.5446
50.03125,-0.1963,-1.4431,1.4431,0.4614
50.06250,-0.3921,-1.4584,1.4584,0.3779
50.09375,-0.5869,-1.4679,1.4679,0.2935
50.12500,-0.7804,-1.4725,1.4725,0.2078
50.15625,-0.9719,-1.4738,1.4738,0.1223
50.18750,-1.1611,-1.4702,1.4702,0.0344
50.21875,-1.3476,-1.4646,1.4646,-0.0532
50.25000,-1.5307,-1.4521,1.4521,-0.1419
50.28125,-1.7102,-1.4357,1.4357,-0.2299
50.31250,-1.8856,-1.4154,1.4154,-0.3176
50.34375,-2.0564,-1.3927,1.3927,-0.4039
50.37500,-2.2223,-1.3660,1.3660,-0.4893
50.40625,-2.3828,-1.3362,1.3362,-0.5720
50.43750,-2.5376,-1.3022,1.3022,-0.6533
50.46875,-2.6862,-1.2688,1.2688,-0.7335
50.50000,-2.8284,-1.2348,1.2348,-0.8120
50.53125,-2.9638,-1.1958,1.1958,-0.8893
50.56250,-3.0920,-1.1521,1.1521,-0.9637
50.59375,-3.2128,-1.1047,1.1047,-1.0371
50.62500,-3.3259,-1.0574,1.0574,-1.1076
50.65625,-3.4309,-1.0053,1.0053,-1.1753
50.68750,-3.5277,-0.9479,0.9479,-1.2412
50.71875,-3.6160,-0.8882,0.8882,-1.3038
50.75000,-3.6955,-0.8255,0.8255,-1.3639
50.78125,-3.7662,-0.7615,0.7615,-1.4193
50.81250,-3.8278,-0.6959,0.6959,-1.4719
50.84375,-3.8801,-0.6329,0.6329,-1.5201
50.87500,-3.9231,-0.5689,0.5689,-1.5650
50.90625,-3.9567,-0.5026,0.5026,-1.6056
50.93750,-3.9807,-0.4329,0.4329,-1.6425
50.96875,-3.9952,-0.3621,0.3621,-1.6762
51.00000,-4.0000,-0.2908,0.2908,-1.7056
51.03125,-3.9952,-0.2172,0.2172,-1.7310
51.06250,-3.9807,-0.1433,0.1433,-1.7530
51.09375,-3.9567,-0.0712,0.0712,-1.7702
51.12500,-3.9231,0.0022,-0.0022,-1.7838
51.15625,-3.8801,0.0754,-0.0754,-1.7918
51.18750,-3.8278,0.1501,-0.1501,-1.7961
51.21875,-3.7662,0.2220,-0.2220,-1.7956
51.25000,-3.6955,0.2942,-0.2942,-1.7915
51.28125,-3.6160,0.3667,-0.3667,-1.7838
51.31250,-3.5277,0.4401,-0.4401,-1.7709
51.34375,-3.4309,0.5138,-0.5138,-1.7540
51.37500,-3.3259,0.5823,-0.5823,-1.7322
51.40625,-3.2128,0.6465,-0.6465,-1.7052
51.43750,-3.0920,0.7085,-0.7085,-1.6755
51.46875,-2.9638,0.7685,-0.7685,-1.6413
51.50000,-2.8284,0.8320,-0.8320,-1.6042
51.53125,-2.6862,0.8955,-0.8955,-1.5635
51.56250,-2.5376,0.9573,-0.9573,-1.5193
51.59375,-2.3828,1.0160,-1.0160,-1.4718
51.62500,-2.2223,1.0716,-1.0716,-1.4200
51.65625,-2.0564,1.1244,-1.1244,-1.3654
51.68750,-1.8856,1.1723,-1.1723,-1.3053
51.71875,-1.7102,1.2184,-1.2184,-1.2432
51.75000,-1.5307,1.2581,-1.2581,-1.1771
51.78125,-1.3476,1.2969,-1.2969,-1.1092
51.81250,-1.1611,1.3339,-1.3339,-1.0380
51.84375,-0.9719,1.3702,-1.3702,-0.9633
51.87500,-0.7804,1.4006,-1.4006,-0.8873
51.90625,-0.5869,1.4209,-1.4209,-0.8082
51.93750,-0.3921,1.4388,-1.4388,-0.7284
51.96875,-0.1963,1.4552,-1.4552,-0.6477
52.00000,0.0000,1.4722,-1.4722,-0.5647
52.03125,0.0798,1.3727,-1.3727,-0.4830
52.06250,0.1621,1.2702,-1.2702,-0.4014
52.09375,0.2466,1.1723,-1.1723,-0.3230
52.12500,0.3333,1.0817,-1.0817,-0.2476
52.15625,0.4219,1.0020,-1.0020,-0.1759
52.18750,0.5121,0.9318,-0.9318,-0.1093
52.21875,0.6037,0.8694,-0.8694,-0.0461
52.25000,0.6963,0.8198,-0.8198,0.0125
52.28125,0.7897,0.7811,-0.7811,0.0675
52.31250,0.8834,0.7525,-0.7525,0.1190
52.34375,0.9769,0.7319,-0.7319,0.1688
52.37500,1.0700,0.7176,-0.7176,0.2160
52.40625,1.1620,0.7041,-0.7041,0.2629
52.43750,1.2525,0.6921,-0.6921,0.3082
52.46875,1.3408,0.6772,-0.6772,0.3524
52.50000,1.4265,0.6613,-0.6613,0.3955
52.53125,1.5088,0.6467,-0.6467,0.4364
52.56250,1.5872,0.6327,-0.6327,0.4763
52.59375,1.6609,0.6197,-0.6197,0.5148
52.62500,1.7293,0.6045,-0.6045,0.5526
52.65625,1.7917,0.5844,-0.5844,0.5890
52.68750,1.8472,0.5575,-0.5575,0.6239
52.71875,1.8953,0.5252,-0.5252,0.6582
52.75000,1.9352,0.4891,-0.4891,0.6916
52.78125,1.9661,0.4455,-0.4455,0.7240
52.81250,1.9875,0.3931,-0.3931,0.7551
52.84375,1.9985,0.3332,-0.3332,0.7834
52.87500,1.9987,0.2676,-0.2676,0.8089
52.90625,1.9873,0.1995,-0.1995,0.8317
52.93750,1.9639,0.1275,-0.1275,0.8489
52.96875,1.9281,0.0473,-0.0473,0.8624
53.00000,1.8794,-0.0347,0.0347,0.8708
53.03125,1.8176,-0.1184,0.1184,0.8738
53.06250,1.7425,-0.2040,0.2040,0.8733
53.09375,1.6540,-0.2905,0.2905,0.8677
53.12500,1.5522,-0.3824,0.3824,0.8576
53.15625,1.4374,-0.4776,0.4776,0.8422
53.18750,1.3099,-0.5736,0.5736,0.8219
53.21875,1.1701,-0.6687,0.6687,0.7967
53.25000,1.0188,-0.7648,0.7648,0.7656
53.28125,0.8569,-0.8632,0.8632,0.7298
53.31250,0.6853,-0.9588,0.9588,0.6871
53.34375,0.5053,-1.0505,1.0505,0.6400
53.37500,0.3183,-1.1325,1.1325,0.5876
53.40625,0.1257,-1.2085,1.2085,0.5296
53.43750,-0.0706,-1.2796,1.2796,0.4663
53.46875,-0.2688,-1.3405,1.3405,0.3983
53.50000,-0.4669,-1.3874,1.3874,0.3262
53.53125,-0.6627,-1.4222,1.4222,0.2499
53.56250,-0.8539,-1.4473,1.4473,0.1713
53.59375,-1.0382,-1.4587,1.4587,0.0900
53.62500,-1.2132,-1.4550,1.4550,0.0071
53.65625,-1.3765,-1.4340,1.4340,-0.0776
53.68750,-1.5256,-1.3952,1.3952,-0.1618
53.71875,-1.6582,-1.3363,1.3363,-0.2464
53.75000,-1.7720,-1.2612,1.2612,-0.3295
53.78125,-1.8649,-1.1680,1.1680,-0.4100
53.81250,-1.9349,-1.0564,1.0564,-0.4880
53.84375,-1.9802,-0.9281,0.9281,-0.5600
53.87500,-1.9994,-0.7817,0.7817,-0.6260
53.90625,-1.9913,-0.6226,0.6226,-0.6848
53.93750,-1.9552,-0.4528,0.4528,-0.7361
53.96875,-1.8906,-0.2713,0.2713,-0.7786
54.00000,-1.7976,-0.0769,0.0769,-0.8126
54.03125,-1.6766,0.1256,-0.1256,-0.8370
54.06250,-1.5288,0.3332,-0.3332,-0.8501
54.09375,-1.3554,0.5430,-0.5430,-0.8527
54.12500,-1.1587,0.7487,-0.7487,-0.8431
54.15625,-0.9412,0.9498,-0.9498,-0.8224
54.18750,-0.7058,1.1428,-1.1428,-0.7904
54.21875,-0.4561,1.3261,-1.3261,-0.7468
54.25000,-0.1960,1.4967,-1.4967,-0.6916
54.28125,0.0700,1.6481,-1.6481,-0.6259
54.31250,0.3374,1.7735,-1.7735,-0.5491
54.34375,0.6011,1.8709,-1.8709,-0.4638
54.37500,0.8561,1.9364,-1.9364,-0.3701
54.40625,1.0972,1.9709,-1.9709,-0.2700
54.43750,1.3193,1.9713,-1.9713,-0.1656
54.46875,1.5174,1.9356,-1.9356,-0.0571
54.50000,1.6868,1.8657,-1.8657,0.0526
54.53125,1.8232,1.7580,-1.7580,0.1630
54.56250,1.9227,1.6123,-1.6123,0.2709
54.59375,1.9824,1.4278,-1.4278,0.3739
54.62500,1.9998,1.2087,-1.2087,0.4704
54.65625,1.9733,0.9616,-0.9616,0.5577
54.68750,1.9025,0.6898,-0.6898,0.6342
54.71875,1.7878,0.3973,-0.3973,0.6992
54.75000,1.6308,0.0900,-0.0900,0.7506
54.78125,1.4340,-0.2282,0.2282,0.7872
54.81250,1.2012,-0.5508,0.5508,0.8068
54.84375,0.9373,-0.8690,0.8690,0.8095
54.87500,0.6480,-1.1718,1.1718,0.7934
54.90625,0.3401,-1.4535,1.4535,0.7604
54.93750,0.0210,-1.7054,1.7054,0.7099
54.96875,-0.3012,-1.9235,1.9235,0.6437
55.00000,-0.6180,-2.0998,2.0998,0.5621
55.03125,-0.9208,-2.2276,2.2276,0.4667
55.06250,-1.2008,-2.2996,2.2996,0.3609
55.09375,-1.4498,-2.3115,2.3115,0.2443
55.12500,-1.6599,-2.2661,2.2661,0.1222
55.15625,-1.8243,-2.1574,2.1574,-0.0028
55.18750,-1.9370,-1.9878,1.9878,-0.1279
55.21875,-1.9937,-1.7633,1.7633,-0.2501
55.25000,-1.9912,-1.4867,1.4867,-0.3657
55.28125,-1.9284,-1.1601,1.1601,-0.4719
55.31250,-1.8058,-0.7916,0.7916,-0.5646
55.34375,-1.6259,-0.3927,0.3927,-0.6417
55.37500,-1.3932,0.0221,-0.0221,-0.7004
55.40625,-1.1141,0.4422,-0.4422,-0.7394
55.43750,-0.7967,0.8561,-0.8561,-0.7568
55.46875,-0.4508,1.2525,-1.2525,-0.7521
55.50000,-0.0872,1.6163,-1.6163,-0.7244
55.53125,0.2818,1.9342,-1.9342,-0.6737
55.56250,0.6437,2.1937,-2.1937,-0.6016
55.59375,0.9855,2.3828,-2.3828,-0.5113
55.62500,1.2947,2.4939,-2.4939,-0.4045
55.65625,1.5596,2.5258,-2.5258,-0.2850
55.68750,1.7693,2.4732,-2.4732,-0.1577
55.71875,1.9152,2.3327,-2.3327,-0.0240
55.75000,1.9904,2.1099,-2.1099,0.1093
55.78125,1.9906,1.8059,-1.8059,0.2399
55.81250,1.9143,1.4320,-1.4320,0.3606
55.84375,1.7630,0.9987,-0.9987,0.4684
55.87500,1.5412,0.5259,-0.5259,0.5575
55.90625,1.2564,0.0294,-0.0294,0.6266
55.93750,0.9189,-0.4710,0.4710,0.6719
55.96875,0.5416,-0.9615,0.9615,0.6923
56.00000,0.1395,-1.4231,1.4231,0.6868
56.03125,-0.2710,-1.8352,1.8352,0.6540
56.06250,-0.6725,-2.1791,2.1791,0.5960
56.09375,-1.0475,-2.4344,2.4344,0.5155
56.12500,-1.3791,-2.5899,2.5899,0.4139
56.15625,-1.6518,-2.6427,2.6427,0.2964
56.18750,-1.8522,-2.5839,2.5839,0.1680
56.21875,-1.9700,-2.4120,2.4120,0.0329
56.25000,-1.9983,-2.1353,2.1353,-0.1017
56.28125,-1.9340,-1.7629,1.7629,-0.2307
56.31250,-1.7787,-1.3117,1.3117,-0.3495
56.34375,-1.5379,-0.7988,0.7988,-0.4523
56.37500,-1.2218,-0.2409,0.2409,-0.5356
56.40625,-0.8446,0.3367,-0.3367,-0.5950
56.43750,-0.4236,0.9073,-0.9073,-0.6277
56.46875,0.0209,1.4412,-1.4412,-0.6306
56.50000,0.4669,1.9111,-1.9111,-0.6060
56.53125,0.8916,2.2891,-2.2891,-0.5523
56.56250,1.2728,2.5613,-2.5613,-0.4733
56.59375,1.5898,2.7101,-2.7101,-0.3731
56.62500,1.8249,2.7240,-2.7240,-0.2540
56.65625,1.9640,2.6024,-2.6024,-0.1239
56.68750,1.9982,2.3439,-2.3439,0.0110
56.71875,1.9237,1.9610,-1.9610,0.1454
56.75000,1.7429,1.4749,-1.4749,0.2710
56.78125,1.4641,0.9043,-0.9043,0.3819
56.81250,1.1014,0.2785,-0.2785,0.4725
56.84375,0.6741,-0.3677,0.3677,0.5367
56.87500,0.2058,-0.9992,0.9992,0.5723
56.90625,-0.2769,-1.5769,1.5769,0.5750
56.93750,-0.7459,-2.0698,2.0698,0.5468
56.96875,-1.1731,-2.4449,2.4449,0.4880
57.00000,-1.5321,-2.6818,2.6818,0.4007
57.03125,-1.8001,-2.7652,2.7652,0.2926
57.06250,-1.9591,-2.6826,2.6826,0.1667
57.09375,-1.9978,-2.4422,2.4422,0.0320
57.12500,-1.9117,-2.0517,2.0517,-0.1052
57.15625,-1.7043,-1.5317,1.5317,-0.2341
57.18750,-1.3872,-0.9090,0.9090,-0.3488
57.21875,-0.9790,-0.2278,0.2278,-0.4411
57.25000,-0.5050,0.4701,-0.4701,-0.5072
57.28125,0.0046,1.1419,-1.1419,-0.5409
57.31250,0.5163,1.7501,-1.7501,-0.5427
57.34375,0.9959,2.2493,-2.2493,-0.5099
57.37500,1.4104,2.6062,-2.6062,-0.4465
57.40625,1.7302,2.7920,-2.7920,-0.3550
57.43750,1.9321,2.7953,-2.7953,-0.2415
57.46875,2.0000,2.6125,-2.6125,-0.1141
57.50000,1.9273,2.2514,-2.2514,0.0188
57.53125,1.7170,1.7352,-1.7352,0.1480
57.56250,1.3824,1.0993,-1.0993,0.2657
57.59375,0.9460,0.3867,-0.3867,0.3632
57.62500,0.4382,-0.3569,0.3569,0.4336
57.65625,-0.1043,-1.0789,1.0789,0.4734
57.68750,-0.6416,-1.7234,1.7234,0.4774
57.71875,-1.1330,-2.2445,2.2445,0.4481
57.75000,-1.5405,-2.5979,2.5979,0.3854
57.78125,-1.8316,-2.7596,2.7596,0.2959
57.81250,-1.9821,-2.7132,2.7132,0.1846
57.84375,-1.9784,-2.4617,2.4617,0.0613
57.87500,-1.8186,-2.0195,2.0195,-0.0660
57.90625,-1.5132,-1.4203,1.4203,-0.1873
57.93750,-1.0849,-0.7077,0.7077,-0.2923
57.96875,-0.5668,0.0648,-0.0648,-0.3744
58.00000,-0.0000,0.8332,-0.8332,-0.4270
58.03125,0.5693,1.5383,-1.5383,-0.4456
58.06250,1.0936,2.1245,-2.1245,-0.4300
58.09375,1.5284,2.5403,-2.5403,-0.3790
58.12500,1.8354,2.7499,-2.7499,-0.2984
58.15625,1.9869,2.7271,-2.7271,-0.1934
58.18750,1.9675,2.4727,-2.4727,-0.0741
58.21875,1.7769,2.0065,-2.0065,0.0507
58.25000,1.4296,1.3695,-1.3695,0.1695
58.28125,0.9541,0.6132,-0.6132,0.2723
58.31250,0.3915,-0.1986,0.1986,0.3510
58.34375,-0.2087,-0.9941,0.9941,0.3970
58.37500,-0.7925,-1.7037,1.7037,0.4080
58.40625,-1.3061,-2.2595,2.2595,0.3830
58.43750,-1.7011,-2.6116,2.6116,0.3244
58.46875,-1.9393,-2.7291,2.7291,0.2373
58.50000,-1.9963,-2.5984,2.5984,0.1297
58.53125,-1.8643,-2.2254,2.2254,0.0109
58.56250,-1.5538,-1.6408,1.6408,-0.1080
58.59375,-1.0923,-0.8974,0.8974,-0.2150
58.62500,-0.5229,-0.0658,0.0658,-0.3020
58.65625,0.1000,0.7710,-0.7710,-0.3589
58.68750,0.7155,1.5362,-1.5362,-0.3818
58.71875,1.2622,2.1530,-2.1530,-0.3674
58.75000,1.6844,2.5604,-2.5604,-0.3191
58.78125,1.9380,2.7134,-2.7134,-0.2388
58.81250,1.9949,2.5987,-2.5987,-0.1375
58.84375,1.8471,2.2205,-2.2205,-0.0225
58.87500,1.5073,1.6179,-1.6179,0.0926
58.90625,1.0088,0.8469,-0.8469,0.1982
58.93750,0.4022,-0.0128,0.0128,0.2811
58.96875,-0.2494,-0.8756,0.8756,0.3356
59.00000,-0.8767,-1.6457,1.6457,0.3531
59.03125,-1.4120,-2.2443,2.2443,0.3351
59.06250,-1.7960,-2.6015,2.6015,0.2813
59.09375,-1.9849,-2.6815,2.6815,0.1995
59.12500,-1.9556,-2.4706,2.4706,0.0967
59.15625,-1.7089,-1.9907,1.9907,-0.0151
59.18750,-1.2698,-1.2892,1.2892,-0.1242
59.21875,-0.6859,-0.4427,0.4427,-0.2181
59.25000,-0.0218,0.4540,-0.4540,-0.2864
59.28125,0.6472,1.2986,-1.2986,-0.3218
59.31250,1.2440,1.9946,-1.9946,-0.3207
59.34375,1.6982,2.4629,-2.4629,-0.2832
59.37500,1.9552,2.6490,-2.6490,-0.2134
59.40625,1.9822,2.5280,-2.5280,-0.1198
59.43750,1.7736,2.1088,-2.1088,-0.0140
59.46875,1.3518,1.4384,-1.4384,0.0929
59.50000,0.7654,0.5976,-0.5976,0.1868
59.53125,0.0838,-0.3168,0.3168,0.2583
59.56250,-0.6105,-1.1932,1.1932,0.2971
59.59375,-1.2319,-1.9273,1.9273,0.3004
59.62500,-1.7024,-2.4240,2.4240,0.2661
59.65625,-1.9615,-2.6211,2.6211,0.1997
59.68750,-1.9742,-2.4892,2.4892,0.1090
59.71875,-1.7363,-2.0439,2.0439,0.0054
59.75000,-1.2755,-1.3399,1.3399,-0.0988
59.78125,-0.6489,-0.4641,0.4641,-0.1894
59.81250,0.0641,0.4748,-0.4748,-0.2562
59.84375,0.7711,1.3540,-1.3540,-0.2890
59.87500,1.3791,2.0597,-2.0597,-0.2848
59.90625,1.8064,2.4952,-2.4952,-0.2438
59.93750,1.9942,2.6025,-2.6025,-0.1717
59.96875,1.9148,2.3656,-2.3656,-0.0785
60.00000,1.5760,1.8132,-1.8132,0.0247
60.03125,1.0215,1.0168,-1.0168,0.1230
60.06250,0.3250,0.0791,-0.0791,0.2036
60.09375,-0.4187,-0.8716,0.8716,0.2569
60.12500,-1.1066,-1.7018,1.7018,0.2734
60.15625,-1.6419,-2.2991,2.2991,0.2533
60.18750,-1.9474,-2.5741,2.5741,0.1980
60.21875,-1.9777,-2.4880,2.4880,0.1141
60.25000,-1.7255,-2.0493,2.0493,0.0156
60.28125,-1.2243,-1.3128,1.3128,-0.0846
60.31250,-0.5442,-0.3869,0.3869,-0.1731
60.34375,0.2174,0.5936,-0.5936,-0.2366
60.37500,0.9495,1.4910,-1.4910,-0.2658
60.40625,1.5437,2.1751,-2.1751,-0.2583
60.43750,1.9103,2.5408,-2.5408,-0.2143
60.46875,1.9921,2.5342,-2.5342,-0.1398
60.50000,1.7740,2.1534,-2.1534,-0.0474
60.53125,1.2863,1.4488,-1.4488,0.0499
60.56250,0.6006,0.5273,-0.5273,0.1376
60.59375,-0.1794,-0.4716,0.4716,0.2014
60.62500,-0.9341,-1.3965,1.3965,0.2339
60.65625,-1.5458,-2.1028,2.1028,0.2280
60.68750,-1.9173,-2.4829,2.4829,0.1882
60.71875,-1.9876,-2.4709,2.4709,0.1194
60.75000,-1.7429,-2.0714,2.0714,0.0335
60.78125,-1.2191,-1.3451,1.3451,-0.0556
60.81250,-0.4979,-0.4054,0.4054,-0.1352
60.84375,0.3061,0.5976,-0.5976,-0.1926
60.87500,1.0626,1.5059,-1.5059,-0.2191
60.90625,1.6474,2.1727,-2.1727,-0.2087
60.93750,1.9626,2.4862,-2.4862,-0.1649
60.96875,1.9533,2.3853,-2.3853,-0.0922
61.00000,1.6180,1.8866,-1.8866,-0.0044
61.03125,1.0102,1.0684,-1.0684,0.0850
61.06250,0.2299,0.0679,-0.0679,0.1596
61.09375,-0.5917,-0.9476,0.9476,0.2089
61.12500,-1.3146,-1.8032,1.8032,0.2230
61.15625,-1.8134,-2.3556,2.3556,0.2000
61.18750,-1.9997,-2.5066,2.5066,0.1446
61.21875,-1.8384,-2.2247,2.2247,0.0656
61.25000,-1.3544,-1.5578,1.5578,-0.0232
61.28125,-0.6303,-0.6195,0.6195,-0.1059
61.31250,0.2077,0.4279,-0.4279,-0.1675
61.34375,1.0110,1.3982,-1.3982,-0.1975
61.37500,1.6352,2.1148,-2.1148,-0.1919
61.40625,1.9658,2.4472,-2.4472,-0.1510
61.43750,1.9404,2.3388,-2.3388,-0.0825
61.46875,1.5603,1.8054,-1.8054,0.0015
61.50000,0.8924,0.9378,-0.9378,0.0865
61.53125,0.0576,-0.1087,0.1087,0.1556
61.56250,-0.7902,-1.1420,1.1420,0.1967
61.59375,-1.4926,-1.9644,1.9644,0.2023
61.62500,-1.9161,-2.4192,2.4192,0.1701
61.65625,-1.9781,-2.4213,2.4213,0.1083
61.68750,-1.6637,-1.9654,1.9654,0.0273
61.71875,-1.0299,-1.1389,1.1389,-0.0573
61.75000,-0.1960,-0.0961,0.0961,-0.1288
61.78125,0.6781,0.9650,-0.9650,-0.1761
61.81250,1.4225,1.8376,-1.8376,-0.1865
61.84375,1.8902,2.3557,-2.3557,-0.1624
61.87500,1.9868,2.4077,-2.4077,-0.1054
61.90625,1.6899,1.9863,-1.9863,-0.0282
61.93750,1.0554,1.1697,-1.1697,0.0546
61.96875,0.2078,0.1173,-0.1173,0.1270
62.00000,-0.6840,-0.9620,0.9620,0.1742
62.03125,-1.4396,-1.8520,1.8520,0.1883
62.06250,-1.9037,-2.3694,2.3694,0.1647
62.09375,-1.9789,-2.4083,2.4083,0.1106
62.12500,-1.6464,-1.9543,1.9543,0.0354
62.15625,-0.9718,-1.1010,1.1010,-0.0449
62.18750,-0.0930,-0.0215,0.0215,-0.1138
62.21875,0.8077,1.0613,-1.0613,-0.1561
62.25000,1.5405,1.9193,-1.9193,-0.1647
62.28125,1.9488,2.3662,-2.3662,-0.1348
62.31250,1.9430,2.3084,-2.3084,-0.0767
62.34375,1.5210,1.7493,-1.7493,0.0007
62.37500,0.7704,0.8130,-0.8130,0.0781
62.40625,-0.1490,-0.3045,0.3045,0.1398
62.43750,-1.0382,-1.3599,1.3599,0.1718
62.46875,-1.7025,-2.1225,2.1225,0.1666
62.50000,-1.9938,-2.4219,2.4219,0.1269
62.53125,-1.8447,-2.1871,2.1871,0.0592
62.56250,-1.2849,-1.4717,1.4717,-0.0197
62.59375,-0.4364,-0.4285,0.4285,-0.0939
62.62500,0.5124,0.7106,-0.7106,-0.1479
62.65625,1.3477,1.6919,-1.6919,-0.1684
62.68750,1.8789,2.2966,-2.2966,-0.1532
62.71875,1.9823,2.3810,-2.3810,-0.1037
62.75000,1.6308,1.9245,-1.9245,-0.0327
62.78125,0.9020,1.0260,-1.0260,0.0438
62.81250,-0.0379,-0.1089,0.1089,0.1081
62.84375,-0.9712,-1.2160,1.2160,0.1461
62.87500,-1.6791,-2.0358,2.0358,0.1481
62.90625,-1.9930,-2.3767,2.3767,0.1155
62.93750,-1.8355,-2.1537,2.1537,0.0546
62.96875,-1.2406,-1.4185,1.4185,-0.0188
63.00000,-0.3473,-0.3410,0.3410,-0.0891
63.03125,0.6317,0.8207,-0.8207,-0.1376
63.06250,1.4603,1.7900,-1.7900,-0.1535
63.09375,1.9359,2.3268,-2.3268,-0.1339
63.12500,1.9398,2.2962,-2.2962,-0.0832
63.15625,1.4674,1.7072,-1.7072,-0.0149
63.18750,0.6318,0.7028,-0.7028,0.0549
63.21875,-0.3625,-0.4701,0.4701,0.1090
63.25000,-1.2688,-1.5237,1.5237,0.1329
63.28125,-1.8593,-2.1954,2.1954,0.1227
63.31250,-1.9831,-2.3096,2.3096,0.0789
63.34375,-1.6053,-1.8376,1.8376,0.0146
63.37500,-0.8185,-0.8936,0.8936,-0.0545
63.40625,0.1794,0.2815,-0.2815,-0.1105
63.43750,1.1335,1.3876,-1.3876,-0.1396
63.46875,1.7972,2.1404,-2.1404,-0.1331
63.50000,1.9963,2.3452,-2.3452,-0.0931
63.53125,1.6754,1.9420,-1.9420,-0.0290
63.56250,0.9150,1.0298,-1.0298,0.0418
63.59375,-0.0880,-0.1564,0.1564,0.1025
63.62500,-1.0700,-1.3018,1.3018,0.1361
63.65625,-1.7698,-2.1058,2.1058,0.1348
63.68750,-1.9985,-2.3517,2.3517,0.0984
63.71875,-1.6913,-1.9709,1.9709,0.0371
63.75000,-0.9274,-1.0604,1.0604,-0.0334
63.78125,0.0896,0.1366,-0.1366,-0.0946
63.81250,1.0845,1.2978,-1.2978,-0.1301
63.84375,1.7848,2.1072,-2.1072,-0.1304
63.87500,1.9961,2.3410,-2.3410,-0.0956
63.90625,1.6564,1.9301,-1.9301,-0.0362
63.93750,0.8563,0.9840,-0.9840,0.0326
63.96875,-0.1843,-0.2336,0.2336,0.0897
64.00000,-1.1756,-1.3851,1.3851,0.1202
64.03125,-1.8381,-2.1437,2.1437,0.1154
64.06250,-1.9822,-2.2933,2.2933,0.0766
64.09375,-1.5634,-1.7894,1.7894,0.0156
64.12500,-0.6973,-0.7724,0.7724,-0.0515
64.15625,0.3706,0.4680,-0.4680,-0.1045
64.18750,1.3340,1.5794,-1.5794,-0.1288
64.21875,1.9133,2.2394,-2.2394,-0.1181
64.25000,1.9374,2.2527,-2.2527,-0.0757
64.28125,1.3954,1.6139,-1.6139,-0.0140
64.31250,0.4427,0.5090,-0.5090,0.0480
64.34375,-0.6426,-0.7403,0.7403,0.0922
64.37500,-1.5398,-1.7645,1.7645,0.1054
64.40625,-1.9806,-2.2578,2.2578,0.0842
64.43750,-1.8303,-2.0694,2.0694,0.0340
64.46875,-1.1299,-1.2538,1.2538,-0.0286
64.50000,-0.0872,-0.0511,0.0511,-0.0849
64.53125,0.9841,1.1744,-1.1744,-0.1188
64.56250,1.7580,2.0493,-2.0493,-0.1187
64.59375,1.9960,2.3074,-2.3074,-0.0865
64.62500,1.6212,1.8648,-1.8648,-0.0295
64.65625,0.7455,0.8558,-0.8558,0.0337
64.68750,-0.3631,-0.4162,0.4162,0.0840
64.71875,-1.3610,-1.5584,1.5584,0.1067
64.75000,-1.9352,-2.2108,2.2108,0.0944
64.78125,-1.9027,-2.1666,2.1666,0.0519
64.81250,-1.2698,-1.4362,1.4362,-0.0085
64.84375,-0.2332,-0.2491,0.2491,-0.0669
64.87500,0.8797,1.0224,-1.0224,-0.1050
64.90625,1.7136,1.9732,-1.9732,-0.1109
64.93750,1.9989,2.2950,-2.2950,-0.0825
64.96875,1.6401,1.8795,-1.8795,-0.0295
65.00000,0.7492,0.8573,-0.8573,0.0310
65.03125,-0.3872,-0.4403,0.4403,0.0800
65.06250,-1.3993,-1.5909,1.5909,0.1004
65.09375,-1.9542,-2.2189,2.2189,0.0874
65.12500,-1.8660,-2.1124,2.1124,0.0438
65.15625,-1.1599,-1.3050,1.3050,-0.0164
65.18750,-0.0668,-0.0599,0.0599,-0.0716
65.21875,1.0507,1.2136,-1.2136,-0.1053
65.25000,1.8181,2.0846,-2.0846,-0.1059
65.28125,1.9747,2.2587,-2.2587,-0.0735
65.31250,1.4636,1.6752,-1.6752,-0.0198
65.34375,0.4545,0.5298,-0.5298,0.0371
65.37500,-0.7116,-0.7888,0.7888,0.0773
65.40625,-1.6362,-1.8308,1.8308,0.0881
65.43750,-1.9997,-2.2362,2.2362,0.0647
65.46875,-1.6731,-1.8641,1.8641,0.0148
65.50000,-0.7654,-0.8379,0.8379,-0.0429
65.53125,0.4107,0.4924,-0.4924,-0.0904
65.56250,1.4453,1.6597,-1.6597,-0.1099
65.59375,1.9741,2.2551,-2.2551,-0.0934
65.62500,1.8075,2.0658,-2.0658,-0.0489
65.65625,1.0003,1.1494,-1.1494,0.0096
65.68750,-0.1643,-0.1671,0.1671,0.0607
65.71875,-1.2723,-1.4156,1.4156,0.0865
65.75000,-1.9261,-2.1502,2.1502,0.0789
65.78125,-1.8874,-2.1055,2.1055,0.0411
65.81250,-1.1661,-1.2962,1.2962,-0.0126
65.84375,-0.0200,-0.0135,0.0135,-0.0636
65.87500,1.1355,1.2774,-1.2774,-0.0923
65.90625,1.8774,2.1079,-2.1079,-0.0897
65.93750,1.9305,2.1692,-2.1692,-0.0548
65.96875,1.2712,1.4362,-1.4362,-0.0011
66.00000,0.1395,0.1716,-0.1716,0.0520
66.03125,-1.0461,-1.1585,1.1585,0.0846
66.06250,-1.8430,-2.0564,2.0564,0.0847
66.09375,-1.9500,-2.1813,2.1813,0.0521
66.12500,-1.3228,-1.4824,1.4824,-0.0006
66.15625,-0.1942,-0.2208,0.2208,-0.0531
66.18750,1.0101,1.1273,-1.1273,-0.0861
66.21875,1.8316,2.0475,-2.0475,-0.0863
66.25000,1.9535,2.1875,-2.1875,-0.0552
66.28125,1.3251,1.4885,-1.4885,-0.0032
66.31250,0.1844,0.2184,-0.2184,0.0491
66.34375,-1.0298,-1.1367,1.1367,0.0818
66.37500,-1.8457,-2.0519,2.0519,0.0832
66.40625,-1.9425,-2.1675,2.1675,0.0510
66.43750,-1.2782,-1.4353,1.4353,0.0001
66.46875,-0.1099,-0.1346,0.1346,-0.0520
66.50000,1.1039,1.2200,-1.2200,-0.0842
66.53125,1.8821,2.0942,-2.0942,-0.0855
66.56250,1.9124,2.1397,-2.1397,-0.0540
66.59375,1.1785,1.3381,-1.3381,-0.0055
66.62500,-0.0295,0.0023,-0.0023,0.0424
66.65625,-1.2276,-1.3274,1.3274,0.0681
66.68750,-1.9315,-2.1134,2.1134,0.0618
66.71875,-1.8527,-2.0308,2.0308,0.0254
66.75000,-1.0188,-1.1091,1.1091,-0.0257
66.78125,0.2331,0.2788,-0.2788,-0.0722
66.81250,1.3915,1.5635,-1.5635,-0.0934
66.84375,1.9783,2.2188,-2.2188,-0.0815
66.87500,1.7477,1.9683,-1.9683,-0.0411
66.90625,0.7908,0.9107,-0.9107,0.0114
66.93750,-0.4973,-0.5171,0.5171,0.0538
66.96875,-1.5795,-1.7194,1.7194,0.0693
67.00000,-2.0000,-2.1888,2.1888,0.0510
67.03125,-1.5779,-1.7260,1.7260,0.0074
67.06250,-0.4873,-0.5227,0.5227,-0.0419
67.09375,0.8122,0.9126,-0.9126,-0.0777
67.12500,1.7674,1.9650,-1.9650,-0.0836
67.15625,1.9678,2.1858,-2.1858,-0.0578
67.18750,1.3230,1.4773,-1.4773,-0.0125
67.21875,0.1066,0.1403,-0.1403,0.0342
67.25000,-1.1579,-1.2468,1.2468,0.0610
67.28125,-1.9214,-2.0843,2.0843,0.0570
67.31250,-1.8483,-2.0038,2.0038,0.0230
67.34375,-0.9661,-1.0359,1.0359,-0.0252
67.37500,0.3419,0.4006,-0.4006,-0.0684
67.40625,1.5013,1.6726,-1.6726,-0.0857
67.43750,1.9981,2.2190,-2.2190,-0.0705
67.46875,1.6082,1.7903,-1.7903,-0.0302
67.50000,0.5008,0.5732,-0.5732,0.0197
67.53125,-0.8325,-0.8877,0.8877,0.0539
67.56250,-1.7941,-1.9421,1.9421,0.0598
67.59375,-1.9486,-2.1089,2.1089,0.0328
67.62500,-1.2218,-1.3106,1.3106,-0.0128
67.65625,0.0607,0.0968,-0.0968,-0.0589
67.68750,1.3177,1.4709,-1.4709,-0.0825
67.71875,1.9740,2.1869,-2.1869,-0.0751
67.75000,1.7255,1.9115,-1.9115,-0.0400
67.78125,0.6818,0.7694,-0.7694,0.0060
67.81250,-0.6787,-0.7136,0.7136,0.0419
67.84375,-1.7264,-1.8494,1.8494,0.0504
67.87500,-1.9720,-2.1087,2.1087,0.0286
67.90625,-1.2967,-1.3651,1.3651,-0.0139
67.93750,-0.0123,0.0361,-0.0361,-0.0557
67.96875,1.2799,1.4380,-1.4380,-0.0791
68.00000,1.9696,2.1752,-2.1752,-0.0699
68.03125,1.7270,1.8982,-1.8982,-0.0339
68.06250,0.6627,0.7280,-0.7280,0.0129
68.09375,-0.7195,-0.7812,0.7812,0.0483
68.12500,-1.7592,-1.9071,1.9071,0.0551
68.15625,-1.9550,-2.1051,2.1051,0.0315
68.18750,-1.2082,-1.2739,1.2739,-0.0116
68.21875,0.1245,0.1852,-0.1852,-0.0525
68.25000,1.3987,1.5644,-1.5644,-0.0713
68.28125,1.9931,2.1899,-2.1899,-0.0579
68.31250,1.6137,1.7513,-1.7513,-0.0189
68.34375,0.4417,0.4556,-0.4556,0.0291
68.37500,-0.9495,-1.0637,1.0637,0.0604
68.40625,-1.8736,-2.0615,2.0615,0.0627
68.43750,-1.8700,-2.0343,2.0343,0.0338
68.46875,-0.9359,-0.9927,0.9927,-0.0104
68.50000,0.4669,0.5472,-0.5472,-0.0486
68.53125,1.6378,1.8121,-1.8121,-0.0611
68.56250,1.9871,2.1648,-2.1648,-0.0415
68.59375,1.3345,1.4217,-1.4217,-0.0007
68.62500,0.0055,-0.0480,0.0480,0.0420
68.65625,-1.3283,-1.4993,1.4993,0.0638
68.68750,-1.9870,-2.1924,2.1924,0.0545
68.71875,-1.6306,-1.7658,1.7658,0.0186
68.75000,-0.4371,-0.4320,0.4320,-0.0252
68.78125,0.9831,1.1267,-1.1267,-0.0550
68.81250,1.8976,2.1043,-2.1043,-0.0543
68.84375,1.8299,1.9902,-1.9902,-0.0242
68.87500,0.8105,0.8336,-0.8336,0.0196
68.90625,-0.6333,-0.7684,0.7684,0.0555
68.93750,-1.7475,-1.9764,1.9764,0.0643
68.96875,-1.9455,-2.1542,2.1542,0.0411
69.00000,-1.1184,-1.2006,1.2006,-0.0008
69.03125,0.3012,0.3900,-0.3900,-0.0396
69.06250,1.5630,1.7753,-1.7753,-0.0542
69.09375,1.9946,2.2139,-2.2139,-0.0372
69.12500,1.3616,1.4622,-1.4622,0.0030
69.15625,-0.0018,-0.0852,0.0852,0.0441
69.18750,-1.3662,-1.6022,1.6022,0.0657
69.21875,-1.9956,-2.2681,2.2681,0.0541
69.25000,-1.5460,-1.7185,1.7185,0.0170
69.28125,-0.2565,-0.2378,0.2378,-0.0270
69.31250,1.1745,1.3748,-1.3748,-0.0548
69.34375,1.9656,2.2409,-2.2409,-0.0506
69.37500,1.6803,1.8818,-1.8818,-0.0186
69.40625,0.4704,0.4820,-0.4820,0.0238
69.43750,-1.0007,-1.1933,1.1933,0.0511
69.46875,-1.9199,-2.2174,2.2174,0.0491
69.50000,-1.7740,-2.0111,2.0111,0.0158
69.53125,-0.6396,-0.6795,0.6795,-0.0296
69.56250,0.8539,1.0488,-1.0488,-0.0639
69.59375,1.8705,2.2111,-2.2111,-0.0685
69.62500,1.8363,2.1535,-2.1535,-0.0412
69.65625,0.7657,0.8998,-0.8998,0.0014
69.68750,-0.7398,-0.8534,0.8534,0.0374
69.71875,-1.8272,-2.1160,2.1160,0.0442
69.75000,-1.8749,-2.1731,2.1731,0.0196
69.78125,-0.8510,-0.9793,0.9793,-0.0231
69.81250,0.6622,0.7950,-0.7950,-0.0591
69.84375,1.7965,2.1392,-2.1392,-0.0685
69.87500,1.8956,2.2782,-2.2782,-0.0452
69.90625,0.8976,1.1244,-1.1244,-0.0024
69.93750,-0.6230,-0.6662,0.6662,0.0343
69.96875,-1.7826,-2.0649,2.0649,0.0457
70.00000,0.0000,-0.3543,0.3543,0.0505
70.03125,0.0000,-0.2197,0.2197,0.0330
70.06250,0.0000,-0.0273,0.0273,0.0175
70.09375,0.0000,0.1289,-0.1289,0.0041
70.12500,0.0000,0.1835,-0.1835,-0.0047
70.15625,0.0000,0.1341,-0.1341,-0.0088
70.18750,0.0000,0.0203,-0.0203,-0.0092
70.21875,0.0000,-0.1005,0.1005,-0.0073
70.25000,0.0000,-0.1688,0.1688,-0.0060
70.28125,0.0000,-0.1468,0.1468,-0.0070
70.31250,0.0000,-0.0383,0.0383,-0.0084
70.34375,0.0000,0.1053,-0.1053,-0.0108
70.37500,0.0000,0.2043,-0.2043,-0.0120
70.40625,0.0000,0.2072,-0.2072,-0.0097
70.43750,0.0000,0.1151,-0.1151,-0.0059
70.46875,0.0000,-0.0282,0.0282,-0.0002
70.50000,0.0000,-0.1506,0.1506,0.0040
70.53125,0.0000,-0.1958,0.1958,0.0062
70.56250,0.0000,-0.1417,0.1417,0.0041
70.59375,0.0000,-0.0178,0.0178,0.0008
70.62500,0.0000,0.1167,-0.1167,-0.0032
70.65625,0.0000,0.1914,-0.1914,-0.0052
70.68750,0.0000,0.1687,-0.1687,-0.0043
70.71875,0.0000,0.0605,-0.0605,-0.0032
70.75000,0.0000,-0.0776,0.0776,-0.0000
70.78125,0.0000,-0.1698,0.1698,0.0010
70.81250,0.0000,-0.1750,0.1750,-0.0001
70.84375,0.0000,-0.0903,0.0903,-0.0041
70.87500,0.0000,0.0436,-0.0436,-0.0093
70.90625,0.0000,0.1638,-0.1638,-0.0136
70.93750,0.0000,0.2110,-0.2110,-0.0159
70.96875,0.0000,0.1611,-0.1611,-0.0139
71.00000,3.0000,3.0416,-3.0416,0.0297
71.03125,3.0000,2.9106,-2.9106,0.0905
71.06250,3.0000,2.7174,-2.7174,0.1858
71.09375,3.0000,2.5201,-2.5201,0.3012
71.12500,3.0000,2.3439,-2.3439,0.4246
71.15625,3.0000,2.1784,-2.1784,0.5517
71.18750,3.0000,1.9871,-1.9871,0.6759
71.21875,3.0000,1.7215,-1.7215,0.7972
71.25000,3.0000,1.3766,-1.3766,0.9104
71.28125,3.0000,0.9926,-0.9926,1.0122
71.31250,3.0000,0.6457,-0.6457,1.1021
71.34375,3.0000,0.4032,-0.4032,1.1758
71.37500,3.0000,0.2796,-0.2796,1.2364
71.40625,3.0000,0.2511,-0.2511,1.2824
71.43750,3.0000,0.2572,-0.2572,1.3187
71.46875,3.0000,0.2417,-0.2417,1.3474
71.50000,3.0000,0.1635,-0.1635,1.3704
71.53125,3.0000,0.0212,-0.0212,1.3887
71.56250,3.0000,-0.1418,0.1418,1.4022
71.59375,3.0000,-0.2629,0.2629,1.4103
71.62500,3.0000,-0.2951,0.2951,1.4116
71.65625,3.0000,-0.2326,0.2326,1.4082
71.68750,3.0000,-0.1094,0.1094,1.4016
71.71875,3.0000,0.0112,-0.0112,1.3920
71.75000,3.0000,0.0698,-0.0698,1.3848
71.78125,3.0000,0.0486,-0.0486,1.3789
71.81250,3.0000,-0.0400,0.0400,1.3750
71.84375,3.0000,-0.1445,0.1445,1.3722
71.87500,3.0000,-0.2045,0.2045,1.3682
71.90625,3.0000,-0.1838,0.1838,1.3622
71.93750,3.0000,-0.0852,0.0852,1.3551
71.96875,3.0000,0.0477,-0.0477,1.3472
72.00000,3.0000,0.1518,-0.1518,1.3408
72.03125,3.0000,0.1813,-0.1813,1.3365
72.06250,3.0000,0.1264,-0.1264,1.3353
72.09375,3.0000,0.0205,-0.0205,1.3363
72.12500,3.0000,-0.0808,0.0808,1.3386
72.15625,3.0000,-0.1262,0.1262,1.3401
72.18750,3.0000,-0.0928,0.0928,1.3401
72.21875,3.0000,0.0040,-0.0040,1.3391
72.25000,3.0000,0.1159,-0.1159,1.3384
72.28125,3.0000,0.1845,-0.1845,1.3380
72.31250,3.0000,0.1721,-0.1721,1.3398
72.34375,3.0000,0.0863,-0.0863,1.3436
72.37500,3.0000,-0.0310,0.0310,1.3474
72.40625,3.0000,-0.1247,0.1247,1.3522
72.43750,3.0000,-0.1480,0.1480,1.3539
72.46875,3.0000,-0.0955,0.0955,1.3534
72.50000,3.0000,0.0085,-0.0085,1.3509
72.53125,3.0000,0.1117,-0.1117,1.3488
72.56250,3.0000,0.1616,-0.1616,1.3479
72.59375,3.0000,0.1291,-0.1291,1.3491
72.62500,3.0000,0.0311,-0.0311,1.3532
72.65625,3.0000,-0.0817,0.0817,1.3563
72.68750,3.0000,-0.1558,0.1558,1.3591
72.71875,3.0000,-0.1518,0.1518,1.3586
72.75000,3.0000,-0.0751,0.0751,1.3566
72.78125,3.0000,0.0371,-0.0371,1.3532
72.81250,3.0000,0.1267,-0.1267,1.3501
72.84375,3.0000,0.1499,-0.1499,1.3501
72.87500,3.0000,0.0969,-0.0969,1.3512
72.90625,3.0000,-0.0087,0.0087,1.3557
72.93750,3.0000,-0.1107,0.1107,1.3591
72.96875,3.0000,-0.1626,0.1626,1.3621
73.00000,3.0000,-0.1365,0.1365,1.3617
73.03125,3.0000,-0.0484,0.0484,1.3606
73.06250,3.0000,0.0588,-0.0588,1.3592
73.09375,3.0000,0.1267,-0.1267,1.3585
73.12500,3.0000,0.1188,-0.1188,1.3600
73.15625,3.0000,0.0411,-0.0411,1.3620
73.18750,3.0000,-0.0681,0.0681,1.3634
73.21875,3.0000,-0.1526,0.1526,1.3634
73.25000,3.0000,-0.1686,0.1686,1.3623
73.28125,3.0000,-0.1085,0.1085,1.3582
73.31250,3.0000,-0.0053,0.0053,1.3540
73.34375,3.0000,0.0956,-0.0956,1.3508
73.37500,3.0000,0.1457,-0.1457,1.3491
73.40625,3.0000,0.1191,-0.1191,1.3508
73.43750,3.0000,0.0308,-0.0308,1.3540
73.46875,3.0000,-0.0760,0.0760,1.3574
73.50000,3.0000,-0.1468,0.1468,1.3606
73.53125,3.0000,-0.1454,0.1454,1.3610
73.56250,3.0000,-0.0774,0.0774,1.3592
73.59375,3.0000,0.0235,-0.0235,1.3566
73.62500,3.0000,0.1078,-0.1078,1.3535
73.65625,3.0000,0.1319,-0.1319,1.3526
73.68750,3.0000,0.0856,-0.0856,1.3525
73.71875,3.0000,-0.0091,0.0091,1.3550
73.75000,3.0000,-0.1010,0.1010,1.3568
73.78125,3.0000,-0.1467,0.1467,1.3574
73.81250,3.0000,-0.1212,0.1212,1.3573
73.84375,3.0000,-0.0362,0.0362,1.3547
73.87500,3.0000,0.0621,-0.0621,1.3520
73.90625,3.0000,0.1275,-0.1275,1.3510
73.93750,3.0000,0.1278,-0.1278,1.3511
73.96875,3.0000,0.0600,-0.0600,1.3536
74.00000,3.0000,-0.0401,0.0401,1.3559
74.03125,3.0000,-0.1229,0.1229,1.3577
74.06250,3.0000,-0.1450,0.1450,1.3581
74.09375,3.0000,-0.0963,0.0963,1.3572
74.12500,3.0000,-0.0039,0.0039,1.3555
74.15625,3.0000,0.0847,-0.0847,1.3548
74.18750,3.0000,0.1264,-0.1264,1.3545
74.21875,3.0000,0.0986,-0.0986,1.3571
74.25000,3.0000,0.0173,-0.0173,1.3604
74.28125,3.0000,-0.0817,0.0817,1.3647
74.31250,3.0000,-0.1493,0.1493,1.3667
74.34375,3.0000,-0.1539,0.1539,1.3672
74.37500,3.0000,-0.0908,0.0908,1.3643
74.40625,3.0000,0.0052,-0.0052,1.3610
74.43750,3.0000,0.0881,-0.0881,1.3575
74.46875,3.0000,0.1144,-0.1144,1.3555
74.50000,3.0000,0.0736,-0.0736,1.3566
74.53125,3.0000,-0.0114,0.0114,1.3581
74.56250,3.0000,-0.1000,0.1000,1.3597
74.59375,3.0000,-0.1445,0.1445,1.3598
74.62500,3.0000,-0.1210,0.1210,1.3580
74.65625,3.0000,-0.0409,0.0409,1.3537
74.68750,3.0000,0.0552,-0.0552,1.3495
74.71875,3.0000,0.1233,-0.1233,1.3462
74.75000,3.0000,0.1296,-0.1296,1.3442
74.78125,3.0000,0.0724,-0.0724,1.3458
74.81250,3.0000,-0.0154,0.0154,1.3476
74.84375,3.0000,-0.0926,0.0926,1.3503
74.87500,3.0000,-0.1175,0.1175,1.3508
74.90625,3.0000,-0.0788,0.0788,1.3499
74.93750,3.0000,0.0058,-0.0058,1.3477
74.96875,3.0000,0.0926,-0.0926,1.3446
75.00000,3.0000,0.1369,-0.1369,1.3439
75.03125,3.0000,0.1195,-0.1195,1.3442
75.06250,3.0000,0.0461,-0.0461,1.3468
75.09375,3.0000,-0.0444,0.0444,1.3500
75.12500,3.0000,-0.1077,0.1077,1.3530
75.15625,3.0000,-0.1131,0.1131,1.3530
75.18750,3.0000,-0.0598,0.0598,1.3526
75.21875,3.0000,0.0287,-0.0287,1.3493
75.25000,3.0000,0.1029,-0.1029,1.3462
75.28125,3.0000,0.1294,-0.1294,1.3441
75.31250,3.0000,0.0961,-0.0961,1.3437
75.34375,3.0000,0.0198,-0.0198,1.3444
75.37500,3.0000,-0.0608,0.0608,1.3458
75.40625,3.0000,-0.1029,0.1029,1.3473
75.43750,3.0000,-0.0846,0.0846,1.3465
75.46875,3.0000,-0.0171,0.0171,1.3456
75.50000,3.0000,0.0686,-0.0686,1.3433
75.53125,3.0000,0.1272,-0.1272,1.3430
75.56250,3.0000,0.1314,-0.1314,1.3437
75.59375,3.0000,0.0749,-0.0749,1.3464
75.62500,3.0000,-0.0127,0.0127,1.3506
75.65625,3.0000,-0.0887,0.0887,1.3540
75.68750,3.0000,-0.1181,0.1181,1.3548
75.71875,3.0000,-0.0866,0.0866,1.3534
75.75000,3.0000,-0.0077,0.0077,1.3497
75.78125,3.0000,0.0779,-0.0779,1.3460
75.81250,3.0000,0.1271,-0.1271,1.3443
75.84375,3.0000,0.1150,-0.1150,1.3444
75.87500,3.0000,0.0477,-0.0477,1.3469
75.90625,3.0000,-0.0383,0.0383,1.3501
75.93750,3.0000,-0.0998,0.0998,1.3539
75.96875,3.0000,-0.1071,0.1071,1.3558
76.00000,3.0000,-0.0614,0.0614,1.3569
76.03125,3.0000,0.0142,-0.0142,1.3565
76.06250,3.0000,0.0794,-0.0794,1.3566
76.09375,3.0000,0.1015,-0.1015,1.3568
76.12500,3.0000,0.0653,-0.0653,1.3590
76.15625,3.0000,-0.0108,0.0108,1.3605
76.18750,3.0000,-0.0912,0.0912,1.3626
76.21875,3.0000,-0.1325,0.1325,1.3631
76.25000,3.0000,-0.1167,0.1167,1.3612
76.28125,3.0000,-0.0519,0.0519,1.3582
76.31250,3.0000,0.0326,-0.0326,1.3551
76.34375,3.0000,0.0943,-0.0943,1.3528
76.37500,3.0000,0.1022,-0.1022,1.3520
76.40625,3.0000,0.0537,-0.0537,1.3527
76.43750,3.0000,-0.0240,0.0240,1.3551
76.46875,3.0000,-0.0909,0.0909,1.3569
76.50000,3.0000,-0.1165,0.1165,1.3575
76.53125,3.0000,-0.0869,0.0869,1.3573
76.56250,3.0000,-0.0154,0.0154,1.3547
76.59375,3.0000,0.0592,-0.0592,1.3528
76.62500,3.0000,0.1030,-0.1030,1.3514
76.65625,3.0000,0.0917,-0.0917,1.3511
76.68750,3.0000,0.0317,-0.0317,1.3513
76.71875,3.0000,-0.0449,0.0449,1.3528
76.75000,3.0000,-0.0967,0.0967,1.3544
76.78125,3.0000,-0.1008,0.1008,1.3541
76.81250,3.0000,-0.0575,0.0575,1.3540
76.84375,3.0000,0.0159,-0.0159,1.3522
76.87500,3.0000,0.0802,-0.0802,1.3507
76.90625,3.0000,0.1050,-0.1050,1.3516
76.93750,3.0000,0.0770,-0.0770,1.3526
76.96875,3.0000,0.0049,-0.0049,1.3546
77.00000,3.0000,-0.0707,0.0707,1.3565
77.03125,3.0000,-0.1109,0.1109,1.3568
77.06250,3.0000,-0.0974,0.0974,1.3564
77.09375,3.0000,-0.0378,0.0378,1.3533
77.12500,3.0000,0.0363,-0.0363,1.3504
77.15625,3.0000,0.0937,-0.0937,1.3472
77.18750,3.0000,0.1051,-0.1051,1.3454
77.21875,3.0000,0.0670,-0.0670,1.3457
77.25000,3.0000,-0.0010,0.0010,1.3469
77.28125,3.0000,-0.0652,0.0652,1.3486
77.31250,3.0000,-0.0910,0.0910,1.3494
77.34375,3.0000,-0.0648,0.0648,1.3485
77.37500,3.0000,-0.0000,0.0000,1.3460
77.40625,3.0000,0.0716,-0.0716,1.3420
77.43750,3.0000,0.1151,-0.1151,1.3396
77.46875,3.0000,0.1124,-0.1124,1.3376
77.50000,3.0000,0.0628,-0.0628,1.3383
77.53125,3.0000,-0.0054,0.0054,1.3390
77.56250,3.0000,-0.0590,0.0590,1.3397
77.59375,3.0000,-0.0667,0.0667,1.3395
77.62500,3.0000,-0.0238,0.0238,1.3390
77.65625,3.0000,0.0469,-0.0469,1.3373
77.68750,3.0000,0.1073,-0.1073,1.3372
77.71875,3.0000,0.1299,-0.1299,1.3381
77.75000,3.0000,0.1013,-0.1013,1.3397
77.78125,3.0000,0.0349,-0.0349,1.3424
77.81250,3.0000,-0.0349,0.0349,1.3454
77.84375,3.0000,-0.0758,0.0758,1.3468
77.87500,3.0000,-0.0703,0.0703,1.3468
77.90625,3.0000,-0.0201,0.0201,1.3466
77.93750,3.0000,0.0498,-0.0498,1.3454
77.96875,3.0000,0.0998,-0.0998,1.3454
78.00000,3.0000,0.1057,-0.1057,1.3469
78.03125,3.0000,0.0634,-0.0634,1.3489
78.06250,3.0000,-0.0074,0.0074,1.3527
78.09375,3.0000,-0.0700,0.0700,1.3554
78.12500,3.0000,-0.0984,0.0984,1.3565
78.15625,3.0000,-0.0784,0.0784,1.3551
78.18750,3.0000,-0.0190,0.0190,1.3520
78.21875,3.0000,0.0514,-0.0514,1.3479
78.25000,3.0000,0.0971,-0.0971,1.3451
78.28125,3.0000,0.0965,-0.0965,1.3444
78.31250,3.0000,0.0499,-0.0499,1.3449
78.34375,3.0000,-0.0177,0.0177,1.3469
78.37500,3.0000,-0.0687,0.0687,1.3486
78.40625,3.0000,-0.0787,0.0787,1.3494
78.43750,3.0000,-0.0434,0.0434,1.3493
78.46875,3.0000,0.0189,-0.0189,1.3488
78.50000,3.0000,0.0760,-0.0760,1.3496
78.53125,3.0000,0.0977,-0.0977,1.3506
78.56250,3.0000,0.0694,-0.0694,1.3546
78.59375,3.0000,0.0069,-0.0069,1.3581
78.62500,3.0000,-0.0644,0.0644,1.3617
78.65625,3.0000,-0.1077,0.1077,1.3646
78.68750,3.0000,-0.1039,0.1039,1.3647
78.71875,3.0000,-0.0595,0.0595,1.3636
78.75000,3.0000,0.0047,-0.0047,1.3612
78.78125,3.0000,0.0559,-0.0559,1.3588
78.81250,3.0000,0.0685,-0.0685,1.3576
78.84375,3.0000,0.0370,-0.0370,1.3574
78.87500,3.0000,-0.0224,0.0224,1.3577
78.90625,3.0000,-0.0782,0.0782,1.3576
78.93750,3.0000,-0.0999,0.0999,1.3561
78.96875,3.0000,-0.0748,0.0748,1.3532
79.00000,3.0000,-0.0138,0.0138,1.3499
79.03125,3.0000,0.0538,-0.0538,1.3468
79.06250,3.0000,0.0951,-0.0951,1.3443
79.09375,3.0000,0.0913,-0.0913,1.3444
79.12500,3.0000,0.0485,-0.0485,1.3449
79.15625,3.0000,-0.0137,0.0137,1.3469
79.18750,3.0000,-0.0615,0.0615,1.3486
79.21875,3.0000,-0.0728,0.0728,1.3503
79.25000,3.0000,-0.0418,0.0418,1.3505
79.28125,3.0000,0.0134,-0.0134,1.3499
79.31250,3.0000,0.0657,-0.0657,1.3484
79.34375,3.0000,0.0885,-0.0885,1.3487
79.37500,3.0000,0.0717,-0.0717,1.3489
79.40625,3.0000,0.0185,-0.0185,1.3507
79.43750,3.0000,-0.0418,0.0418,1.3522
79.46875,3.0000,-0.0798,0.0798,1.3529
79.50000,3.0000,-0.0756,0.0756,1.3519
79.53125,3.0000,-0.0313,0.0313,1.3477
79.56250,3.0000,0.0320,-0.0320,1.3447
79.59375,3.0000,0.0882,-0.0882,1.3397
79.62500,3.0000,0.1045,-0.1045,1.3384
79.65625,3.0000,0.0802,-0.0802,1.3375
79.68750,3.0000,0.0249,-0.0249,1.3395
79.71875,3.0000,-0.0284,0.0284,1.3409
79.75000,3.0000,-0.0553,0.0553,1.3429
79.78125,3.0000,-0.0396,0.0396,1.3434
79.81250,3.0000,0.0077,-0.0077,1.3422
79.84375,3.0000,0.0630,-0.0630,1.3405
79.87500,3.0000,0.1004,-0.1004,1.3384
79.90625,3.0000,0.1005,-0.1005,1.3374
79.93750,3.0000,0.0636,-0.0636,1.3374
79.96875,3.0000,0.0082,-0.0082,1.3378
